tree
version=v4
num_class=1
num_tree_per_iteration=1
label_index=0
max_feature_idx=21
objective=binary sigmoid:1
feature_names=city_tier order_hour log_order_value num_items discount_pct is_cod is_night_order is_high_discount is_first_order customer_prior_orders customer_prior_rto customer_prior_rto_rate address_len address_has_landmark address_has_house_no pincode_hist_orders pincode_hist_rto_rate cod_x_log_value category courier state payment_mode
feature_infos=[1:3] [0:23] [4.1467788720705219:9.9013472637512656] [1:4] [0.059999999999999998:70] [0:1] [0:1] [0:1] [0:1] [0:4484] [0:651] [-1:1] [15:53] [0:1] [0:1] [0:4493] [0.051112554112554116:0.47911428571428571] [0:9.9013472637512656] -1:2:0:1:4:3 -1:1:4:2:0:3 -1:5:8:3:4:6:1:7:2:9:0 -1:0:1
tree_sizes=3368 3429 3449 3459 3472 3475 3481 3449 3469 3490 3478 3464 3483 3480 3475 3490 3453 3485 3471 3494 3432 3453 3432 3510 3468 3441 3458 3455 3471 3408 3474 3451 3451 3439 3439 3475 3485 3456 3489 3427 3463 3418 3432 3458 3417 3414 3445 3508 3429 3464 3518 3440 3492 3440 3457 3453 3439 3426 3437 3461 3412 3453 3484 3466 3402 3458 3428 3468 3437 3470 3452 3432 3435 3456 3493 3462 3428 3452 3414 3450 3423 3484 3460 3426 3456 3429 3440 3427 3458 3466 3485 3439 3475 3433 3418 3470 3410 3460 3459 3481 3434 3483 3448 3462 3479 3397 3438 3476 3446 3447 3483 3457 3431

Tree=0
num_leaves=31
num_cat=4
split_feature=5 11 8 18 18 6 0 6 16 16 12 16 16 12 10 11 11 12 16 10 16 6 18 16 16 12 11 15 6 18
split_gain=4170.79 688.957 507.973 141.518 131.848 102.5 100.533 75.4391 78.8646 72.7987 52.8692 42.0144 32.4408 27.7379 27.0311 26.1523 26.092 25.9782 25.8995 25.1847 23.3265 21.485 20.529 22.9912 18.8408 21.6947 18.6573 17.9095 17.4021 17.5266
threshold=1.0000000180025095e-35 0.25904139433551204 1.0000000180025095e-35 0 1 1.0000000180025095e-35 1.5000000000000002 1.0000000180025095e-35 0.27854736394557827 0.13877384842826021 42.500000000000007 0.3047499018838305 0.14384699326781089 23.500000000000004 2.5000000000000004 0.14179686707252301 0.14179686707252301 25.500000000000004 0.25502969072164955 1.5000000000000002 0.20447742733457022 1.0000000180025095e-35 2 0.1775498689906585 0.27384781524903112 19.500000000000004 0.14904088233015728 6.5000000000000009 1.0000000180025095e-35 3
decision_type=2 2 2 1 1 2 2 2 2 2 2 2 2 2 2 2 2 2 2 2 2 2 1 2 2 2 2 2 2 1
left_child=18 2 3 5 7 9 17 8 -3 -2 13 -6 -7 -8 -13 20 24 -4 -1 -10 -5 -19 23 -12 25 -11 27 -14 29 -15
right_child=1 4 6 15 11 12 10 -9 19 16 22 14 26 28 -16 -17 -18 21 -20 -21 -22 -23 -24 -25 -26 -27 -28 -29 -30 -31
leaf_value=-1.5137213750317062 -1.4798785597449302 -1.4118741227743798 -1.4104388595080835 -1.4861678949377533 -1.4390908092548182 -1.4532344753105857 -1.3736192250337755 -1.3599500111916754 -1.4078737134382551 -1.4117040786652251 -1.4392854980016365 -1.4449502066625561 -1.3963993406566018 -1.4502147206470197 -1.3772748974675502 -1.4634727578035229 -1.4428148123640516 -1.4603662654367895 -1.4979656834574941 -1.35933795386036 -1.4646500669442528 -1.426786757055887 -1.4454680165795781 -1.4088453674830803 -1.4290151149268029 -1.4623269048227254 -1.3989076507505207 -1.4359926129899698 -1.3882347837585995 -1.4087190592976446
leaf_weight=2922.5047455430031 325.65313871204853 416.54370617866516 40.040568247437477 563.30837458372116 322.60822857916355 110.83472883701324 69.271705523133278 151.48427911102772 39.58383172750473 20.857634410262108 89.52035790681839 21.771107450127602 34.559730008244514 62.420657724142075 50.849999219179153 283.48113337159157 399.33996392786503 222.43068520724773 295.20403738319874 124.6890699416399 161.83697356283665 59.832484111189842 176.90927872061729 226.08457736670971 49.175298646092415 683.43007932603359 71.403142616152763 171.88517700135708 86.170956760644913 254.24999609589577
leaf_count=19196 2139 2736 263 3700 2119 728 455 995 260 137 588 143 227 410 334 1862 2623 1461 1939 819 1063 393 1162 1485 323 4489 469 1129 566 1670
internal_value=-1.46741 -1.4401 -1.4495 -1.46119 -1.40545 -1.45309 -1.42341 -1.39264 -1.40005 -1.45903 -1.41533 -1.43209 -1.4302 -1.40332 -1.39698 -1.47625 -1.45314 -1.44767 -1.51229 -1.3706 -1.48137 -1.45313 -1.42695 -1.41889 -1.45863 -1.46075 -1.42109 -1.42905 -1.40865 -1.41443
internal_weight=8507.94 5290.23 4162.7 2875.77 1127.53 1867.14 1286.93 732.301 580.817 1478.46 964.628 395.229 388.683 472.113 72.6211 1008.63 1152.8 322.304 3217.71 164.273 725.145 282.263 492.514 315.605 753.463 704.288 277.848 206.445 402.842 316.671
internal_count=55883 34748 27342 18889 7406 12264 8453 4810 3815 9711 6336 2596 2553 3101 477 6625 7572 2117 21135 1079 4763 1854 3235 2073 4949 4626 1825 1356 2646 2080
cat_boundaries=0 1 2 3 4
cat_threshold=14 14 14 1
is_linear=0
shrinkage=1


Tree=1
num_leaves=31
num_cat=0
split_feature=5 11 8 11 0 2 2 1 1 2 1 0 2 1 9 1 12 2 2 9 0 15 4 2 2 12 2 0 2 11
split_gain=3869.2 554.427 374.33 183.546 95.7191 94.9983 73.1614 58.9344 48.9191 41.6292 41.2351 37.9135 42.4807 35.8468 31.694 31.6431 30.1251 29.2357 29.1063 26.7833 25.4055 22.9287 22.706 22.168 21.1174 21.1097 21.0078 20.4731 19.9476 18.1451
threshold=1.0000000180025095e-35 0.33549783549783557 1.0000000180025095e-35 0.14106280719971279 2.5000000000000004 6.5476745418058346 6.7628393274742749 4.5000000000000009 4.5000000000000009 6.9859331719499389 4.5000000000000009 1.5000000000000002 7.2280727263131066 4.5000000000000009 2.5000000000000004 5.5000000000000009 42.500000000000007 5.7907702401392633 6.8865112132604729 4.5000000000000009 2.5000000000000004 33.500000000000007 32.215000000000011 7.6752861072899048 5.9565754389096357 23.500000000000004 7.6947342737128386 1.5000000000000002 5.8601022272855703 0.29198717948717956
decision_type=2 2 2 2 2 2 2 2 2 2 2 2 2 2 2 2 2 2 2 2 2 2 2 2 2 2 2 2 2 2
left_child=29 2 3 7 8 15 13 22 -4 25 26 -9 19 -3 20 -5 -11 -15 -6 -13 -8 -19 24 -22 -2 -10 -7 -27 -29 -1
right_child=1 6 4 5 18 10 14 11 9 16 -12 12 -14 17 -16 -17 -18 21 -20 -21 23 -23 -24 -25 -26 27 -28 28 -30 -31
leaf_value=-0.045601851855669895 -0.02049225536657211 0.077087866997818999 0.053861647657583944 0.030420514643265201 0.047314161131738454 0.052232417797008157 0.043898396421225325 -0.014513330022174076 0.053911529779641414 0.060900869895842126 0.030927418326339346 0.0021388882833153306 0.019916986377637447 0.00472653935940524 0.092564914131944065 -5.8369881636231254e-05 0.022793344227348869 0.038691791915531348 0.071249303881934983 -0.017359359482662248 0.06778361653377199 0.070536233856394695 0.052316301552305815 0.12594447220051982 0.017189303648251497 -0.0036666659546464851 0.10615102786375966 -0.017479882743455025 0.026177957220093574 -0.034760719993249027
leaf_weight=2673.1623997688293 40.685854107141495 88.316610008478165 165.89546565711498 113.32705508172512 323.53565876185894 122.35883052647114 95.242516070604324 540.53837643563747 29.188319489359856 100.34461608529091 544.50500503182411 590.53458960354328 245.86377841234207 47.816886648535728 199.97295267879963 333.746483117342 110.20370304584503 233.15045009553432 223.54197244346142 249.8636686950922 92.935088291764259 77.306211605668068 40.313130035996437 21.647968858480453 353.95300653576851 152.71618919074535 21.936877056956291 29.65777413547039 187.88929355144501 472.70817375183105
leaf_count=18072 267 554 1055 728 2062 778 604 3568 183 641 3516 3879 1613 305 1251 2163 712 1483 1419 1648 589 485 262 137 2301 997 139 191 1202 3186
internal_value=5.15492e-05 0.0258187 0.0188221 0.0095615 0.0411808 0.0256911 0.0626865 0.000667147 0.0298221 0.0232069 0.0373284 -0.00370583 0.00168053 0.0484798 0.0780129 0.00771826 0.0411569 0.0412328 0.0572065 -0.00367199 0.0637709 0.0468223 0.0169939 0.0797664 0.0132625 0.0136664 0.0611037 0.0103571 0.0201734 -0.0439844
internal_weight=8522.86 5376.99 4520.6 3197.63 1322.97 1135.87 856.389 2061.75 775.895 610 688.801 1626.8 1086.26 446.59 409.799 447.074 210.548 358.274 547.078 840.398 209.826 310.457 434.952 114.583 394.639 399.452 144.296 370.263 217.547 3145.87
internal_count=55990 34732 29324 20862 8462 7324 5408 13538 4981 3926 4433 10708 7140 2827 2581 2891 1353 2273 3481 5527 1330 1968 2830 726 2568 2573 917 2390 1393 21258
is_linear=0
shrinkage=0.05


Tree=2
num_leaves=31
num_cat=0
split_feature=17 16 11 8 1 8 11 16 17 12 1 11 2 12 1 2 2 16 16 2 2 4 11 4 11 12 15 2 2 1
split_gain=3525.18 520.826 214.281 125.848 70.4202 68.2886 120.94 57.66 53.7078 51.9297 43.6166 42.8523 38.354 29.5115 28.7389 27.3398 25.3049 24.2239 23.9438 22.053 21.6837 21.2598 20.212 17.8755 17.8728 17.666 16.9398 16.4363 14.6086 14.2998
threshold=5.13111072468792 0.1775498689906585 0.33549783549783557 1.0000000180025095e-35 4.5000000000000009 1.0000000180025095e-35 0.11143790849673203 0.28371922145650963 6.5506588163949457 41.500000000000007 4.5000000000000009 0.20077519379844963 6.4189683422251091 33.500000000000007 4.5000000000000009 6.9859331719499389 6.6256509550632652 0.25600579491055686 0.27384781524903112 6.3273026541001816 7.9184230258600969 16.505000000000006 0.18780940594059409 35.985000000000007 0.28220211161387637 38.500000000000007 16.500000000000004 7.2280727263131066 5.7907702401392633 6.5000000000000009
decision_type=2 2 2 2 2 2 2 2 2 2 2 2 2 2 2 2 2 2 2 2 2 2 2 2 2 2 2 2 2 2
left_child=17 5 3 4 22 6 16 10 29 14 25 12 -6 -7 21 -11 -2 -1 -14 -16 23 -5 -3 28 -10 -4 -18 -24 -12 -8
right_child=1 2 7 9 11 13 8 -9 24 15 20 -13 18 -15 19 -17 26 -19 -20 -21 -22 -23 27 -25 -26 -27 -28 -29 -30 -31
leaf_value=-0.044309186082179264 -0.016034087099950283 0.031708271990249975 0.099826258988071945 0.060182908061824671 -0.0086118301752028843 0.038110176604825637 0.018979007129296045 0.07772127554175394 0.023895453848030379 0.023651193382733558 -0.0015473055452108067 0.029576545158206013 0.011511930503458971 0.012416851927280585 0.027671547754096845 0.049134544632743686 0.008463097301763263 -0.028672107410653513 0.043874191588374314 0.057335323752204861 0.086383897829283809 0.11040520508380734 0.046998140956543165 0.078240937893639853 0.049516719684031769 0.056540982344157303 -0.0079247024401579609 0.093221236366303639 0.038177560680415092 -0.0057001200648443776
leaf_weight=2797.7339746206999 519.49667952954769 187.83325093984604 50.800758302211761 57.885827228426933 238.14579683542252 199.12530428171158 80.485310301184654 290.45008556544781 364.27838967740536 303.54030092060566 24.832747489213943 329.79845599830151 471.78757983446121 256.51332734525204 87.895103439688683 163.69527354836464 265.31791147589684 279.79585188627243 64.310093149542809 247.14892655611038 25.130327418446541 38.547661125659943 81.999884217977524 26.043570160865784 84.569692626595497 54.537813767790794 385.64192575216293 26.852845847606659 324.46530443429947 208.90471936762333
leaf_count=19465 3438 1199 303 351 1562 1238 512 1736 2324 1906 159 2092 3072 1629 551 1016 1736 1920 413 1524 151 234 506 161 521 327 2539 161 2001 1358
internal_value=-0.000110628 0.0240094 0.0375018 0.0297378 0.0203445 0.00633489 0.00217826 0.0598572 0.0180127 0.0443394 0.049466 0.0145085 0.00806023 0.0237043 0.0568764 0.0326651 -0.00781577 -0.0428973 0.0154686 0.0496589 0.041743 0.0811855 0.0419398 0.0385326 0.0288222 0.0781583 -0.00124263 0.0591457 0.035357 0.00120537
internal_weight=8537.56 5460.03 3095.7 2299.44 1400.73 2364.33 1908.69 796.261 738.238 898.713 505.811 1104.04 774.243 455.639 431.478 467.236 1170.46 3077.53 536.098 335.044 400.472 96.4335 296.686 375.342 448.848 105.339 650.96 108.853 349.298 289.39
internal_count=56105 34720 19425 14587 9005 15295 12428 4838 4715 5582 3102 7139 5047 2867 2660 2922 7713 21385 3485 2075 2472 585 1866 2321 2845 630 4275 667 2160 1870
is_linear=0
shrinkage=0.05


Tree=3
num_leaves=31
num_cat=2
split_feature=17 16 18 11 11 18 1 16 2 5 11 1 1 1 2 12 12 16 11 11 16 12 4 1 4 11 2 2 11 4
split_gain=3263.1 458.484 183.016 111.103 94.8249 93.4532 61.661 48.9595 48.7165 42.0015 41.0619 39.6816 36.463 33.5976 27.4594 27.3942 26.09 24.2937 23.133 22.0413 20.0452 26.3689 19.5561 18.9735 18.9672 18.914 16.9108 16.8398 16.7714 16.6898
threshold=5.5019722061349379 0.1775498689906585 0 0.25137362637362642 -1.0000000180025095e-35 1 6.5000000000000009 0.12073906159574586 7.4149613600590216 1.0000000180025095e-35 0.3741666666666667 4.5000000000000009 4.5000000000000009 4.5000000000000009 7.2190305793742837 38.500000000000007 41.500000000000007 0.25502969072164955 -1.0000000180025095e-35 0.1306379520520114 0.3346596110286652 19.500000000000004 36.505000000000003 3.5000000000000004 23.145000000000003 -1.0000000180025095e-35 6.6702592213631275 6.5678180459672264 0.12191743801094522 6.705000000000001
decision_type=2 2 1 2 2 1 2 2 2 2 2 2 2 2 2 2 2 2 2 2 2 2 2 2 2 2 2 2 2 2
left_child=9 5 3 4 23 7 16 -2 15 17 12 -10 25 -6 20 24 27 -1 -7 -17 21 -8 28 -3 -9 -4 -15 -5 -20 -29
right_child=1 2 10 6 13 18 14 8 11 -11 -12 -13 -14 26 -16 19 -18 -19 22 -21 -22 -23 -24 -25 -26 -27 -28 29 -30 -31
leaf_value=-0.043412379195627383 -0.0056547757372490143 0.070372836514268081 0.055356169330009322 0.066367101452032826 0.044338317375517584 0.010081369705113266 0.096649644054156103 0.01741680798204822 0.074458561027762021 -0.012255907837872101 0.035977073895151881 0.026927404194078769 0.0071065349692956432 0.0072911906229481196 0.068719652639843934 -0.00055159035484067781 0.063015109361161004 -0.027759756714346658 -0.020318112027806139 0.019398708727460395 0.073848809953464004 0.03447237125012869 0.023131363421699466 0.046665077973760766 0.044015407111752336 0.019980908995546665 0.025066246681897442 0.062193745171579412 -0.0031068098907187673 0.12285404469254638
leaf_weight=2686.0490284860134 261.44319975376129 107.54230988025665 61.770006999373436 35.793001547455788 161.34262232482433 153.94988241791725 17.509957551956177 309.7845916301012 55.549368008971214 125.19176861643791 250.95231157541275 208.29478849470615 612.84559167921543 213.51371383666992 151.60942222177982 398.51707364618778 105.85927149653435 280.81878444552422 366.42091637849808 211.1010682284832 46.038378462195396 297.30310255289078 37.501890495419502 493.80989734828472 85.697418048977852 99.857140764594078 362.39956514537334 17.64539036154747 230.90768137574196 67.556087672710419
leaf_count=19250 1721 635 369 206 990 959 105 1965 343 810 1502 1321 3890 1386 887 2586 611 1965 2455 1324 263 1782 246 2979 544 627 2316 101 1480 384
internal_value=0.000239404 0.0236119 0.0361775 0.0447076 0.0362792 0.00678926 0.0605024 0.0139389 0.0180869 -0.0407432 0.0182519 0.0371779 0.0127048 0.0242072 0.0507014 0.0130434 0.082323 -0.0419407 -0.00716832 0.00637734 0.0429622 0.0382258 -0.0114735 0.0510146 0.023277 0.0337577 0.0185004 0.0985607 -0.0136811 0.111158
internal_weight=8514.58 5422.52 3103.35 2077.92 1338.61 2319.17 739.315 1530.39 1268.94 3092.06 1025.43 263.844 774.473 737.256 512.461 1005.1 226.854 2966.87 788.78 609.618 360.851 314.813 634.83 601.352 395.482 161.627 575.913 120.994 597.329 85.2015
internal_count=56002 33977 19033 12645 8306 14944 4339 9804 8083 22025 6388 1664 4886 4692 3037 6419 1302 21215 5140 3910 2150 1887 4181 3614 2509 996 3702 691 3935 485
cat_boundaries=0 1 2
cat_threshold=14 14
is_linear=0
shrinkage=0.05


Tree=4
num_leaves=31
num_cat=2
split_feature=17 16 18 11 18 8 11 11 10 11 8 5 0 1 1 16 17 16 8 15 1 16 1 16 1 0 2 2 7 1
split_gain=2914.73 439.192 171.954 104.798 77.7937 63.0839 55.6467 55.2849 48.7551 47.819 76.2073 42.2596 39.2173 38.7541 28.8191 27.3267 25.1684 24.8358 24.7817 22.9039 22.7299 24.1864 22.3949 22.3236 18.3615 15.7105 14.8174 13.4554 15.5152 13.2225
threshold=5.5019722061349379 0.1775498689906585 0 0.33549783549783557 1 1.0000000180025095e-35 0.18099343185550085 0.3741666666666667 1.5000000000000002 0.1306379520520114 1.0000000180025095e-35 1.0000000180025095e-35 2.5000000000000004 4.5000000000000009 5.5000000000000009 0.17300291496725859 6.5506588163949457 0.25830276110444178 1.0000000180025095e-35 6.5000000000000009 4.5000000000000009 0.2408872573419612 9.5000000000000018 0.12829714387992538 4.5000000000000009 1.5000000000000002 7.070826056039615 6.8865112132604729 1.0000000180025095e-35 4.5000000000000009
decision_type=2 2 1 2 1 2 2 2 2 2 2 2 2 2 2 2 2 2 2 2 2 2 2 2 2 2 2 2 2 2
left_child=11 4 3 5 9 6 20 13 22 10 19 15 29 -4 -10 -1 -11 -13 -15 -2 -3 -22 -5 -6 -8 -20 -24 -25 -29 -7
right_child=1 2 7 8 23 12 24 -9 14 16 -12 17 -14 18 -16 -17 -18 -19 25 -21 21 -23 26 27 -26 -27 -28 28 -30 -31
leaf_value=-0.04560357277493244 0.020912529998313084 0.036094212377316144 0.031694809672205802 0.060654313869344195 -0.023253452097475542 0.054513731859991393 0.064391523473749962 0.036625001295638913 0.098396239134765195 0.0069060319807667499 0.027141726938391005 -0.019936936799778766 0.060259469385864919 -0.0035967041157750918 0.063659375082297798 -0.03571541441276864 0.032745309430697415 0.044457092841002674 -0.01223810803371015 -0.0054308168022105538 0.0053697501128131403 0.030879427461917339 0.016620800204794992 -0.007854106865197762 0.03645619723471541 0.022519226379686487 0.050976514874136618 0.0032662514320282669 0.050692453656414074 0.029203069412422841
leaf_weight=1539.0361185222864 92.575135305523872 130.48346748948097 161.73278124630451 103.13681314885616 180.97428897023201 67.527554258704185 79.434995859861374 258.53331808745861 86.524373099207878 134.21897888183594 302.85497434437275 108.44670727849007 310.02836485207081 383.16256153583527 238.95325137674809 1336.8259717673063 320.50091195106506 16.387192994356155 38.133944064378738 697.32981231808662 334.672368735075 127.94109626114368 86.732965439558029 434.05248562991619 255.14751780033112 199.66580165922642 49.650807738304138 145.53487433493137 18.590202152729034 242.79018971323967
leaf_count=11361 593 788 977 577 1211 386 447 1516 467 847 1861 711 1789 2466 1341 9790 1952 102 240 4572 2146 809 510 2838 1550 1220 282 936 118 1449
internal_value=-0.000178577 0.0215084 0.0336614 0.0418492 0.00502495 0.035277 0.026971 0.0164616 0.0605018 0.0114682 0.00586193 -0.0397846 0.0476345 0.00997324 0.0731669 -0.0410211 0.0251503 -0.0111977 0.00427388 -0.0023209 0.0177242 0.0124761 0.0430589 -0.00781721 0.0432606 0.0169176 0.0294081 -0.00324654 0.00891261 0.0348683
internal_weight=8481.58 5480.88 3154.25 2113.02 2326.63 1548.03 927.679 1041.23 564.998 1547.48 1092.76 3000.7 620.346 782.695 325.478 2875.86 454.72 124.834 620.962 789.905 593.097 462.613 239.521 779.152 334.583 237.8 136.384 598.178 164.125 310.318
internal_count=55852 33888 18960 12541 14928 9364 5740 6419 3177 9825 7026 21964 3624 4903 1808 21151 2799 813 3926 5165 3743 2955 1369 5103 1997 1460 792 3892 1054 1835
cat_boundaries=0 1 2
cat_threshold=14 14
is_linear=0
shrinkage=0.05


Tree=5
num_leaves=31
num_cat=2
split_feature=17 16 18 11 18 8 16 1 8 1 16 11 0 8 16 17 11 8 11 0 17 13 1 8 1 11 16 1 2 2
split_gain=2763.13 329.077 133.557 87.6268 84.8857 74.2213 48.9346 40.1783 32.8973 32.3057 32.2711 30.8833 26.598 26.4793 25.7388 25.7128 20.2388 19.1226 19.065 18.0848 17.6685 16.9357 16.4757 17.3124 16.4122 15.6076 15.2655 15.2438 14.8242 13.5082
threshold=5.13111072468792 0.1775498689906585 0 0.25904139433551204 1 1.0000000180025095e-35 0.13877384842826021 5.5000000000000009 1.0000000180025095e-35 4.5000000000000009 0.27854736394557827 0.3741666666666667 2.5000000000000004 1.0000000180025095e-35 0.25732231559290392 6.6985207965070162 0.25904139433551204 1.0000000180025095e-35 0.12005586592178773 2.5000000000000004 6.4406993008540301 1.0000000180025095e-35 8.5000000000000018 1.0000000180025095e-35 4.5000000000000009 0.12191743801094522 0.25600579491055686 3.5000000000000004 7.2386979699886451 7.2681149260506119
decision_type=2 2 1 2 1 2 2 2 2 2 2 2 2 2 2 2 2 2 2 2 2 2 2 2 2 2 2 2 2 2
left_child=14 4 3 5 6 9 8 -5 27 -3 -9 13 -7 -4 -1 -8 22 18 -6 -19 -11 28 23 25 -16 -17 -13 -2 -15 -12
right_child=1 2 11 7 17 12 15 10 -10 20 29 26 -14 21 24 16 -18 19 -20 -21 -22 -23 -24 -25 -26 -27 -28 -29 -30 -31
leaf_value=-0.041755140682103176 0.014906702680475651 0.039213313073948791 0.0038031564362590803 0.07078294769863773 -0.017636164371807466 0.032533873712221412 0.0094749286474894289 0.03603957590867795 0.029079770872339872 -0.00092483744934673026 0.052583176196806095 0.017812373449599697 0.053118175567515094 0.028404622511757478 0.00021902225971500973 0.01149074837089006 0.057521800920527701 -0.0016708475117908853 -7.6491324374526097e-05 0.036187227841882851 0.01918047470083022 0.012375187238058784 0.01635123624566644 0.059937793141124754 -0.031289220251571541 0.041369620285951182 0.041387641869883585 -0.0094743257938917358 0.075334055211942294 0.08397664528546224
leaf_weight=2566.9816646426916 77.086195081472397 166.6308091878891 496.69856457412243 201.27879276871681 398.29909187555313 320.39781904220581 420.91437372565269 384.61067974567413 82.717525616288185 144.2108701467514 138.12412062287331 132.94624526798725 322.71810837090015 114.71468017995358 51.615925401449203 91.23499758541584 45.024059236049652 118.41819868981838 252.22745670378208 41.960179030895233 448.91420012712479 186.53112597763538 371.22138369083405 48.431393757462502 206.10010434687138 84.842055588960648 146.99811410903931 358.58790838718414 19.483349427580833 51.436994537711143
leaf_count=19469 493 974 3170 1059 2718 1859 2656 2202 505 927 751 778 1804 681 376 575 259 742 1625 256 2805 1134 2308 287 1502 505 836 2380 112 272
internal_value=0.000153628 0.0202905 0.0305824 0.0377534 0.00618338 0.0304303 0.0128825 0.0514317 0.000368972 0.0198074 0.0445368 0.0158383 0.0429296 0.0110498 -0.040236 0.0191077 0.025411 -0.00694289 -0.0108384 0.00839691 0.0142988 0.0222257 0.0228918 0.0335859 -0.0250022 0.0260401 0.0302949 -0.0051362 0.0357248 0.0614977
internal_weight=8491.36 5666.66 3275.69 2178.32 2390.96 1402.87 1580.06 775.451 518.392 759.756 574.172 1097.37 643.116 817.428 2824.7 1061.67 640.754 810.905 650.527 160.378 593.125 320.729 595.73 224.508 257.716 176.077 279.944 435.674 134.198 189.561
internal_count=56020 34673 19364 12653 15309 8369 9968 4284 3378 4706 3225 6711 3663 5097 21347 6590 3934 5341 4343 998 3732 1927 3675 1367 1878 1080 1614 2873 793 1023
cat_boundaries=0 1 2
cat_threshold=14 14
is_linear=0
shrinkage=0.05


Tree=6
num_leaves=31
num_cat=2
split_feature=5 18 12 0 1 0 12 10 8 10 8 10 1 1 10 4 0 9 4 0 9 10 10 15 20 9 9 10 4 12
split_gain=2448.87 200.188 118.051 89.4054 50.4221 48.1712 44.3319 42.8424 42.3872 57.0865 27.544 25.8969 19.9934 19.0596 18.7433 16.4956 14.9872 14.8701 14.8262 14.7777 14.6319 30.8806 30.8326 24.2001 17.5582 13.7942 13.6218 19.8751 13.2457 12.968
threshold=1.0000000180025095e-35 0 21.500000000000004 1.5000000000000002 4.5000000000000009 1.5000000000000002 26.500000000000004 12.500000000000002 1.0000000180025095e-35 1.0000000180025095e-35 1.0000000180025095e-35 1.5000000000000002 4.5000000000000009 4.5000000000000009 1.0000000180025095e-35 29.705000000000002 2.5000000000000004 132.50000000000003 17.785000000000004 1.5000000000000002 11.500000000000002 3.5000000000000004 1.5000000000000002 46.500000000000007 1 139.50000000000003 2.5000000000000004 1.0000000180025095e-35 31.855000000000004 41.500000000000007
decision_type=2 1 2 2 2 2 2 2 2 2 2 2 2 2 2 2 2 2 2 2 2 2 2 2 1 2 2 2 2 2
left_child=19 2 18 7 16 11 -7 13 9 -6 14 12 -3 28 -8 -13 29 -18 -2 -1 22 -22 -11 -23 -25 -16 -15 -28 -4 -5
right_child=1 5 3 4 8 6 10 -9 -10 20 -12 15 -14 26 25 -17 17 -19 -20 -21 21 23 -24 24 -26 -27 27 -29 -30 -31
leaf_value=-0.042617725877756966 0.047872565943765523 0.0064339908292732938 0.013819238745765417 0.043713437350389593 0.0065201367135502217 0.031970167612996599 -0.0075298900130720331 0.028896747835508853 0.035550691018233181 0.022735435055628625 0.018886276085871918 0.0026195227447578604 -0.021641929267642392 0.006154335262287168 0.0099978536127355508 0.051508526133388854 0.050627562607478804 0.011027609652155103 0.073735526192516831 -0.035053732192481202 -0.0098101137897803736 0.050248725348848181 0.047314520406940973 0.038668023666223822 0.0058329312200922651 -0.01692582854962623 -0.02477351052940888 0.0036661859670305916 0.058114917727546803 0.019911822739947047
leaf_weight=1540.3917436748743 175.16188161075115 81.227311298251152 147.00140856206417 105.36557149887085 556.62948450446129 193.6987816542387 338.21644327044487 223.0755840241909 540.16101326048374 343.85980297625065 316.0603978484869 154.85709050297737 281.8838309943676 357.67017123103142 495.18682749569416 18.436128467321396 302.95221875607967 26.407384544610977 90.545541152358055 1192.7783209830523 73.808268845081329 76.474549606442451 205.81634061038494 54.065687194466591 144.72821940481663 51.711713850498199 110.30568736791611 136.61261196434498 18.28330260515213 130.88808414340019
leaf_count=12034 1006 515 871 592 3555 1177 2247 1351 3063 1990 1896 1001 1869 2237 3015 117 1667 154 515 9219 472 428 1132 306 886 337 736 847 106 753
internal_value=-0.000372954 0.0181451 0.0247543 0.0224032 0.0273403 0.00491345 0.00983398 0.00965384 0.0235827 0.0191194 0.00624072 -0.00778502 -0.015361 0.00404784 0.00170898 0.00808636 0.0405326 0.0474955 0.0569293 -0.0393308 0.0269067 0.0188057 0.0320078 0.0264862 0.0171392 0.00742585 -7.52041e-05 -0.00908735 0.0190391 0.0306665
internal_weight=8484.26 5751.09 3819.81 3554.11 2561.16 1931.28 1394.87 992.949 1995.54 1455.38 1201.18 536.404 363.111 769.873 885.115 173.293 565.613 329.36 265.707 2733.17 898.753 349.077 549.676 275.268 198.794 546.899 604.588 246.918 165.285 236.254
internal_count=56094 34841 22667 21146 14998 12174 8672 6148 11832 8769 7495 3502 2384 4797 5599 1118 3166 1821 1521 21253 5214 2092 3122 1620 1192 3352 3820 1583 977 1345
cat_boundaries=0 1 2
cat_threshold=14 21
is_linear=0
shrinkage=0.05


Tree=7
num_leaves=31
num_cat=4
split_feature=5 16 18 18 11 16 12 1 11 1 10 8 12 8 11 16 2 1 19 8 16 2 17 19 16 16 11 12 2 2
split_gain=2279.46 280.691 114.09 75.2128 73.5574 44.3457 40.2232 39.8483 39.7976 35.4829 29.415 24.717 24.5728 24.4663 36.3138 20.8427 18.415 16.1677 16.0367 15.9376 15.5984 16.4055 15.3493 14.8065 14.6646 14.5323 14.4282 14.2699 14.2118 14.0924
threshold=1.0000000180025095e-35 0.1775498689906585 0 1 0.33549783549783557 0.11876777003484322 21.500000000000004 4.5000000000000009 0.3741666666666667 4.5000000000000009 1.5000000000000002 1.0000000180025095e-35 39.500000000000007 1.0000000180025095e-35 0.18099343185550085 0.17233258896412623 7.5354541909458073 4.5000000000000009 2 1.0000000180025095e-35 0.12177500000000004 6.7692458019282249 7.7303241688883331 3 0.21282096382096385 0.27127519289221419 0.27223320158102771 23.500000000000004 7.2386979699886451 6.8139060314359963
decision_type=2 2 1 1 2 2 2 2 2 2 2 2 2 2 2 2 2 2 1 2 2 2 2 1 2 2 2 2 2 2
left_child=15 3 4 5 6 -2 24 16 9 11 22 -4 19 14 18 -1 -7 -17 28 -9 -5 -22 27 -14 -3 -10 -25 -6 -8 -12
right_child=1 2 8 20 10 7 13 12 25 -11 29 -13 23 -15 -16 17 -18 -19 -20 -21 21 -23 -24 26 -26 -27 -28 -29 -30 -31
leaf_value=-0.042806482112292689 -0.0086110678959675831 0.038542499125047126 0.01220171046305454 -0.02293121958806971 0.067973991160187819 0.024557246401397483 0.012972985337850865 0.013311734853653175 0.019625640857601798 0.0026019728831382766 0.04630350827429125 0.049782856735961042 0.010813768867907761 0.033313786225079876 0.033682273092847805 -0.022651127181569902 0.057351345922270362 -0.03675312630489587 0.0011720486136097947 0.035562159348376428 -0.010258146583966864 0.0064238194117064275 0.066791839703717826 -0.0074716412630039452 0.076436680154268258 0.042693409884582381 0.034699399738320029 0.025266458616968687 0.034143724299925592 0.06702788697040156
leaf_weight=1400.1944639384747 251.15180133283138 57.674055397510529 109.29928611218929 144.70024466514587 21.299120917916298 233.65365833044052 270.80601364374161 325.52881737053394 163.18146647512913 668.89970868825912 169.15799182653427 72.984714403748512 313.84099072217941 621.36649268865585 329.98425984382629 263.68624836206436 52.67803730070591 992.2389932051301 206.99668589234352 107.07380630075932 455.11830045282841 216.91606745123863 32.160467550158501 288.26226060092449 51.732150614261627 120.75559417903423 20.825351417064667 196.95290879905224 112.56190624833107 188.58550994098186
leaf_count=11296 1651 320 664 997 112 1390 1672 2028 938 4187 878 408 1965 3412 1862 2080 299 7857 1269 616 3013 1397 166 1811 283 662 120 1070 681 951
internal_value=-0.000211327 0.0173453 0.0266077 0.00429257 0.0331023 0.0105788 0.0277418 0.014253 0.0132555 0.00794673 0.0481299 0.0274383 0.00974777 0.0256306 0.0204129 -0.0385682 0.0307692 -0.0338127 0.0129515 0.0188883 -0.00799792 -0.00487208 0.0347325 0.0033799 0.0569906 0.0295515 -0.0043861 0.0297253 0.0187732 0.0573848
internal_weight=8460.27 5804.15 3394.4 2409.75 2259.28 1593.01 1651.12 1341.86 1135.12 851.184 608.156 182.284 1055.53 1541.72 920.349 2656.12 286.332 1255.93 590.365 432.603 816.735 672.034 250.412 622.929 109.406 283.937 309.088 218.252 383.368 357.744
internal_count=56055 34822 19535 15287 12676 9880 9499 8229 6859 5259 3177 1072 6540 8896 5484 21233 1689 9937 3622 2644 5407 4410 1348 3896 603 1600 1931 1182 2353 1829
cat_boundaries=0 1 2 3 4
cat_threshold=14 14 14 28
is_linear=0
shrinkage=0.05


Tree=8
num_leaves=31
num_cat=4
split_feature=17 16 11 8 18 11 5 10 0 11 8 12 17 18 11 12 2 19 12 8 12 4 16 1 16 8 11 1 19 12
split_gain=2102.63 258.996 83.9546 65.1318 48.6058 38.2404 34.583 33.2921 32.1302 30.3794 54.8063 23.1909 22.8143 22.3098 22.2134 21.1892 18.2888 17.7319 17.4829 17.0853 19.5581 17.3762 16.7199 16.0044 15.7625 15.6705 24.0621 14.9814 16.1128 14.6018
threshold=5.5019722061349379 0.1775498689906585 0.33549783549783557 1.0000000180025095e-35 0 0.18099343185550085 1.0000000180025095e-35 1.5000000000000002 2.5000000000000004 0.11432760787599498 1.0000000180025095e-35 29.500000000000004 7.7303241688883331 1 0.30798149219201859 23.500000000000004 7.0778271133115922 2 25.500000000000004 1.0000000180025095e-35 29.500000000000004 28.685000000000006 0.2611310245310246 4.5000000000000009 0.22099352433281008 1.0000000180025095e-35 0.14106280719971279 8.5000000000000018 3 38.500000000000007
decision_type=2 2 2 2 1 2 2 2 2 2 2 2 2 1 2 2 2 1 2 2 2 2 2 2 2 2 2 2 1 2
left_child=6 4 3 5 9 13 14 12 11 10 17 -5 15 24 19 -4 -7 -2 -12 -1 21 -21 -8 -13 -3 26 -6 28 -11 -19
right_child=1 2 7 8 25 16 22 -9 -10 27 18 23 -14 -15 -16 -17 -18 29 -20 20 -22 -23 -24 -25 -26 -27 -28 -29 -30 -31
leaf_value=-0.042514094038470472 -0.019971309945971301 0.0068171182655078783 0.060433822709294628 0.039269320189675737 -0.016825394685898529 0.018750695810162397 -0.018441305077878674 0.047024413084424788 0.039736274808418834 0.037192968173882478 0.050534184989096377 0.034990586132785481 0.065150674307646969 -0.0031581941817085111 -0.026617034585606922 0.018918752694235295 0.039032205641258803 0.0098533172404719812 0.017153577232460689 -0.022885175237643274 -0.037792825975393129 0.029864458132803751 0.032596435731970436 0.0091658689540127965 0.022933722609222558 0.0078289913465974421 0.0041731630906220061 0.012515131094596838 0.00053424365411620922 -0.005325793582627635
leaf_weight=1586.9659297838807 112.65192957222462 361.65797191858292 33.56877575814724 134.54902797937393 403.88106295466423 366.40567277371883 112.74313551187515 528.96832263469696 507.62485264241695 147.34620904922485 45.548912107944489 76.145028039813042 35.39261282980442 299.38837273418903 387.44608430564404 303.79850727319717 161.50895214080811 260.97129432857037 267.19638347625732 140.52377337962389 448.83301315456629 16.680184833705425 17.748631671071053 275.64591832458973 261.93383218348026 159.11079958081245 205.24551028013229 315.07399821281433 47.736422762274742 399.89693486690521
leaf_count=13115 730 2208 177 738 2808 2128 743 2715 2740 849 250 411 180 1932 3107 1658 899 1667 1570 1154 3689 137 104 1593 1575 983 1313 1893 278 2607
internal_value=-0.000269365 0.0169424 0.0258906 0.0210654 0.00427277 0.0142946 -0.0365229 0.0389353 0.0309245 0.00921102 0.00453389 0.0216645 0.0273612 0.00814094 -0.0377933 0.023216 0.0250176 -0.00261233 0.0221608 -0.0397548 -0.0324712 -0.0171348 -0.0113044 0.014839 0.0133981 -0.00602908 -0.00975468 0.0193218 0.0301952 0.000664106
internal_weight=8422.19 5711.25 3346.59 2444.86 2364.66 1450.89 2710.94 901.728 993.965 1596.42 1086.27 486.34 372.76 922.98 2580.45 337.367 527.915 773.52 312.745 2193 606.037 157.204 130.492 351.791 623.592 768.237 609.127 510.157 195.083 660.868
internal_count=55951 33902 18954 14224 14948 8742 22049 4730 5482 9844 6824 2742 2015 5715 21202 1835 3027 5004 1820 18095 4980 1291 847 2004 3783 5104 4121 3020 1127 4274
cat_boundaries=0 1 2 3 4
cat_threshold=14 14 1 22
is_linear=0
shrinkage=0.05


Tree=9
num_leaves=31
num_cat=1
split_feature=5 16 1 16 9 11 18 12 16 2 1 17 2 12 12 17 4 12 9 11 12 16 11 16 16 17 1 2 1 12
split_gain=1956.83 247.565 77.9855 64.2194 59.7403 57.7912 47.1008 32.3034 28.5779 28.4564 27.3539 21.3239 19.8526 18.9119 18.859 17.4357 15.2143 15.0535 14.5202 14.4853 13.5999 13.2424 12.702 12.1997 12.1991 12.4137 12.1976 12.0866 11.0659 19.7549
threshold=1.0000000180025095e-35 0.18236042968361474 4.5000000000000009 0.27562475759534588 1.0000000180025095e-35 0.12344124140933546 0 26.500000000000004 0.25600579491055686 6.5739036055860192 4.5000000000000009 7.7767866372214476 6.7817951517896091 37.500000000000007 21.500000000000004 6.9865572165361911 25.915000000000003 25.500000000000004 3.5000000000000004 0.43649167733674782 45.500000000000007 0.3346596110286652 0.28220211161387637 0.13835613174654832 0.17618367976357113 7.0092643874429852 4.5000000000000009 6.9859331719499389 8.5000000000000018 38.500000000000007
decision_type=2 2 2 2 2 2 1 2 2 2 2 2 2 2 2 2 2 2 2 2 2 2 2 2 2 2 2 2 2 2
left_child=8 4 7 6 17 10 15 -3 23 22 24 21 13 -5 -12 -4 -17 -2 -16 -15 -8 -9 -7 -1 25 -6 -10 -19 -11 -30
right_child=1 2 3 12 5 9 20 11 26 28 14 -13 -14 19 18 16 -18 27 -20 -21 -22 -23 -24 -25 -26 -27 -28 -29 29 -31
leaf_value=-0.04549159498509401 0.037536486844601397 0.066030834319900519 0.017800990511335168 0.041148746860176881 -0.0032287013544507132 -0.0052777030268467947 0.011358192737617408 0.030598821829297376 0.0018278509963894967 0.02824763762020175 0.016785962076377985 0.065883499422705161 0.047041177684072469 -3.4087877596665742e-05 -0.0063016453447814792 0.025762344314321957 0.048264361100703611 0.0096594999013602818 -0.019163874983187595 0.032519462417972073 -0.0035793506968638854 0.0650131305944356 0.018732762391500551 -0.03639148947862611 0.046027482351615412 0.019380752560568232 -0.025859026485593281 0.025602375845446917 0.029191344464227605 0.0030855011450931207
leaf_weight=491.34708500653505 88.586609229445457 103.41845819354057 750.12804242968559 125.95573166012764 171.57130043208599 265.25712192058563 425.12752223014832 518.90578879415989 50.163035087287426 184.8402723968029 60.105374500155449 53.001537501811981 252.47934503853321 77.939740046858788 501.23831948637962 457.01866793632507 91.337069436907768 341.64127290248871 391.39164490997791 59.849124267697334 236.58464461565018 29.541412770748138 68.449714958667755 1787.5220252946019 18.231729805469513 92.763912260532379 188.87935326993465 183.19350458681583 114.05767744779587 196.50855022668839
leaf_count=4211 488 531 4262 678 1117 1689 2573 2775 390 1054 389 271 1311 449 3351 2522 501 2033 2678 309 1457 147 412 15144 108 574 1514 1044 673 1176
internal_value=0.000211782 0.0160535 0.0254809 0.0212886 0.00484836 0.000774503 0.0171409 0.0401588 -0.0366433 0.0109785 -0.00607759 0.0356079 0.0369746 0.0271966 -0.0101275 0.022625 0.0295914 0.018535 -0.0119565 0.0142381 0.00593068 0.0325675 -0.00031144 -0.0383727 0.00756513 0.00474884 -0.0200655 0.0152625 0.0185688 0.012736
internal_weight=8377.04 5859.12 3181.29 2476.42 2677.84 2064.42 1960.2 704.867 2517.91 829.113 1235.3 601.449 516.224 263.745 952.735 1298.48 548.356 613.421 892.63 137.789 661.712 548.447 333.707 2278.87 282.567 264.335 239.042 524.835 495.407 310.566
internal_count=55831 34572 17786 14062 16786 13221 11315 3724 21259 5004 8217 3193 2747 1436 6418 7285 3023 3565 6029 758 4030 2922 2101 19355 1799 1691 1904 3077 2903 1849
cat_boundaries=0 1
cat_threshold=14
is_linear=0
shrinkage=0.05


Tree=10
num_leaves=31
num_cat=3
split_feature=5 16 6 16 18 18 12 12 12 16 16 17 8 9 6 2 10 12 16 0 20 0 10 9 12 8 12 2 8 2
split_gain=1725.59 222.562 87.0136 65.4757 55.4382 48.1029 30.3179 29.6689 23.2423 22.6902 19.9509 17.3753 17.1966 16.9562 19.9655 16.882 16.8299 16.1005 15.2062 15.1435 14.8997 14.5991 14.3429 13.7086 12.5714 11.8181 11.7167 11.56 10.6322 10.4375
threshold=1.0000000180025095e-35 0.1775498689906585 1.0000000180025095e-35 0.29615011934386271 0 1 39.500000000000007 28.500000000000004 21.500000000000004 0.26720826070481246 0.13877384842826021 6.8265072601022414 1.0000000180025095e-35 3.5000000000000004 1.0000000180025095e-35 6.7499194838439029 1.5000000000000002 50.500000000000007 0.20447742733457022 2.5000000000000004 2 2.5000000000000004 2.5000000000000004 3.5000000000000004 29.500000000000004 1.0000000180025095e-35 38.500000000000007 6.2198841554730615 1.0000000180025095e-35 7.4267454816614595
decision_type=2 2 2 2 1 1 2 2 2 2 2 2 2 2 2 2 2 2 2 2 1 2 2 2 2 2 2 2 2 2
left_child=9 4 3 5 6 7 13 -3 -4 24 -8 -9 27 14 28 -10 23 -13 -7 -18 -12 -14 -15 -5 25 -1 -20 -6 -2 -16
right_child=1 2 8 16 12 18 10 11 15 -11 20 17 21 22 29 -17 19 -19 26 -21 -22 -23 -24 -25 -26 -27 -28 -29 -30 -31
leaf_value=-0.034891613026895189 0.008987270396172883 0.03369898865304638 0.065565940377014159 0.030843064465539961 -0.020920312497131943 -0.0042352708772672764 -0.0085372751048393876 0.01030714635997404 0.026428739431228494 -0.018427382134242536 0.01402879237567814 0.025476421166850456 -0.0032237052521412869 -0.0037282349832107181 0.033833055944887551 0.041968792968278018 0.070783392267587911 0.0044441818804184718 0.018835958124488374 0.038848392936838977 -0.0012569460555405974 0.029931521659151014 0.01876833410511097 -0.011859916294851952 -0.039381092607172444 -0.018186863930568797 0.0031473872152883472 -0.0069394320945088258 0.02793157440159387 0.077000704818519505
leaf_weight=417.47308494150639 184.20134913921356 315.66353467106819 64.877555176615715 131.65088385343552 231.24936397373676 301.17490565776825 303.63474105298519 596.31887117028236 361.60508964955807 176.49272527545691 335.22190403938293 561.48673601448536 116.1460577249527 154.65923774242401 63.508716091513634 354.84237007796764 51.185162022709846 109.12176702916622 212.10546614229679 157.76136209070683 299.57282085716724 45.402125999331474 129.32551349699497 21.353963106870651 1697.7327058911324 146.80202699452639 270.64101511240005 411.48986858129501 124.5865084528923 18.629374995827675
leaf_count=3643 1154 1701 319 715 1611 1855 1987 3384 1924 1425 2005 3069 723 974 363 1819 250 600 1251 776 1841 265 769 126 14822 1256 1641 2780 687 101
internal_value=-0.000455222 0.0141099 0.0221492 0.0179245 0.00243442 0.0148834 0.0077557 0.0198592 0.0368604 -0.0358508 0.00198626 0.0165437 -0.00823014 0.0158778 0.0226224 0.0341732 0.0377122 0.0220658 0.00451518 0.0469713 0.00702538 0.00622118 0.00654652 0.024845 -0.0372015 -0.0305856 0.0100652 -0.0119943 0.0166962 0.0444321
internal_weight=8365.92 5927.42 3509.79 2728.46 2417.63 2366.51 1613.34 1582.59 781.325 2438.5 938.429 1266.93 804.287 674.911 390.926 716.447 361.951 670.609 783.921 208.947 634.795 161.548 283.985 153.005 2262.01 564.275 482.746 642.739 308.788 82.1381
internal_count=55836 34690 19430 15368 15260 13501 9881 8754 4062 21146 5833 7053 5379 4048 2305 3743 1867 3669 4747 1026 3846 988 1743 841 19721 4899 2892 4391 1841 464
cat_boundaries=0 1 2 3
cat_threshold=14 14 112
is_linear=0
shrinkage=0.05


Tree=11
num_leaves=31
num_cat=2
split_feature=17 11 9 11 2 10 18 1 12 16 1 9 18 12 2 2 17 4 16 16 4 12 16 12 12 17 17 1 3 1
split_gain=1640.04 171.359 141.863 62.4259 46.9652 36.5985 34.7474 29.1802 25.7965 25.7686 24.285 24.1634 21.0416 19.6055 18.6092 17.1934 16.923 16.264 15.5742 15.1242 14.4571 14.0148 13.9096 13.8766 13.4963 13.3919 11.9224 11.777 13.3808 11.6016
threshold=5.13111072468792 0.33549783549783557 1.0000000180025095e-35 0.1423128205217547 6.9227473342921693 1.5000000000000002 0 4.5000000000000009 23.500000000000004 0.29615011934386271 4.5000000000000009 4.5000000000000009 1 23.500000000000004 6.0164619912069517 8.0556877455350069 6.4554343844651578 25.675000000000004 0.22099352433281008 0.20528979591836738 36.505000000000003 38.500000000000007 0.17618367976357113 21.500000000000004 38.500000000000007 7.7303241688883331 7.7303241688883331 4.5000000000000009 1.5000000000000002 5.5000000000000009
decision_type=2 2 2 2 2 2 1 2 2 2 2 2 1 2 2 2 2 2 2 2 2 2 2 2 2 2 2 2 2 2
left_child=9 2 4 7 8 23 10 15 -2 22 -5 19 24 -6 -7 20 -8 18 -14 21 -4 -9 -1 -3 -10 -23 -25 28 -18 -11
right_child=1 5 3 6 13 14 16 11 12 29 -12 -13 17 -15 -16 -17 27 -19 -20 -21 -22 25 -24 26 -26 -27 -28 -29 -30 -31
leaf_value=-0.039707466176411431 0.043377680895423147 0.047290321887363117 0.0050583140461111491 0.034569436169838194 0.064199463494142961 0.015595506712924631 -0.0097944117395978234 0.0040450015164817865 0.033819745297424028 0.016621053226420102 0.014259896282725427 -0.013202567250149778 -0.0045352677815841316 0.030447501919926054 0.043863198837672576 0.047818835591512086 0.0036657086543326954 0.02521090384822194 0.018153471466045755 0.0086577725389792998 0.042317843621296605 -0.012435101894405508 -0.031670039076870944 0.016012170481954281 0.014291523151823044 0.015766867829618465 0.043965539192516133 0.0042088223931365781 0.057035496161381538 -0.020715195999657338
leaf_weight=1316.3470279723406 74.258058458566666 47.357937574386597 419.04628501832485 191.31076174974442 46.650082543492317 67.347575798630714 195.67826819419861 319.46498870849609 147.92648254334927 27.60560791939497 642.46149863302708 518.80050641298294 295.6732022613287 570.85381451249123 509.76251351833344 27.004915863275528 21.957452699542046 85.289375454187393 100.52215026319027 338.3801159709692 26.799190953373909 412.7938796132803 969.15387207269669 385.95440024137497 224.90020327270031 46.004085943102837 41.874755933880806 164.9680058658123 24.616900622844696 76.427346676588058
leaf_count=11911 387 243 2541 989 233 351 1247 2080 786 217 3650 3494 1734 3049 2497 153 127 491 558 2065 157 2763 8481 2076 1240 294 204 1021 142 629
internal_value=-0.000228143 0.0138282 0.0098894 0.00410379 0.0224121 0.0321253 0.0129962 -0.00113418 0.0152786 -0.0352063 0.0187314 -0.00429749 0.0127884 0.033097 0.0405971 0.00979273 0.000758953 0.00542742 0.0012525 -0.00015202 0.00738763 -0.00398862 -0.0363146 0.0217726 0.0215335 -0.00957912 0.0188443 0.0105568 0.0324803 -0.0107439
internal_weight=8337.19 5947.66 4895.36 3349.29 1546.07 1052.3 1240.99 2108.29 928.569 2389.53 833.772 1635.44 854.311 617.504 577.11 472.85 407.221 481.485 396.195 1116.64 445.845 778.263 2285.5 475.187 372.827 458.798 427.829 211.542 46.5744 104.033
internal_count=55810 34572 29201 20723 8478 5371 7176 13547 5196 21238 4639 10696 4809 3282 2848 2851 2537 2783 2292 7202 2698 5137 20392 2523 2026 3057 2280 1290 269 846
cat_boundaries=0 1 2
cat_threshold=14 4
is_linear=0
shrinkage=0.05


Tree=12
num_leaves=31
num_cat=1
split_feature=17 11 1 18 16 16 16 17 10 12 1 16 4 4 12 4 12 12 2 12 4 2 10 9 16 9 9 11 2 12
split_gain=1511.48 158.525 90.9117 70.7173 42.4506 35.4585 28.4805 25.6363 25.4274 21.2716 18.7931 17.5264 17.4867 16.9954 16.4264 15.8964 15.7738 15.6218 14.9932 14.3325 13.2102 12.8574 12.5979 17.0645 12.4361 12.2454 11.793 12.6686 11.4938 11.3017
threshold=5.5019722061349379 0.33549783549783557 4.5000000000000009 0 0.1775498689906585 0.27127519289221419 0.12073906159574586 6.8341195029606192 1.5000000000000002 26.500000000000004 5.5000000000000009 0.2109395491803279 35.985000000000007 17.385000000000002 38.500000000000007 37.175000000000004 41.500000000000007 21.500000000000004 6.9292427605756641 21.500000000000004 34.445000000000007 6.0706453447156923 9.5000000000000018 1.0000000180025095e-35 0.13877384842826021 1.0000000180025095e-35 1.0000000180025095e-35 0.11773157538877621 7.9184230258600969 23.500000000000004
decision_type=2 2 2 1 2 2 2 2 2 2 2 2 2 2 2 2 2 2 2 2 2 2 2 2 2 2 2 2 2 2
left_child=5 2 6 4 19 17 -2 13 28 18 -10 15 21 -8 25 -11 -15 -1 -5 -4 26 -12 23 -21 -19 -6 -9 -28 29 -3
right_child=1 8 3 9 14 -7 7 20 10 11 12 -13 -14 16 -16 -17 -18 24 -20 22 -22 -23 -24 -25 -26 -27 27 -29 -30 -31
leaf_value=-0.018502395706381028 -0.0048319010833023359 0.043487058797879202 0.025189266339523821 0.0043152610648930388 0.032294344743423777 -0.011334264463266687 0.011040866729773084 0.043169448600129764 0.053517756830066036 -0.012097118698511454 0.0055709817987632092 0.0041609405474897481 0.069187959297689255 0.044721218782274828 0.012410042434567932 0.018897509910455346 0.015695554873430953 -0.04323569636541956 0.039796772410617437 0.011368316474514698 0.063098143068133883 0.033239606676246397 0.013156633089946444 -0.004078126960786025 -0.033685104960346025 0.017278084059057935 0.015739838626881646 0.037325414293650064 0.051087462347336465 0.017555499439144074
leaf_weight=143.88592380285263 85.616483345627785 46.811802908778191 75.538855686783791 115.87972055375576 238.53666745126247 177.14365381002426 345.61227035522461 140.34870846569538 152.583386272192 712.39964537322521 48.079326182603836 288.68367379903793 30.384820252656937 90.455931946635246 770.17471259832382 43.039211705327034 99.348099857568741 449.56237369030714 39.209215849637985 244.91754841804504 35.657497778534889 356.72058568894863 233.22344355285168 654.17772783339024 1669.2575027942657 325.93139237165451 159.0880548208952 121.28881832957268 32.432031184434891 392.77257992327213
leaf_count=1285 550 234 432 723 1206 1428 1942 702 713 4722 249 1759 145 499 4310 279 567 4186 237 1391 185 1732 1388 4270 15072 1860 909 622 154 2085
internal_value=0.000118338 0.0138484 0.00999408 0.00630562 0.0109998 -0.032957 0.0227859 0.0251724 0.0313493 -0.00370838 0.0383085 -0.00630787 0.0328653 0.0176951 0.0171863 -0.0103086 0.0296904 -0.034644 0.0134831 0.00424642 0.0338867 0.0299751 0.0028283 0.000137508 -0.0357309 0.0236696 0.0312672 0.0251771 0.0226208 0.0204094
internal_weight=8318.76 5878.91 4819.13 3741.71 2542.5 2439.85 1077.42 991.799 1059.78 1199.21 587.768 1044.12 435.185 535.416 1334.64 755.439 189.804 2262.71 155.089 1207.86 456.383 404.8 1132.32 899.095 2118.82 564.468 420.726 280.377 472.016 439.584
internal_count=55836 33865 28553 22577 14857 21971 5976 5426 5312 7720 2839 6760 2126 3008 7376 5001 1066 20543 960 7481 2418 1981 7049 5661 19258 3066 2233 1531 2473 2319
cat_boundaries=0 1
cat_threshold=14
is_linear=0
shrinkage=0.05


Tree=13
num_leaves=31
num_cat=3
split_feature=17 11 8 18 0 18 1 1 11 2 17 12 12 9 11 0 2 17 0 17 10 11 9 12 8 11 19 8 2 12
split_gain=1398.62 113.298 115.046 50.6577 46.8121 33.881 26.0385 24.9016 23.7664 20.8538 18.8205 18.3856 18.0924 16.9488 16.5042 19.3451 16.4137 16.1202 15.5064 14.9918 13.2317 12.8743 14.9187 12.0574 12.1688 11.6563 11.0564 10.5193 10.3009 10.2031
threshold=5.4621354193492992 0.25137362637362642 1.0000000180025095e-35 0 2.5000000000000004 1 4.5000000000000009 5.5000000000000009 0.3741666666666667 6.2293292091550363 6.3811728303103417 25.500000000000004 24.500000000000004 5.5000000000000009 0.12828396002330483 1.5000000000000002 6.9150932892019048 6.4013780787616765 1.5000000000000002 1.0000000180025095e-35 2.5000000000000004 0.14106280719971279 8.5000000000000018 29.500000000000004 1.0000000180025095e-35 0.1435057451580331 2 1.0000000180025095e-35 6.9441257801058205 41.500000000000007
decision_type=2 2 2 1 2 1 2 2 2 2 2 2 2 2 2 2 2 2 2 2 2 2 2 2 2 2 1 2 2 2
left_child=8 2 3 6 11 7 25 29 19 -5 -8 -4 -6 -10 15 -12 -14 -13 -19 23 -9 22 -11 24 -1 -2 -7 -21 -23 -3
right_child=1 5 4 9 12 26 10 20 13 21 14 17 16 -15 -16 -17 -18 18 -20 27 -22 28 -24 -25 -26 -27 -28 -29 -30 -31
leaf_value=-0.033364558634370142 0.013404053076826117 0.053551965531601943 0.029997458580439215 -0.017054535382748599 0.055921368766608019 -0.0065168995479957283 -0.0060697780786023517 0.020462377431155646 -0.026008504293359519 -0.00079869722009143554 -0.0076369333253993744 -0.0024598506782672184 0.020282157723255107 0.0016705580147524355 0.01582358924382871 0.0087157705125105976 0.037001805487745135 0.0040840885435402844 0.021128003716710295 -0.025744831391413304 0.034464599499659423 0.00082284561357653929 -0.022383934804118683 -0.037524036455007584 -0.015979131553686615 0.031550890087868946 0.016015159001493917 0.010831977868181212 0.02491325949379453 0.03296911185088313
leaf_weight=354.49511831998825 335.72354745864868 137.97886410355568 127.1172793507576 304.47232615947723 61.144594073295593 61.213914796710014 321.4148635417223 442.50865824520588 215.66744218021631 347.6069018393755 265.56776486337185 205.43800815939903 355.88240700960159 74.107270173728466 400.63235193490982 561.89897753298283 256.14221601188183 231.29893733561039 316.32156783342361 59.517659477889538 280.34347197413445 120.23450535535812 103.02955566346645 1489.0754237249494 144.62881498038769 120.90467277169228 396.11855122447014 28.429056704044342 69.395653516054153 120.36302909255028
leaf_count=3342 1911 627 653 2085 298 334 2049 2263 1908 2327 1757 1194 1898 620 2284 3475 1287 1316 1704 418 1350 760 725 14112 1312 622 2145 179 420 566
internal_value=3.56475e-05 0.0129795 0.00907432 0.00327422 0.0200836 0.0251923 0.00774773 0.0304532 -0.0324686 -0.00623933 0.00468788 0.0124703 0.0300048 -0.0189484 0.00750599 0.00346464 0.0273285 0.00947578 0.0139497 -0.0343456 0.025933 -0.00117499 -0.00577239 -0.0352411 -0.0283689 0.0182674 0.012917 -0.0139324 0.00972324 0.0441264
internal_weight=8308.67 5942.75 4504.23 2950.88 1553.35 1438.53 2006.14 981.194 2365.92 944.739 1549.51 880.176 673.169 289.775 1228.1 827.467 612.025 753.059 547.621 2076.15 722.852 640.267 450.636 1988.2 499.124 456.628 457.332 87.9467 189.63 258.342
internal_count=55941 34050 26765 18415 8350 7285 12098 4806 21891 6317 9565 4867 3483 2528 7516 5232 3185 4214 3020 19363 3613 4232 3052 18766 4654 2533 2479 597 1180 1193
cat_boundaries=0 1 2 3
cat_threshold=14 14 1
is_linear=0
shrinkage=0.05


Tree=14
num_leaves=31
num_cat=3
split_feature=17 16 18 16 18 1 12 19 4 11 12 4 16 1 8 17 4 11 17 12 16 9 17 1 17 12 4 12 4 12
split_gain=1297.9 150.313 59.4945 46.2285 40.4086 38.005 27.7722 24.1595 24.9708 24.0292 22.2866 20.5089 23.9201 18.0948 16.0473 14.9648 14.2485 13.7271 16.3302 13.3246 13.2986 13.2784 13.1555 12.723 11.878 11.5456 13.3574 10.9354 10.8279 10.8553
threshold=1.0000000180025095e-35 0.1775498689906585 0 0.30170335215667432 1 4.5000000000000009 38.500000000000007 2 23.145000000000003 0.30798149219201859 37.500000000000007 23.345000000000002 0.20447742733457022 4.5000000000000009 1.0000000180025095e-35 7.2993310418065267 34.445000000000007 0.40072992700729931 7.0545835006343625 37.500000000000007 0.11021530351270943 6.5000000000000009 7.0954084301677307 4.5000000000000009 6.9865572165361911 29.500000000000004 31.855000000000004 27.500000000000004 20.785000000000004 46.500000000000007
decision_type=2 2 1 2 1 2 2 1 2 2 2 2 2 2 2 2 2 2 2 2 2 2 2 2 2 2 2 2 2 2
left_child=9 4 3 5 7 -3 -7 -2 13 14 -10 12 -4 15 23 -9 19 18 -5 20 -6 -11 -14 -1 -8 26 -16 -13 29 -21
right_child=1 2 11 17 16 6 24 8 10 21 -12 27 22 -15 25 -17 -18 -19 -20 28 -22 -23 -24 -25 -26 -27 -28 -29 -30 -31
leaf_value=-0.027723902802900525 -0.0072179226610375111 0.032821861070888581 -0.0059584745799233022 0.015462958074105594 -0.030553976979760252 0.024442469377991508 0.0065572940486067575 0.010477592541455551 0.038949309199354097 -0.025953819715370752 0.011404478155750389 0.039646999039541012 0.0078648447719713802 0.0027339942851562493 -0.019449785739388135 0.038063167968487979 0.016753713609713616 0.052390356387847871 0.050276707550757617 -0.0186879794633244 0.0033968367887927398 -0.0035717569524593633 0.026809653211858488 -0.040031697147103293 0.017923294811879525 -0.031562980477428997 0.033381271864872157 0.015747418794105971 -0.029244860063820724 -0.0011994347456825802
leaf_weight=274.57898598909378 241.9921522885561 500.06582050025463 295.45536107569933 81.429916977882385 31.304463133215904 724.72424288094044 541.6376483887434 180.87212507426739 121.22904722392559 257.74612452089787 187.11993752419949 62.470641672611237 505.77431385219097 845.98420082032681 126.73032900691032 67.183181136846542 59.990222312510014 152.5146706700325 58.134363442659378 175.33362330496311 268.21802395582199 89.553785018622875 111.39511035382748 1072.2320840805769 400.83027401566505 381.91071809828281 12.292725779116152 207.55581387877464 90.451064184308052 178.89990607649088
leaf_count=2672 1463 2417 1776 413 224 3787 2991 1035 697 2376 1147 339 2867 5184 1167 361 388 687 281 1202 1768 773 606 10503 2111 3690 109 1204 618 1225
internal_value=0.000380406 0.0123004 0.0187397 0.023169 0.00271895 0.0207285 0.0170837 0.00718661 0.00970904 -0.032386 0.0223248 0.00924323 0.00572725 0.00622489 -0.0346381 0.0180717 -0.00642335 0.0419354 0.0302189 -0.00839781 -0.00024138 -0.0202093 0.0113221 -0.0375449 0.0114051 -0.0270655 -0.0145733 0.0214025 -0.0138788 -0.00988391
internal_weight=8305.61 6090.57 3641.99 2459.34 2448.58 2167.26 1667.19 1644.38 1402.39 2215.04 308.349 1182.65 912.625 1094.04 1867.74 248.055 804.197 292.079 139.564 744.207 299.522 347.3 617.169 1346.81 942.468 520.934 139.023 270.026 444.685 354.234
internal_count=56081 34791 19479 12687 15312 11306 8889 9887 8424 21290 1844 6792 5249 6580 18141 1396 5425 1381 694 5037 1992 3149 3473 13175 5102 4966 1276 1543 3045 2427
cat_boundaries=0 1 2 3
cat_threshold=14 14 1
is_linear=0
shrinkage=0.05


Tree=15
num_leaves=31
num_cat=2
split_feature=5 16 11 6 18 12 18 16 12 15 8 11 9 4 9 0 9 15 12 4 16 4 4 12 16 12 4 0 11 8
split_gain=1194.6 135.57 49.9403 42.9268 37.1243 31.8405 31.7691 23.9677 21.9129 20.8567 17.4022 24.5918 17.3392 16.9629 15.9072 15.292 14.4121 14.1639 13.7324 13.6266 12.5801 12.3531 12.2729 11.9745 11.7448 11.5499 15.121 11.5176 10.9176 14.4313
threshold=1.0000000180025095e-35 0.1775498689906585 0.53923076923076929 1.0000000180025095e-35 0 39.500000000000007 1 0.31240816326530618 21.500000000000004 68.500000000000014 1.0000000180025095e-35 0.18099343185550085 9.5000000000000018 42.185000000000009 3.5000000000000004 2.5000000000000004 1.5000000000000002 2.5000000000000004 21.500000000000004 18.345000000000002 0.22478945578231299 25.915000000000003 24.585000000000004 18.000000000000004 0.13877384842826021 19.500000000000004 30.015000000000004 2.5000000000000004 0.12005586592178773 1.0000000180025095e-35
decision_type=2 2 2 2 1 2 1 2 2 2 2 2 2 2 2 2 2 2 2 2 2 2 2 2 2 2 2 2 2 2
left_child=7 4 3 6 5 14 8 18 22 17 11 20 -13 28 25 -12 -4 -7 27 -5 -10 -19 -3 -8 -20 -2 -27 -1 29 -6
right_child=1 2 16 19 13 9 23 -9 10 -11 15 12 -14 -15 -16 -17 -18 21 24 -21 -22 -23 -24 -25 -26 26 -28 -29 -30 -31
leaf_value=-0.023915181248331658 0.048168299340195314 0.027659828894782603 0.023408177125888278 0.020433207058889544 -0.017920438236055287 0.025713872939807644 0.039745817426332986 -0.0041824542888834592 -0.0045027385977446681 0.01234543962344798 0.012501201466618834 0.0096740902949299292 0.027928340416587552 0.031874063139520119 0.0055140259440795408 0.029549337604336284 0.041177326486192378 -0.0090488655459299971 -0.042125138584446255 0.034931047457543628 0.011909634993794244 0.0088598344733603427 0.067944146336280084 0.0022336523534717142 -0.032324865663964183 0.014135570183455593 0.04476378239982081 0.015717301994402324 0.00023980951362094136 5.5615339592926142e-05
leaf_weight=113.51796983927488 34.511459648609161 106.36357082426548 235.92586179077625 482.04443898797035 365.2683932185173 36.400173649191856 20.882315382361412 73.580949634313583 295.68720905482769 258.68841041624546 258.98566794395447 306.02279445528984 227.51049184799194 26.148979552090168 298.31148986518383 271.68005037307739 231.73709592223167 548.62678936123848 398.85248077660799 249.94244509935379 191.55815821886063 115.90480674803257 23.08052285015583 774.39576105773449 1552.1627716422081 318.81628748774529 45.562293604016304 21.10428760945797 250.35827526450157 160.59888449311256
leaf_count=1090 182 517 1188 2403 2666 213 116 625 1769 1519 1360 1553 1132 166 1791 1327 1080 3421 4093 1229 1103 719 111 4613 15272 1827 253 197 1630 972
internal_value=-0.000312955 0.0109447 0.0170229 0.0147891 0.00185631 0.00611334 0.0116361 -0.0322897 0.0154992 0.000239355 0.0139246 0.0100897 0.0174958 -0.00692064 0.0142739 0.0212683 0.0322822 -0.00423978 -0.0332789 0.0254245 0.00196088 -0.00591669 0.0353085 0.0032268 -0.0343489 0.0207948 0.0180774 -0.017632 -0.00835591 -0.0124409
internal_weight=8294.23 6135.01 3675.82 3208.15 2459.2 1656.82 2476.17 2159.22 1680.89 959.62 1551.44 1020.78 533.533 802.375 697.202 530.666 467.663 700.932 2085.64 731.987 487.245 664.532 129.444 795.278 1951.02 398.89 364.379 134.622 776.226 525.867
internal_count=56137 34860 19501 17233 15359 9925 13601 21277 8872 5872 8244 5557 2685 5434 4053 2687 2268 4353 20652 3632 2872 4140 628 4729 19365 2262 2080 1287 5268 3638
cat_boundaries=0 1 2
cat_threshold=14 14
is_linear=0
shrinkage=0.05


Tree=16
num_leaves=31
num_cat=4
split_feature=5 16 18 18 16 8 1 16 19 1 4 12 12 4 17 4 10 16 4 4 12 1 2 1 18 0 16 12 9 17
split_gain=1095.63 98.6076 42.2595 36.8886 32.4567 21.7949 21.1987 19.2682 18.9427 16.0166 15.9156 15.164 14.8305 14.5897 16.3287 13.9887 13.9558 13.363 13.0295 11.4084 11.1333 11.1012 12.3274 10.761 9.34143 10.4396 11.0928 11.0429 11.2559 9.29948
threshold=1.0000000180025095e-35 0.1775498689906585 0 1 0.27669731528975233 1.0000000180025095e-35 4.5000000000000009 0.13877384842826021 2 4.5000000000000009 37.855000000000011 25.500000000000004 28.500000000000004 28.685000000000006 8.1759541911043048 22.605000000000004 1.0000000180025095e-35 0.2109395491803279 21.905000000000005 27.115000000000006 37.500000000000007 9.5000000000000018 7.1120380792870881 12.500000000000002 3 2.5000000000000004 0.27384781524903112 37.500000000000007 1.5000000000000002 6.8614809465725752
decision_type=2 2 1 1 2 2 2 2 1 2 2 2 2 2 2 2 2 2 2 2 2 2 2 2 1 2 2 2 2 2
left_child=7 3 4 5 6 8 -3 -1 -2 20 -5 18 15 14 16 -8 -10 19 -4 -13 -9 22 -6 -20 25 26 -11 28 -27 -14
right_child=1 2 11 10 21 -7 12 9 13 24 -12 17 29 -15 -16 -17 -18 -19 23 -21 -22 -23 -24 -25 -26 27 -28 -29 -30 -31
leaf_value=-0.040564140832013165 -0.0099067963683912713 0.026389573387961236 0.012896204884186836 -0.0075254061861537895 0.031015217373592266 0.01869793398514184 0.018116695045797254 -0.0085079376792405771 -0.0032858782021141773 -0.030002786551002865 0.022868901680676641 -0.0048400636499600332 0.0073434956332211546 0.021609597871707468 0.03160019032814744 0.043291212194360468 0.0089933558647993135 0.010404266856463376 0.065513636340680886 0.018728699335788798 -0.026425903501887022 0.02468041713236583 0.05702450944910406 0.018737867673822017 -0.036096631426480862 0.029428434683517846 0.003831778964825846 -0.024472400755507037 -0.014894106908645916 0.016014984148931509
leaf_weight=412.98572172224522 187.39680503308773 470.40908066928387 125.87847897410393 746.44603146612644 135.88119246065617 338.62361028790474 246.81743788719177 150.75053387880325 437.47838906943798 506.49311140924692 44.744776666164398 340.29078225791454 608.93223069608212 146.96253152191639 52.561117962002754 71.481119498610497 489.25465096533298 624.34902606904507 25.230879575014114 59.44032946228981 207.3795358389616 266.69379979372025 72.799713671207428 25.257002115249634 668.74142891168594 24.035183258354664 25.215333931148052 81.822139136493206 32.527425453066826 633.64780929684639
leaf_count=4367 1165 2232 678 5109 628 1843 1252 1464 2824 5153 282 2051 3333 881 306 357 2853 3486 131 352 2061 1268 330 134 6708 231 223 803 309 3303
internal_value=0.000269483 0.0109352 0.0160741 0.00313536 0.0197688 0.00736076 0.0170796 -0.0308118 0.00448234 -0.028416 -0.00570775 0.00811685 0.0142587 0.00690979 0.00475448 0.0238881 0.00319946 0.00583993 0.0216881 -0.00129738 -0.0189282 0.031615 0.0403174 0.0429321 -0.0309379 -0.0248354 -0.0283941 -0.0128384 0.00412395 0.0117748
internal_weight=8260.53 6150.58 3707.11 2443.47 2506.66 1652.28 2031.29 2109.95 1313.65 1696.96 791.191 1200.45 1560.88 1126.26 979.294 318.299 926.733 1024.08 176.366 399.731 358.13 475.375 208.681 50.4879 1338.83 670.093 531.708 138.385 56.5626 1242.58
internal_count=56117 34798 19535 15263 12703 9872 10477 21319 8029 16952 5391 6832 8245 6864 5983 1609 5677 5889 943 2403 3525 2226 958 265 13427 6719 5376 1343 540 6636
cat_boundaries=0 1 2 3 4
cat_threshold=14 14 1 12
is_linear=0
shrinkage=0.05


Tree=17
num_leaves=31
num_cat=1
split_feature=17 11 9 0 16 18 17 16 12 12 16 12 12 1 12 4 2 1 2 17 17 11 12 4 11 2 11 9 16 10
split_gain=973.148 96.6969 91.6353 40.589 32.6912 30.309 29.1041 27.468 22.5997 20.9592 18.4915 16.5988 15.1721 14.9998 14.7197 14.0973 13.683 13.1169 12.7789 12.6478 12.0906 11.3803 10.9244 10.9058 10.8247 10.817 10.0182 10.6003 9.52979 9.30221
threshold=5.4621354193492992 0.20077519379844963 1.0000000180025095e-35 1.5000000000000002 0.13061117602121067 0 8.0125169523808069 0.18543988053625529 24.500000000000004 26.500000000000004 0.3357318877551021 33.500000000000007 42.500000000000007 4.5000000000000009 44.500000000000007 32.215000000000011 7.6752861072899048 10.500000000000002 7.2681149260506119 6.4136474639554146 5.7919917448797058 0.55051020408163276 38.500000000000007 8.1250000000000018 0.50252525252525271 6.9655335006569485 0.13898563464598476 5.5000000000000009 0.26353794642857148 1.5000000000000002
decision_type=2 2 2 2 2 1 2 2 2 2 2 2 2 2 2 2 2 2 2 2 2 2 2 2 2 2 2 2 2 2
left_child=7 2 3 12 29 18 9 -1 -5 21 20 13 17 -9 -12 16 22 -2 26 -10 -11 -3 -7 -22 -25 -19 27 -6 -20 -4
right_child=1 6 4 8 5 15 -8 11 19 10 14 -13 -14 -15 -16 -17 -18 25 28 -21 23 -23 -24 24 -26 -27 -28 -29 -30 -31
leaf_value=-0.033800351721337517 0.025220273974102043 0.024094566123021209 -0.015513947344668001 0.042012719333790138 0.0038329496800169095 -0.0011821899004847325 0.047306875576753338 0.0045907070255558451 0.0093245475039270952 -0.0076823603397283046 0.049697060245058405 -0.028391700181971929 -0.0087071747919145754 -0.019536353580550107 0.013691965830077904 0.015079428266921139 0.025774800535015654 -0.014576296019087789 0.011763654196820628 0.021191429709061016 0.0068541490253626785 0.046258967841247771 -0.014929202245102961 0.014222499515439163 0.026772622665985527 0.019284977495905853 0.011138371583715162 -0.01021020992017364 0.039372077895864242 0.0015226876693956934
leaf_weight=1303.0577875599265 87.762541308999062 205.71181996166706 357.54659139364958 105.44480140507221 645.97632414102554 233.85989493131638 91.705630615353584 81.891791544854641 316.81327600777149 61.36389847099781 67.467297852039337 478.57193725556135 191.25231048464775 295.26451897621155 50.221492990851402 72.003155395388603 27.524266079068184 59.368914753198624 410.93114845454693 790.77739335596561 303.4186277538538 83.17079371213913 378.06683909893036 586.60740810632706 245.91709308326244 37.712033778429031 338.83162498474121 168.6129857301712 33.119529992341995 102.9638234525919
leaf_count=13697 462 1005 2490 497 3858 1543 424 747 1710 338 303 4682 1108 2823 228 456 176 337 2325 4004 1542 392 2551 3019 1204 198 1891 1043 171 702
internal_value=-0.00040159 0.00987626 0.00593249 0.0154991 0.000439446 0.0028666 0.0200044 -0.0292163 0.0199454 0.0184148 0.0157138 -0.0222045 0.0011436 -0.0142994 0.0345774 -0.00567615 -0.00812179 0.0113279 0.0066662 0.0178085 0.0138323 0.0306134 -0.00968601 0.0150002 0.0179573 -0.00136004 0.00392683 0.000917182 0.0139067 -0.0117097
internal_weight=8212.94 6054.15 4358.57 1589.13 2769.44 2308.93 1695.58 2158.79 1213.04 1603.88 1315 855.728 376.096 377.156 117.689 711.454 639.451 184.843 1597.47 1107.59 1197.31 288.883 611.927 1135.94 832.525 97.0809 1153.42 814.589 444.051 460.51
internal_count=55926 33977 25522 8316 17206 14014 8455 21949 6211 8031 6634 8252 2105 3570 531 4726 4270 997 9288 5714 6103 1397 4094 5765 4223 535 6792 4901 2496 3192
cat_boundaries=0 1
cat_threshold=14
is_linear=0
shrinkage=0.05


Tree=18
num_leaves=31
num_cat=3
split_feature=17 11 8 16 11 12 17 0 12 18 19 8 17 12 5 6 12 4 11 16 6 4 17 11 9 17 4 9 19 6
split_gain=912.6 74.3294 71.6194 35.0989 31.7224 30.772 27.0294 26.4941 25.7984 22.5074 22.3116 18.5502 16.3759 15.349 15.3198 14.9667 14.9665 13.423 13.3496 12.2213 11.7417 11.2355 10.8062 10.0647 10.4612 11.8846 9.44618 15.1864 9.08012 8.80568
threshold=5.5019722061349379 0.3304597701149426 1.0000000180025095e-35 0.12073906159574586 0.30798149219201859 23.500000000000004 6.4346428218211207 1.5000000000000002 23.500000000000004 0 1 1.0000000180025095e-35 7.6480341002566936 49.500000000000007 1.0000000180025095e-35 1.0000000180025095e-35 29.500000000000004 27.115000000000006 0.1818659783959469 0.29615011934386271 1.0000000180025095e-35 30.015000000000004 7.0246712717143796 0.55051020408163276 1.5000000000000002 6.5380095691599172 22.085000000000004 11.500000000000002 2 1.0000000180025095e-35
decision_type=2 2 2 2 2 2 2 2 2 1 1 2 2 2 2 2 2 2 2 2 2 2 2 2 2 2 2 2 1 2
left_child=4 2 3 -2 11 -4 17 20 -8 15 -10 -1 18 28 16 23 21 29 -12 -6 22 -13 -7 -3 25 -25 -14 -28 -9 -5
right_child=1 9 5 6 19 7 8 13 10 -11 12 14 26 -15 -16 -17 -18 -19 -20 -21 -22 -23 -24 24 -26 -27 27 -29 -30 -31
leaf_value=-0.033621590528446731 -0.012693213602419831 0.017265514769559783 0.039148919566279673 -0.0083104391855438175 -0.018643722482910349 -0.011092803303699593 0.030989994699564156 0.006696314280634089 0.014783269747326681 0.010324190588611044 -0.0021301117675518433 -0.015092999902565461 0.0095430593127411971 0.0048435942391842372 0.010731857523985632 0.037691666695046588 -0.029943678850519503 0.012559858016377413 0.012548581873868406 0.0042974846064705325 0.018750658081163284 0.031166727428222525 0.0097488217246425781 -0.00053108809926643847 0.040215472800415007 0.03007781132932548 0.012012298766229279 0.06824058746372165 0.02228423141032132 0.004939304931810864
leaf_weight=1275.7210862636566 319.1908446252346 435.41648660600185 130.88108189404011 557.99671690911055 276.89774812012911 166.03691279888153 113.58815377950668 141.33222323656082 561.07620179653168 420.68045520782471 905.94402886927128 117.68016109615564 170.46179915964603 196.45954646170139 32.445012643933296 198.25587783753872 346.18439249694347 121.56900943815708 185.79703962802887 72.965005412697792 76.790375024080276 13.817050628364084 98.153297483921051 46.70988903939724 125.72254912555218 97.543853044509888 31.453390449285507 18.986504167318344 793.1909973025322 160.93203796446323
leaf_count=13635 2249 2082 614 3642 2706 990 620 719 3287 2187 5503 1168 959 1030 203 862 3683 749 985 610 399 128 539 236 562 473 178 101 4033 940
internal_value=0.000420696 0.0103058 0.00738238 0.00299871 -0.0276851 0.015982 0.0047738 0.0138969 0.00795168 0.0207774 0.00653928 -0.0303842 0.00287249 0.0175773 -0.0222381 0.0252338 -0.0244952 -0.00274062 0.000377167 -0.0138606 0.00167361 -0.0100337 -0.00334205 0.0220413 0.0296515 0.0202311 0.015277 0.0340928 0.0202463 -0.00534175
internal_weight=8209.88 6074.17 4749.84 3147 2135.71 1602.84 2827.8 1471.96 1987.31 1324.33 1873.72 1785.85 1312.64 1130.98 510.127 903.649 477.682 840.498 1091.74 349.863 340.981 131.497 264.19 705.393 269.976 144.254 220.902 50.4399 934.523 718.929
internal_count=56072 33939 27537 19213 22133 8324 16964 7710 11633 6402 11013 18817 7726 5782 5182 4215 4979 5331 6488 3316 1928 1296 1529 3353 1271 709 1238 279 4752 4582
cat_boundaries=0 1 2 3
cat_threshold=14 12 1
is_linear=0
shrinkage=0.05


Tree=19
num_leaves=31
num_cat=2
split_feature=5 16 2 14 19 14 11 4 16 1 4 1 16 8 1 2 2 8 11 9 0 14 11 20 0 4 1 4 13 15
split_gain=828.67 75.2204 45.9364 28.5025 26.9486 22.7979 22.743 21.6013 20.49 19.4772 19.4475 17.9472 16.2626 22.2526 14.767 14.513 14.5021 14.1409 12.7591 12.9423 12.6004 11.7146 11.3443 11.3142 10.52 10.3409 13.773 10.3253 10.2725 10.2641
threshold=1.0000000180025095e-35 0.16292566364679356 6.7244392276802474 1.0000000180025095e-35 0 1.0000000180025095e-35 0.30798149219201859 31.855000000000004 0.27326100498338873 4.5000000000000009 25.915000000000003 6.5000000000000009 0.2807404810594995 1.0000000180025095e-35 4.5000000000000009 7.3315677071412413 6.2872170904803601 1.0000000180025095e-35 0.12516318537859009 9.5000000000000018 1.5000000000000002 1.0000000180025095e-35 0.22262190247801761 1 1.5000000000000002 27.345000000000002 2.5000000000000004 15.455000000000002 1.0000000180025095e-35 21.500000000000004
decision_type=2 2 2 2 1 2 2 2 2 2 2 2 2 2 2 2 2 2 2 2 2 2 2 1 2 2 2 2 2 2
left_child=6 4 9 -4 -2 -6 17 11 10 25 14 15 13 22 -5 -7 -13 -1 19 23 -19 -22 -11 -18 -15 -3 -27 -26 29 -14
right_child=1 2 3 8 5 7 -8 -9 -10 12 -12 16 28 24 -16 -17 18 20 -20 -21 21 -23 -24 -25 27 26 -28 -29 -30 -31
leaf_value=-0.033859025469380757 -0.013664366206911095 0.012592862820508319 0.036034188139183354 0.020110024697754393 0.026355977914417007 0.0034429510280694214 -0.016185106528560783 0.019088175338202555 0.026299267333519224 -0.0072240877747396341 0.024897026054714673 -0.015632664123690541 0.044826157073049946 -0.0044615523314808087 0.0079955878518851529 0.027211165544185675 0.01044960174970812 -0.031449830488333844 0.008876979478164718 -0.020108597499122555 0.022044802657420051 -0.018365286350667472 0.0038607594901148828 -0.0069876561512648913 0.022529436126159819 0.048305219992535259 0.0038727080553500551 0.0054270705902130156 0.0061425058039367361 0.014728116684195762
leaf_weight=1175.6774811968207 280.09013015776873 394.49446412920952 184.77002058923244 327.10936583578587 96.175859838724136 322.12716844677925 316.403116799891 153.34653443843126 365.58899256587029 506.5979975014925 295.89509700238705 219.6715180426836 46.121439069509506 84.192584320902824 1091.8343472331762 79.342088229954243 130.67081819474697 241.5269501209259 224.96292833983898 114.60050017386675 18.759048588573933 210.56262548267841 422.41839248687029 260.56159984320402 203.34320342540741 48.900169909000397 27.09808412194252 156.77468647062778 128.42486348748207 75.037681847810745
leaf_count=13130 1801 2007 859 1578 551 1992 3124 928 1706 3240 1529 1523 226 494 5862 443 824 2603 1312 809 180 2220 2251 1684 1076 236 132 823 653 359
internal_value=-0.00021637 0.00869719 0.0123033 0.0172373 0.000341534 0.00286551 -0.0285426 0.00136717 0.0155513 0.00695879 0.013246 -0.000655494 0.00435667 0.00221758 0.0108005 0.00819619 -0.00439905 -0.030906 -0.00100557 -0.00540955 -0.0234763 -0.0149783 -0.00218514 -0.00106359 0.0114075 0.0159062 0.0327183 0.0151197 0.0160711 0.0264586
internal_weight=8203.08 6240.15 4358.6 2265.2 1881.55 1601.46 1962.93 1505.28 2080.43 2093.4 1714.84 1351.94 1622.91 1373.33 1418.94 401.469 950.467 1646.53 730.796 505.833 470.849 229.322 929.016 391.232 444.31 470.493 75.9983 360.118 249.584 121.159
internal_count=56155 34898 23031 11534 11867 10066 21257 9515 10675 11497 8969 8587 9122 7884 7440 2435 6152 18133 4629 3317 5003 2400 5491 2508 2393 2375 368 1899 1238 585
cat_boundaries=0 1 2
cat_threshold=1 325
is_linear=0
shrinkage=0.05


Tree=20
num_leaves=31
num_cat=6
split_feature=17 16 19 16 4 10 11 8 11 9 1 2 17 11 17 1 20 2 0 20 20 2 2 15 9 0 11 20 2 19
split_gain=740.193 76.2883 32.7867 27.945 27.4571 27.3974 29.4107 25.0533 22.744 25.8092 18.5409 18.439 17.3525 14.0502 12.3304 12.2916 18.0074 12.0943 12.0573 11.9606 10.7324 10.5567 9.52577 9.06599 14.4899 15.3163 8.84637 9.31376 8.72921 8.67397
threshold=5.4621354193492992 0.1775498689906585 0 0.26720826070481246 31.855000000000004 1.5000000000000002 0.41692229038854811 1.0000000180025095e-35 0.12005586592178773 2.5000000000000004 4.5000000000000009 6.5739036055860192 8.1759541911043048 0.17936242002521835 5.8591038970605895 5.5000000000000009 1 6.3197695942363756 1.5000000000000002 2 3 7.2681149260506119 8.1400545600687746 658.50000000000011 3.5000000000000004 2.5000000000000004 0.71825396825396837 4 7.2100611505357479 5
decision_type=2 2 1 2 2 2 2 2 2 2 2 2 2 2 2 2 1 2 2 1 1 2 2 2 2 2 2 1 2 1
left_child=3 4 26 10 8 7 13 14 9 12 -1 -10 20 -7 -4 -8 -17 -9 -12 -16 -2 -18 -21 24 25 -6 27 -3 -15 -22
right_child=1 2 5 -5 23 6 15 17 11 -11 18 -13 -14 28 19 16 21 -19 -20 22 29 -23 -24 -25 -26 -27 -28 -29 -30 -31
leaf_value=-0.018263448715992239 -0.0059212468725399741 0.0083557532902573291 -0.011966510256657098 -0.006927625871381269 0.015346221266222197 -0.0038978985483305072 0.048419104488681551 0.0079228906989740541 -0.0028751617609573373 -0.012056651770225768 -0.034555368662974033 0.013766547379537012 0.033058331150272853 0.01426035270537928 -0.0035592564909542159 0.0096810543812949137 0.032661636864693977 0.021459499753391273 -0.025201994713073834 0.0098699455482316387 -0.010241231489872165 0.063213725321814199 0.032962026212162779 0.046636221602828244 -0.00062128292864023005 0.055983512295782238 0.021931150445946023 -0.0055112282346795848 0.029988358558664375 0.0077651012396499318
leaf_weight=392.80564267933369 394.59334526956081 183.46096475422382 74.446823194622993 173.16504766047001 96.672502100467682 82.977157548069954 99.02693709731102 215.05534318089485 268.10373137891293 548.51469844579697 834.21306819468737 436.71100862324238 40.905197814106941 342.72630944848061 167.43254801630974 120.42283542454243 119.41482876241207 731.64578646421432 617.17877581715584 997.85886605083942 70.432733833789825 38.99474036693573 45.994524404406548 23.639327943325043 92.570038072764874 30.072430178523064 48.250208973884583 309.9836303293705 120.16501593589783 420.63560438156128
leaf_count=4241 2435 951 441 1556 560 482 429 1122 1677 3808 9492 2434 227 1741 916 548 547 3573 6619 5414 433 170 227 132 574 165 229 1624 565 2548
internal_value=7.89576e-05 0.00873643 0.0132539 -0.0261793 0.00183904 0.0151834 0.0224764 0.012225 5.87673e-05 -0.00347128 -0.0279822 0.00744112 0.00161867 0.0150088 0.00767043 0.0331962 0.0276361 0.0183961 -0.0305981 0.00888621 0.000130946 0.0381393 0.0108145 0.0177468 0.0144353 0.0253509 0.00169346 -0.000291532 0.0183991 0.0050147
internal_weight=8138.07 6120.71 3697.86 2017.36 2422.85 3156.16 923.728 2232.43 2179.9 1475.08 1844.2 704.815 926.567 545.868 1285.73 377.859 278.832 946.701 1451.39 1211.29 885.662 158.41 1043.85 242.954 219.315 126.745 541.695 493.445 462.891 491.068
internal_count=55880 33972 18979 21908 14993 16175 4482 11693 13562 9451 20352 4111 5643 2788 6998 1694 1265 4695 16111 6557 5416 717 5641 1431 1299 725 2804 2575 2306 2981
cat_boundaries=0 1 2 3 4 5 6
cat_threshold=1 218 6 226 336 1
is_linear=0
shrinkage=0.05


Tree=21
num_leaves=31
num_cat=4
split_feature=17 11 8 19 11 2 2 8 1 19 10 10 11 12 12 17 11 12 5 11 12 1 9 20 20 12 2 9 12 2
split_gain=703.914 68.2352 69.1206 28.7277 25.6982 25.2548 24.6735 18.9842 18.21 16.2333 15.4641 14.6063 14.3275 13.0639 12.5981 12.3231 11.6464 11.4554 10.8311 10.0991 9.8055 9.21724 8.96122 9.58149 8.65309 11.22 8.38443 12.3981 8.11722 8.37144
threshold=5.5019722061349379 0.22262190247801761 1.0000000180025095e-35 0 0.31311274509803927 6.9859331719499389 7.0863574273355532 1.0000000180025095e-35 4.5000000000000009 1 4.5000000000000009 2.5000000000000004 0.58898944193061853 21.500000000000004 42.500000000000007 7.1275572533131113 0.12516318537859009 49.500000000000007 1.0000000180025095e-35 0.11031291543102568 25.500000000000004 4.5000000000000009 25.500000000000004 2 3 23.500000000000004 6.8674643933443633 5.5000000000000009 21.500000000000004 7.1818238568744093
decision_type=2 2 2 1 2 2 2 2 2 1 2 2 2 2 2 2 2 2 2 2 2 2 2 1 1 2 2 2 2 2
left_child=4 2 3 -2 7 14 8 19 22 17 12 -6 15 -9 24 -11 20 -3 -15 -1 -8 -17 23 -5 25 -4 27 -25 -7 -30
right_child=1 9 5 6 11 28 16 13 -10 10 -12 -13 -14 18 -16 21 -18 -19 -20 -21 -22 -23 -24 26 -26 -27 -28 -29 29 -31
leaf_value=-0.035545112446366538 -0.011712574195579101 0.0088142987568600294 0.045091506463605491 0.01693797301056011 -0.020526956120867464 0.040172794340188167 0.024313484830297074 0.0080714369364724564 -0.0039775407675594057 0.0071922202436210782 0.027857305877052964 0.0018465091479920523 0.023451614557393502 -0.024558080099984128 0.0026940712557140633 0.04000296089346575 0.019190556004036803 -0.020889544084268935 0.0065566324986494409 -0.025813173673980994 0.0032104408940916112 0.015513908221665415 0.021912459015040589 0.0012501030111110409 0.0059431132377869662 0.0162114160064546 0.019852876896474216 -0.030124061269797921 0.029403919894099264 0.015534234198752182
leaf_weight=744.76665213704109 421.53511359542608 202.35007821023464 39.065224558115005 83.456533133983612 221.6816550642252 51.018142625689507 61.366876915097237 37.449527516961098 1276.7252789065242 495.71869221329689 354.34158501029015 108.25663331896067 392.96752002835274 416.88011867552996 511.02304811775684 51.128663703799248 226.93402323126793 37.649929419159889 29.574876591563225 440.56709014624357 473.16956935077906 157.12285217642784 93.783377081155777 111.87777281552553 239.65786118805408 229.65414826571941 32.977986231446266 42.781902030110359 150.51746121048927 410.3105745613575
leaf_count=8613 2657 988 181 482 2265 225 347 362 8263 2529 1645 985 1859 4651 2772 226 1219 188 188 5043 2867 764 539 655 1226 1170 186 254 747 2016
internal_value=-0.000246216 0.00813602 0.00488852 0.000155063 -0.0260114 0.0130797 0.00228007 -0.0285337 -0.00116193 0.016684 0.0186346 -0.0132026 0.0158024 -0.0201102 0.00824671 0.0115053 0.00972212 0.00392434 -0.0224869 -0.0319527 0.00567403 0.0216888 0.00867399 0.00403053 0.013812 0.0198264 -0.00253335 -0.00756638 0.0211053 0.0193024
internal_weight=8146.31 6147.13 4455.85 2824.61 1999.18 1631.25 2403.07 1669.24 1641.6 1691.28 1451.28 329.938 1096.94 483.905 1019.4 703.97 761.47 240 446.455 1185.33 534.536 208.252 364.878 271.094 508.377 268.719 187.638 154.66 611.846 560.828
internal_count=56112 34005 25806 17469 22107 8337 14812 18857 10379 8199 7023 3250 5378 5201 5349 3519 4433 1176 4839 13656 3214 990 2116 1577 2577 1351 1095 909 2988 2763
cat_boundaries=0 1 2 3 4
cat_threshold=1 1 776 841
is_linear=0
shrinkage=0.05


Tree=22
num_leaves=31
num_cat=8
split_feature=5 16 18 15 17 16 19 1 0 19 18 16 12 10 1 12 18 16 19 20 20 12 17 15 7 2 0 15 3 7
split_gain=664.614 59.484 38.9851 25.3455 19.9295 18.6617 18.6294 17.2423 17.1926 17.1616 15.3902 15.1691 14.5707 13.3965 12.3291 14.3453 14.1476 12.1898 10.8427 10.552 10.1418 9.58038 9.55955 10.4522 9.04423 9.02372 8.43798 10.1994 8.3761 8.24152
threshold=1.0000000180025095e-35 0.21282096382096385 0 6.5000000000000009 6.9865572165361911 0.17032875356350968 1 4.5000000000000009 1.5000000000000002 2 3 0.29384047957732168 41.500000000000007 1.5000000000000002 4.5000000000000009 38.500000000000007 4 0.12073906159574586 5 6 7 26.500000000000004 5.891630399480297 14.500000000000002 1.0000000180025095e-35 7.7356933688459817 1.5000000000000002 424.50000000000006 1.5000000000000002 1.0000000180025095e-35
decision_type=2 2 1 2 2 2 1 2 2 1 1 2 2 2 2 2 1 2 1 1 1 2 2 2 2 2 2 2 2 2
left_child=5 2 3 8 6 26 -3 18 -2 17 11 -7 -11 19 -8 22 20 -5 -4 25 -17 -9 23 -16 -12 -14 27 -1 -23 -15
right_child=1 4 7 9 -6 10 14 21 -10 12 24 -13 13 29 15 16 -18 -19 -20 -21 -22 28 -24 -25 -26 -27 -28 -29 -30 -31
leaf_value=-0.03840103096591943 0.0025007271218995468 -0.0036976095827070074 0.024157388195888377 -0.0053772741252711585 0.019729781328936418 -0.017652392204156549 0.021660230000937229 0.0051837546472455736 0.020243631504481566 0.005981833268505099 -0.031594205781541124 0.012003719104402844 -0.0065946286009314591 0.0009364119683996742 0.023999567103934347 0.020018338533125096 -0.0050299356784427639 0.010794204299023488 0.0013448990346927297 -0.019384466478470273 0.00085349476617635272 -0.0030754702599179971 0.019137994806918437 -0.01988733301639058 -0.0083931023789135164 0.026612656553728166 -0.023741080318708901 -0.023608334217197151 -0.01308930103336811 0.034339822325978674
leaf_weight=519.07961224764585 189.94265937805176 212.00890827178955 60.178462140262127 133.2056353315711 844.22384114563465 407.8791781142354 280.10622189939022 142.39969658851624 487.36737449467182 468.05905391275883 412.41614525020123 47.50234280526638 142.38022821396589 179.48170891404152 21.071818456053734 149.53308002650738 233.43105884641409 900.71640780568123 214.56808108091354 189.6431180536747 134.53108854591846 366.55551729351282 384.70329982042313 34.239321038126945 47.722937986254692 22.866829961538315 235.1343097910285 158.57510063797235 486.70345933735371 19.591548144817352
leaf_count=6349 1029 1097 363 887 3999 4550 1322 866 2460 2614 4552 434 859 1022 114 756 1306 5008 1294 1148 694 2442 1932 188 525 129 2807 1928 3255 111
internal_value=-0.000502293 0.00720312 0.00352334 0.0068717 0.0136214 -0.0270326 0.0100529 -0.00370523 0.0152789 0.00412936 -0.0219373 -0.0142276 -0.000501239 -0.00598891 0.0123398 0.00972221 0.00406627 0.00862423 0.00733591 -0.0118007 0.0113122 -0.00679345 0.0163498 -0.00303851 -0.0285913 -0.00176105 -0.0321135 -0.0349793 -0.00879605 0.00437897
internal_weight=8125.82 6297.51 4003.66 2733.25 2293.85 1828.31 1449.62 1270.41 677.31 2055.94 915.521 455.382 1022.02 553.963 1237.62 957.51 517.495 1033.92 274.747 354.89 284.064 995.659 440.014 55.3111 460.139 165.247 912.789 677.655 853.259 199.073
internal_count=56040 34895 23487 15267 11408 21145 7409 8220 3489 11778 10061 4984 5883 3269 6312 4990 2756 5895 1657 2136 1450 6563 2234 302 5077 988 11084 8277 5697 1133
cat_boundaries=0 1 2 3 4 5 6 7 8
cat_threshold=14 1 28 12 12 4 716 628
is_linear=0
shrinkage=0.05


Tree=23
num_leaves=31
num_cat=1
split_feature=5 11 8 2 16 2 16 16 19 16 4 1 13 2 1 1 1 11 17 15 14 16 1 13 4 4 13 15 4 17
split_gain=587.932 64.2153 65.2137 24.1 23.8392 19.8323 17.5268 17.1863 15.3714 19.3311 15.0068 14.0558 13.9177 13.7016 12.8247 12.8208 12.1687 11.2855 15.035 11.0392 11.7054 12.5478 10.3804 9.79899 10.925 9.52373 9.50772 9.28136 9.59032 8.79838
threshold=1.0000000180025095e-35 0.25904139433551204 1.0000000180025095e-35 6.50159743095693 0.25502969072164955 6.9859331719499389 0.12073906159574586 0.12920692034934914 0 0.3047499018838305 28.385000000000002 4.5000000000000009 1.0000000180025095e-35 6.3782988410426311 13.500000000000002 4.5000000000000009 4.5000000000000009 0.55684754521963831 6.5506588163949457 65.500000000000014 1.0000000180025095e-35 0.22099352433281008 1.5000000000000002 1.0000000180025095e-35 7.5850000000000009 18.055000000000003 1.0000000180025095e-35 23.500000000000004 8.2150000000000016 6.9534692879601474
decision_type=2 2 2 2 2 2 2 2 1 2 2 2 2 2 2 2 2 2 2 2 2 2 2 2 2 2 2 2 2 2
left_child=4 2 3 15 7 12 22 -1 -3 10 14 -6 -4 -12 17 25 26 18 -10 20 -8 -22 -5 -16 -25 -2 -9 28 -7 -14
right_child=1 8 5 6 11 27 19 16 9 -11 13 -13 29 -15 23 -17 -18 -19 -20 -21 21 -23 -24 24 -26 -27 -28 -29 -30 -31
leaf_value=-0.039155196311396426 -0.0030936188964973466 0.0029367697925646967 0.014394981372236992 0.022905073996366834 0.015527936435417826 0.0059611996258470785 0.019413123407792013 -0.0049061864642209732 -0.0012361679123478846 0.029590298743079297 0.0029066486004939236 -0.016046945964297808 0.0039759869938868512 0.038274318461789684 0.013642043393703533 -0.0091903697152935313 -0.027517185789183142 0.027291252907531788 0.019591375887433163 0.011880711558832177 -0.0015313723449657563 0.009806434411338159 -0.014460096209681609 -0.021822131043797141 0.0047150360150858229 0.018162038027292049 -0.023393804851745095 0.036558809996802735 0.021062895854827565 -0.029436994102291576
leaf_weight=260.35647334903479 156.64169459044933 221.24240270256996 466.57902106642723 19.749596953392029 44.454624600708485 144.38554552197456 94.547817781567574 118.67597904056311 134.71021592617035 280.08954975008965 36.481305107474327 157.57363080978394 565.90082979202271 110.94733412563801 174.18276143074036 825.35180887579918 1053.5473693609238 184.40923947095871 241.30253081023693 405.52492088079453 982.73779217153788 323.56448476016521 185.29000385850668 52.889305517077446 137.49901434779167 78.242630258202553 169.22991932183504 68.908992081880569 395.79273724555969 19.419086813926697
leaf_count=3338 939 1073 2339 128 407 696 504 1336 693 1222 182 1571 3081 514 855 5581 12655 868 1129 2271 5945 1750 1316 269 689 456 2004 336 1900 98
internal_value=-0.00013526 0.00706517 0.00415396 -0.000162861 -0.0252986 0.0121323 0.00305232 -0.0273402 0.0158116 0.0177611 0.0148123 -0.0090569 0.0079625 0.0296011 0.0124258 -0.00625964 -0.0250196 0.0171695 0.0121462 0.00462607 0.00251898 0.0012823 -0.0107673 0.0051068 -0.00273241 0.00403386 -0.0158165 0.0193088 0.0170448 0.00281913
internal_weight=8110.23 6306.39 4732.64 3071.65 1803.84 1660.99 2011.41 1601.81 1573.75 1352.51 1072.42 202.028 1051.9 147.429 924.993 1060.24 1341.45 560.422 376.013 1806.38 1400.85 1306.3 205.04 364.571 190.388 234.884 287.906 609.087 540.178 585.32
internal_count=56145 34834 27340 18890 21311 8450 11914 19333 7494 6421 5199 1978 5518 696 4503 6976 15995 2690 1822 10470 8199 7695 1444 1813 958 1395 3340 2932 2596 3179
cat_boundaries=0 1
cat_threshold=1
is_linear=0
shrinkage=0.05


Tree=24
num_leaves=31
num_cat=4
split_feature=5 18 0 10 12 1 18 11 1 9 9 15 11 9 11 0 9 11 12 19 4 4 4 15 12 20 10 4 9 0
split_gain=575.878 60.4399 39.7549 27.4779 25.6962 21.2198 18.3419 19.5114 18.1166 17.6926 16.9314 16.683 15.2604 16.3439 12.9351 12.8221 12.5205 14.5039 11.4201 10.7813 11.7547 10.5188 10.3649 9.65479 9.6287 9.40677 9.36091 9.31931 9.28882 17.4471
threshold=1.0000000180025095e-35 0 2.5000000000000004 2.5000000000000004 41.500000000000007 4.5000000000000009 1 0.3741666666666667 4.5000000000000009 3.5000000000000004 1.0000000180025095e-35 22.500000000000004 0.25137362637362642 2.5000000000000004 0.27223320158102771 1.5000000000000002 1.0000000180025095e-35 0.19929078014184401 19.500000000000004 2 26.885000000000002 30.015000000000004 29.335000000000004 17.500000000000004 29.500000000000004 3 1.5000000000000002 16.015000000000004 1.5000000000000002 1.5000000000000002
decision_type=2 1 2 2 2 2 1 2 2 2 2 2 2 2 2 2 2 2 2 1 2 2 2 2 2 1 2 2 2 2
left_child=6 2 3 4 16 -4 7 10 -3 -6 15 18 13 -13 28 24 -2 -18 -7 -14 -21 25 -8 27 -1 -16 -9 -11 29 -10
right_child=1 8 5 -5 9 11 22 26 14 23 -12 12 19 -15 21 -17 17 -19 -20 20 -22 -23 -24 -25 -26 -27 -28 -29 -30 -31
leaf_value=0.001745345474918226 0.01726612081015284 0.0088604833336306289 0.025924137063875537 0.016594185516248763 0.0017764997749093155 0.04638975290326984 -0.032903432419907223 -0.014818872402361006 -0.016237708598827266 -0.013995234259323764 -0.026891678189113422 0.015830009091064509 -0.0094469206614729434 -0.0076027568772638419 -0.0056485487572286337 0.0022650382508978468 3.2270210967856744e-05 0.016414899327306304 0.016412735478657816 0.015208932999012732 0.046399699663589221 0.027673749672482918 -0.015707716244077394 -0.020370126701481809 -0.03118962147441753 0.010570036053373699 0.012957744834182073 0.021220666401966209 -0.0095324995505753161 0.0040081736407639491
leaf_weight=30.511213645339012 331.57770638167858 448.74701827019453 421.02239538729191 514.90879132598639 732.38674450665712 32.426301971077919 778.46176821738482 57.87553633004427 137.53963808715343 42.579100623726845 549.93950274586678 107.85567681491375 33.871394619345665 234.18185620009899 173.9290696233511 104.66249040514231 425.39068455249071 196.97833761572838 818.12126787006855 172.82899416983128 36.210302293300629 45.790049523115158 101.85560155659914 168.35992594063282 79.401786424219608 163.66332245618105 61.565492555499077 32.025502189993858 591.3524092361331 457.87963036447763
leaf_count=341 1600 2505 1952 2685 4102 146 9460 637 915 256 6864 573 157 1366 906 1181 2556 945 4134 780 161 231 1224 1047 982 856 603 187 4127 2680
internal_value=0.000123538 0.00717527 0.0105126 0.00634338 0.00360037 0.0160519 -0.0251255 -0.0190968 1.20955e-05 -0.0021059 -0.0222452 0.0131405 0.00662441 -0.000189029 -0.00252071 -0.0102673 0.00943077 0.00523535 0.0176087 0.0161797 0.0198615 0.00545413 -0.0305869 -0.0137682 -0.0221138 0.0023675 -0.000512793 0.00120262 -0.00509938 -0.000687934
internal_weight=8083.9 6319.63 4300.72 2444.21 1929.3 1856.52 1764.27 883.956 2018.9 975.351 764.515 1435.5 584.948 342.038 1570.15 214.575 953.947 622.369 850.548 242.911 209.039 383.382 880.317 242.965 109.913 337.592 119.441 74.6046 1186.77 595.419
internal_count=56159 34867 22647 13378 10693 9269 21292 10608 12220 5592 9368 7317 3037 1939 9715 2504 5101 3501 4280 1098 941 1993 10684 1490 1323 1762 1240 443 7722 3595
cat_boundaries=0 1 2 3 4
cat_threshold=14 12 1 181
is_linear=0
shrinkage=0.05


Tree=25
num_leaves=31
num_cat=5
split_feature=21 11 8 16 19 12 9 1 1 16 16 12 12 12 4 10 2 16 2 15 18 2 9 2 2 4 20 18 9 9
split_gain=491.643 48.3569 60.3479 25.0824 23.618 21.4159 17.6508 16.8376 15.9613 16.0456 15.3291 16.1047 15.1477 14.4952 12.885 15.49 12.7055 12.3972 11.9168 11.397 11.2498 10.7159 10.5985 10.5524 10.2366 9.73289 9.41886 11.1136 9.39638 9.20239
threshold=0 0.17763566525008176 1.0000000180025095e-35 0.17618367976357113 1 26.500000000000004 335.50000000000006 4.5000000000000009 4.5000000000000009 0.28659048985447844 0.3346596110286652 49.500000000000007 42.500000000000007 21.500000000000004 33.985000000000007 1.5000000000000002 7.8052484351647839 0.29947254043126686 6.4950087252616315 22.500000000000004 2 8.288675212392997 2.5000000000000004 5.7907702401392633 6.9150932892019048 12.565000000000003 3 4 2.5000000000000004 5.5000000000000009
decision_type=1 2 2 2 1 2 2 2 2 2 2 2 2 2 2 2 2 2 2 2 1 2 2 2 2 2 1 1 2 2
left_child=1 2 4 -2 -1 -3 8 17 14 13 16 -12 24 25 15 29 23 -5 -17 21 -9 26 -11 -7 -4 -10 -15 -28 -21 -6
right_child=3 5 12 7 6 10 -8 20 9 22 11 -13 -14 19 -16 18 -18 -19 -20 28 -22 -23 -24 -25 -26 -27 27 -29 -30 -31
leaf_value=-0.012492098718385719 -0.029647540761692327 0.024155157542414221 0.010707947759151964 -0.0085373377662321132 0.0044774212140047251 -0.0094857003164757134 0.011314625633425 -0.013088526259863308 -0.0033800094510263532 0.036946804746556761 0.033106222183988759 -0.011307472451703441 0.0058671087061690358 -0.0099561589472283718 0.034412205661972499 -0.0036325588555634705 0.024116138645514935 0.03280780456819575 0.041464972293595498 -0.00034820066693530067 -0.028191294084372862 0.031272796206788508 -0.0080830625946554449 0.0085094425568243391 0.021821357093384383 0.029064963168750946 0.0067803973974524343 -0.0094081261270270757 -0.0146532654594396 -0.014903567542815367
leaf_weight=393.78030297160149 911.26399923861027 338.90322925150394 503.54417365789413 156.50475357472897 285.2490432113409 86.325168021023273 328.72482006251812 317.38954908400774 41.812646344304085 38.258143320679665 121.46538698673248 23.975387394428253 834.80817797034979 280.42445020377636 38.06827686727047 21.619841709733009 122.61014541983604 19.499976009130478 43.463644593954086 153.37218445539474 315.58181870728731 22.613243751227856 19.121559724211693 1251.4281216412783 356.10962474346161 50.173391580581665 313.73579154908657 146.81535143405199 455.97032173722982 76.920210272073746
leaf_count=2525 11871 1576 2527 1758 1603 500 1907 3638 248 208 528 104 4379 1852 199 131 554 168 239 993 3759 131 106 6196 1650 293 1984 977 3059 462
internal_value=-0.000247409 0.00617714 0.00327634 -0.0239498 -0.00135178 0.0127422 0.000597979 -0.017503 -0.0011762 -0.00365347 0.0103199 0.0257576 0.010675 -0.00467498 0.00691865 0.00439433 0.00876587 -0.00379714 0.0266559 -0.00596521 -0.0213021 -0.00189111 0.0220594 0.007342 0.0153317 0.0144392 -0.002944 0.00152071 -0.0110591 0.000331439
internal_weight=8069.53 6349.29 4404.59 1720.24 2710.12 1944.71 2316.34 808.976 1987.62 1522.3 1605.8 145.441 1694.46 1464.92 465.321 427.253 1460.36 176.005 65.0835 1372.93 632.971 763.589 57.3797 1337.75 859.654 91.986 740.976 460.551 609.343 362.169
internal_count=56125 34931 25473 21194 16917 9458 14392 9323 12485 9851 7882 632 8556 9537 2634 2435 7250 1926 370 8996 7397 4944 314 6696 4177 541 4813 2961 4052 2065
cat_boundaries=0 1 2 3 4 5
cat_threshold=1 1 12 142 28
is_linear=0
shrinkage=0.05


Tree=26
num_leaves=31
num_cat=4
split_feature=17 12 11 1 18 0 10 8 8 17 18 20 11 11 0 17 4 17 12 4 17 20 15 0 9 11 11 4 12 15
split_gain=464.774 44.4336 37.8359 29.9967 24.7488 19.9317 18.1442 15.9983 15.1624 14.798 14.1661 14.86 14.1114 13.8515 11.7778 10.8232 10.6105 11.2847 10.4163 9.6403 9.0927 9.08389 11.9117 8.16932 15.9865 13.7996 11.9416 11.2352 11.0484 11.5026
threshold=5.4621354193492992 21.500000000000004 0.20077519379844963 4.5000000000000009 0 1.5000000000000002 1.5000000000000002 1.0000000180025095e-35 1.0000000180025095e-35 8.0125169523808069 1 2 0.11031291543102568 0.30798149219201859 2.5000000000000004 7.0396428211862574 34.445000000000007 7.7767866372214476 21.500000000000004 8.7350000000000012 8.0125169523808069 3 65.500000000000014 2.5000000000000004 26.500000000000004 0.10038759689922482 0.1448797379122955 18.345000000000002 39.500000000000007 11.500000000000002
decision_type=2 2 2 2 1 2 2 2 2 2 1 1 2 2 2 2 2 2 2 2 2 1 2 2 2 2 2 2 2 2
left_child=5 15 3 16 7 12 -4 21 13 10 11 -8 -1 -7 -9 -2 17 -3 -10 -19 -16 22 -5 25 28 -6 -27 -28 29 -25
right_child=1 2 6 4 23 8 9 14 18 -11 -12 -13 -14 -15 20 -17 -18 19 -20 -21 -22 -23 -24 24 -26 26 27 -29 -30 -31
leaf_value=-0.032255426405538003 0.015597369068445983 0.0069423080500156942 0.005557312742786185 -0.0088783118680900702 -0.01382850320125853 -0.026302976547300794 -0.0036221609225465471 0.0036218381788520587 0.028408112708066216 0.04231278525054176 0.0043274081379859495 0.021849122865845238 -0.019458833047693958 -0.010469671184894424 0.013529009760357966 0.031642346750078036 0.027880918684098893 0.0013668396070201181 -0.0090725308094339908 0.037401376233805898 0.045809995579489039 0.002649991558647681 0.020755961551002466 0.029483304446880982 -0.024326331446689692 0.023800078680785989 -0.01948077284453667 0.018462294354085345 -0.0035397497419252032 -0.00031143959061710269
leaf_weight=594.68195912986994 318.8537070453167 801.58298563957214 683.27579601109028 377.07848327606916 474.66751749068499 409.05281290411949 67.953554525971413 467.98957358300686 19.4206208512187 51.074323728680611 260.09926095604897 526.10473576188087 348.00800843536854 211.29493115842342 329.66681827604771 159.3669448196888 78.723170980811119 27.22605662047863 202.67884223908186 57.845635131001472 22.626397401094437 985.49439304322004 36.30407989025116 66.166089609265327 59.014997147023678 48.700008548796177 57.715596735477448 28.292541339993477 203.75528784841299 62.530093848705292
leaf_count=7783 1579 4291 3394 2371 3236 5053 319 2401 186 222 1265 2418 4409 2172 1538 739 388 132 2289 281 101 5929 232 372 422 336 385 182 1248 389
internal_value=-5.78212e-05 0.00636748 0.00515218 0.00265735 0.000338606 -0.0225522 0.0117197 0.00327905 -0.0169258 0.0163599 0.0147604 0.0189226 -0.027557 -0.0209356 0.00883316 0.0209992 0.0103831 0.00879989 -0.00568254 0.0260189 0.0157261 4.16359e-05 -0.00608511 -0.00614934 -0.000571347 -0.00982661 0.00427275 -0.00693059 0.00370582 0.015116
internal_weight=8037.25 6252.11 5773.89 4185.38 3220 1785.14 1588.51 2219.16 842.447 905.232 854.158 594.058 942.69 620.348 820.283 478.221 965.378 886.655 222.099 85.0717 352.293 1398.88 413.383 1000.84 391.466 609.376 134.708 86.0081 332.451 128.696
internal_count=56062 34170 31852 24234 19142 21892 7618 12572 9700 4224 4002 2737 12192 7225 4040 2318 5092 4704 2475 413 1639 8532 2603 6570 2431 4139 903 567 2009 761
cat_boundaries=0 1 2 3 4
cat_threshold=14 28 8 15
is_linear=0
shrinkage=0.05


Tree=27
num_leaves=31
num_cat=6
split_feature=5 18 0 10 12 2 6 0 20 12 20 12 4 20 6 9 19 10 20 4 0 10 0 15 15 2 12 8 17 4
split_gain=426.189 39.8052 33.1443 21.3427 19.6204 17.5844 16.7436 16.021 14.9878 14.1074 13.0831 12.6095 12.3053 12.0609 11.0962 10.0759 9.66937 9.50559 10.1169 9.17787 8.95838 8.79511 9.65538 9.96505 8.42714 8.35592 11.1339 8.2386 9.46445 7.99231
threshold=1.0000000180025095e-35 0 1.5000000000000002 1.5000000000000002 29.500000000000004 7.2787221053910383 1.0000000180025095e-35 2.5000000000000004 1 27.500000000000004 2 18.000000000000004 35.445000000000007 3 1.0000000180025095e-35 129.50000000000003 4 1.5000000000000002 5 39.395000000000003 2.5000000000000004 6.5000000000000009 1.5000000000000002 29.500000000000004 64.500000000000014 6.0279290615141479 23.500000000000004 1.0000000180025095e-35 5.9554486925677725 8.1250000000000018
decision_type=2 1 2 2 2 2 2 2 1 2 1 2 2 1 2 2 1 2 1 2 2 2 2 2 2 2 2 2 2 2
left_child=4 2 3 9 7 8 10 14 -4 -2 24 -12 16 -14 -1 25 -13 20 -19 -11 -6 22 -18 -24 -3 29 -27 -8 -29 -10
right_child=1 6 5 -5 17 -7 27 -9 15 19 11 12 13 -15 -16 -17 21 18 -20 -21 -22 -23 23 -25 -26 26 -28 28 -30 -31
leaf_value=-0.022929580322247026 0.010041487598379592 -0.0083522758577901698 0.013832584812179192 0.010660989952642997 -0.031385702894010957 0.016946061493496194 0.0040090600406675597 0.0065018093829136165 0.014105413913478741 -0.0084200001687745954 0.029709320419753868 -0.013305424022487336 0.028769977983334027 -0.0085392916272638217 -0.0020870095695326818 -0.011565512260375143 -0.013768523825488269 0.0059645470267282617 -0.021696711346153891 0.018453692833026943 -0.01774573433791932 0.010814901775299132 0.0032664436308461665 -0.013096137507460234 -0.032050889252910941 0.023874641297288293 0.0063236260611636234 0.047196521429572626 0.012201294372938739 -0.012782437938990083
leaf_weight=281.70228829979897 149.4994837269187 325.07805572450161 859.41537056863308 384.5308645889163 706.88415376842022 873.04648101329803 331.78683488070965 79.353011958301067 37.386570572853088 596.76335818320513 33.359502658247948 161.74278467148542 52.453744173049927 31.071018971502781 82.766365393996239 81.541557036340237 152.11912013590336 37.846951924264431 326.17331440746784 32.629665598273277 150.65277844667435 146.04759328812361 504.78653634339571 113.02802555263042 41.669623620808125 97.384198978543282 1136.8833208531141 23.272228300571442 101.22756351530552 98.19628531485796
leaf_count=3588 801 2056 4382 2062 9416 4234 1894 875 200 3563 173 1019 299 178 980 452 1065 425 4190 183 1835 890 2975 705 305 445 5854 121 498 526
internal_value=-0.00033346 0.00555919 0.00824267 0.00103811 -0.0228444 0.0109 -0.000263473 -0.0137912 0.00860945 -0.00372018 -0.00272763 -0.000141368 -0.00102494 0.0173477 -0.0182151 0.00537701 -0.00246359 -0.0261197 -0.0192433 -0.00699972 -0.0290129 -0.000387411 -0.00252866 0.000256614 -0.0108302 0.00643245 0.00772661 0.00815033 0.0190668 -0.0053192
internal_weight=8030.3 6364.92 4347.28 1163.42 1665.38 3183.85 2017.64 443.822 2310.81 778.893 1561.36 1194.61 1161.25 83.5248 364.469 1451.39 1077.72 1221.56 364.02 629.393 857.537 915.981 769.934 617.815 366.748 1369.85 1234.27 456.287 124.5 135.583
internal_count=56189 34880 22702 6609 21309 16093 12178 5443 11859 4547 9665 7304 7131 477 4568 7477 6654 15866 4615 3746 11251 5635 4745 3680 2361 7025 6299 2513 619 726
cat_boundaries=0 1 2 3 4 5 6
cat_threshold=14 784 194 808 1 768
is_linear=0
shrinkage=0.05


Tree=28
num_leaves=31
num_cat=4
split_feature=17 18 16 16 16 18 16 7 2 12 12 11 16 0 8 11 15 8 6 12 20 2 9 2 9 12 16 17 0 18
split_gain=369.951 45.8278 39.3418 19.9099 19.0372 18.5053 18.2416 17.8342 13.6612 12.6144 12.1736 11.9809 10.6391 11.0583 10.0404 12.498 12.3723 9.58049 8.84776 9.61578 8.60422 7.98513 7.68689 8.36185 7.61337 7.54479 9.15028 8.08233 8.27707 9.62021
threshold=5.13111072468792 0 0.22982025974025977 0.18670184433761158 0.12073906159574586 1 0.12829714387992538 1.0000000180025095e-35 7.2887364182552004 21.500000000000004 38.500000000000007 0.53923076923076929 0.26992457142857151 2.5000000000000004 1.0000000180025095e-35 0.11432760787599498 4.5000000000000009 1.0000000180025095e-35 1.0000000180025095e-35 21.500000000000004 2 7.2280727263131066 1.5000000000000002 6.1116336227329287 2.5000000000000004 44.500000000000007 0.21758747226489167 6.9743947166044844 2.5000000000000004 3
decision_type=2 1 2 2 2 1 2 2 2 2 2 2 2 2 2 2 2 2 2 2 1 2 2 2 2 2 2 2 2 1
left_child=3 2 4 -1 24 12 -3 10 14 -4 -8 20 13 -5 15 16 -6 -15 19 -10 -11 25 23 -22 -2 26 27 28 29 -16
right_child=1 6 9 5 8 -7 7 -9 18 11 -12 -13 -14 17 21 -17 -18 -19 -20 -21 22 -23 -24 -25 -26 -27 -28 -29 -30 -31
leaf_value=-0.025513562232337608 0.0041227404229467147 -0.016572333971672206 0.032197100112592386 -0.015931417545036852 0.015943538977477283 -0.022474914783209624 0.0039207484783064647 0.014122870909218805 0.032241874791846155 -0.001341846801771387 -0.0048486433012424118 0.025183886222805641 0.012022107838394002 -0.0059862680632870174 0.013327713188888852 0.0066671495579538444 -0.0050924974306883119 0.033042838228531927 0.022029625299934547 0.0076819289844464525 -0.0069829326142779764 -0.016720189656772976 0.010208206585546491 0.023563526042358011 -0.013725513485184325 0.0040516955549361492 -0.010473964083785026 0.032999240043361647 0.024730911558219906 -0.011247321346467526
leaf_weight=977.95010732859373 92.246511191129684 164.13067961484194 111.86886823177338 198.96839416027069 78.144937306642532 328.72012868523598 697.87988969683647 219.28318691253662 42.058388084173203 113.38986586034298 911.49118004739285 213.24760423600674 68.141164064407349 45.811609208583832 139.52044093608856 769.63444472849369 598.3979247584939 22.753442384302616 182.0370294302702 562.41191904246807 24.230469331145287 26.553339689970016 493.2171763330698 242.84233914315701 166.64151971042156 251.60702019929886 31.364426404237747 67.14942766726017 107.56045411527157 46.268997967243195
leaf_count=13458 573 1252 475 2450 459 3981 3961 1219 192 550 5573 921 658 542 691 3986 3693 256 845 2955 125 124 2307 1157 1155 1286 144 310 494 231
internal_value=0.00017569 0.00564455 0.00850445 -0.0209704 0.00559631 -0.0142548 -0.000653654 0.00077983 0.0067553 0.0162339 -0.00104585 0.0145629 -0.00533614 -0.00998433 0.00466031 0.00231302 -0.00264276 0.00725442 0.0123791 0.00944121 0.0119447 0.00971568 0.0137622 0.0207765 -0.00737446 0.0108308 0.0151622 0.0174154 0.0137482 0.00729147
internal_weight=7995.52 6353.18 4360.39 1642.34 3161.6 664.395 1992.78 1828.65 2902.71 1198.8 1609.37 1086.93 335.675 267.533 2116.2 1446.18 676.543 68.5651 786.507 604.47 873.68 670.024 760.29 267.073 258.888 643.471 391.864 360.499 293.35 185.789
internal_count=56023 34678 22673 21345 17138 7887 12005 10753 15410 5535 9534 5060 3906 3248 11418 8138 4152 798 3992 3147 4139 3280 3589 1282 1728 3156 1870 1726 1416 922
cat_boundaries=0 1 2 3 4
cat_threshold=14 12 10 4
is_linear=0
shrinkage=0.05


Tree=29
num_leaves=31
num_cat=9
split_feature=21 11 9 11 2 11 9 16 1 4 12 18 2 12 20 18 15 16 1 1 12 1 9 12 19 19 4 19 18 20
split_gain=348.729 39.4255 49.6319 21.7523 21.7311 15.512 15.2437 15.233 13.745 14.2583 12.3294 12.2684 11.137 12.0002 12.641 10.9478 11.338 10.6035 9.82483 9.81633 9.38703 9.35466 10.1097 8.98035 10.2635 8.90517 8.646 8.21576 10.4862 11.2496
threshold=0 0.25904139433551204 1.0000000180025095e-35 0.29198717948717956 6.7244392276802474 0.12344124140933546 4.5000000000000009 0.12920692034934914 5.5000000000000009 18.055000000000003 39.500000000000007 1 8.0162551902612229 19.500000000000004 2 3 71.500000000000014 0.30727585870413748 5.5000000000000009 10.500000000000002 21.500000000000004 3.5000000000000004 1.0000000180025095e-35 38.500000000000007 4 5 31.855000000000004 6 7 8
decision_type=1 2 2 2 2 2 2 2 2 2 2 1 2 2 1 1 2 2 2 2 2 2 2 2 1 1 2 1 1 1
left_child=1 2 10 7 8 6 26 -2 9 -4 27 21 13 14 -3 16 19 -15 -12 -5 -7 -9 -23 24 -10 -19 -6 -1 -29 -30
right_child=3 12 4 15 5 20 -8 11 23 -11 18 -13 -14 17 -16 -17 -18 25 -20 -21 -22 22 -24 -25 -26 -27 -28 28 29 -31
leaf_value=0.0016414394518487489 -0.035892980725985076 -0.0017032426156363746 -0.0043025196507549121 0.011877123227353899 0.0013920746878178076 0.042193835456432939 -0.010580010008435677 -0.00079272085075340133 0.0088472793530626238 0.015678818322289931 0.014459099271445137 -0.026929382211766023 0.029667956844016932 0.0077151487344128316 0.03940005470919019 -0.017728268202696826 0.046169476944917333 -0.0053553565382295117 0.0026347258398950052 -0.015270285703295462 0.0085490922326106958 -0.0076180832847434557 -0.023409797125312264 -0.011960632092847347 -0.0075794193927497923 0.021748352885251801 0.019174711133347663 0.025004721535974453 0.00022491808763204464 0.017316338198243918
leaf_weight=124.43103449046612 215.86410340666771 33.41066238284111 253.22889724373817 61.888558223843575 704.69518283754587 20.658767998218536 273.48798713088036 93.479652665555477 127.90366721898317 136.64971300959587 238.51412105560303 540.9677045494318 84.162143290042877 1125.2509575262666 57.57010680437088 136.91353961825371 12.142418980598448 36.210056632757187 661.4716222435236 69.811525665223598 535.02891920506954 153.4804754331708 305.10575103014708 642.8680397644639 295.47227197140455 235.22582544386387 74.722352363169193 245.89584477245808 160.92456306517124 257.64248341321945
leaf_count=597 3226 146 1513 684 4177 100 1807 1185 820 788 1169 7371 358 5409 255 1608 114 160 3506 787 2846 1919 4209 4393 1925 1007 419 1130 785 1249
internal_value=-7.96417e-05 0.00518224 0.00291109 -0.0210074 -0.000882011 0.00312295 -0.000445724 -0.0237161 -0.00530544 0.00272299 0.00979068 -0.0212807 0.0120445 0.0110282 0.0285497 -0.00834001 0.00175922 0.00986728 0.00578099 -0.0025198 0.00987345 -0.0149496 -0.0181527 -0.00824088 -0.00257781 0.018728 0.00311927 0.0143519 0.0164542 0.0109193
internal_weight=7915.08 6325.43 4753.6 1589.65 3064.72 1608.59 1052.91 1308.9 1456.12 389.879 1688.88 1093.03 1571.83 1487.67 90.9808 280.756 143.843 1396.69 899.986 131.7 555.688 552.066 458.586 1066.24 423.376 271.436 779.418 788.894 664.463 418.567
internal_count=55662 34559 27224 21103 18788 9349 6403 17910 9439 2301 8436 14684 7335 6977 401 3193 1585 6576 4675 1471 2946 7313 6128 7138 2745 1167 4596 3761 3164 2034
cat_boundaries=0 1 2 3 4 5 6 7 8 9
cat_threshold=1 12 178 12 12 1 1 4 228
is_linear=0
shrinkage=0.05


Tree=30
num_leaves=31
num_cat=3
split_feature=5 18 12 20 0 12 11 11 2 1 1 11 8 12 9 2 8 10 10 2 0 10 1 9 2 9 11 2 20 11
split_gain=342.724 39.9353 28.1243 16.9301 16.8147 19.8627 13.2142 13.1253 13.324 12.8884 11.5357 11.4855 11.557 12.3679 10.546 11.2512 10.324 10.6221 10.1969 10.2323 10.1567 18.8945 11.9521 11.6848 9.58313 8.82823 12.4201 8.61289 8.9071 8.60647
threshold=1.0000000180025095e-35 0 38.500000000000007 1 2.5000000000000004 37.500000000000007 0.57321428571428579 0.45173237753882917 8.7370794347176304 4.5000000000000009 9.5000000000000018 0.24571843251088538 1.0000000180025095e-35 29.500000000000004 1.5000000000000002 5.8896117609601815 1.0000000180025095e-35 1.5000000000000002 1.5000000000000002 7.070826056039615 2.5000000000000004 6.5000000000000009 8.5000000000000018 1.5000000000000002 7.6006299220288804 1.5000000000000002 0.55051020408163276 6.7755430159072292 2 0.3741666666666667
decision_type=2 1 2 1 2 2 2 2 2 2 2 2 2 2 2 2 2 2 2 2 2 2 2 2 2 2 2 2 1 2
left_child=4 2 7 24 11 25 9 8 14 16 -9 12 -1 -14 15 -2 17 -3 19 -12 21 23 29 -5 -4 -6 -27 -11 -29 -22
right_child=1 6 3 20 5 -7 -8 10 -10 27 18 -13 13 -15 -16 -17 -18 -19 -20 -21 22 -23 -24 -25 -26 26 -28 28 -30 -31
leaf_value=-0.029039722726215512 -0.013151171395761475 -0.0069131564857466653 0.0083496449782333605 0.0011764732818634917 0.021117497220333341 -0.021186421535036221 0.012285529906693196 0.033642973268464153 0.050102656880118314 -0.0070767660359742001 -0.0091875535295889588 -0.012998042250683909 -0.0018049216003082236 -0.023804069653017967 0.0061365820940970338 0.015787548569438245 0.017425801133491993 0.012575808879514408 0.026961625646025934 0.024819354485201138 0.0097966300388821533 0.012371097564077426 0.0011304286440207497 -0.010457566421846174 0.024380258964485407 -0.013769674981908007 0.046817411306245234 -0.0084302360582359515 0.0059136446277411004 0.03165438940546722
leaf_weight=747.47404988855124 34.567396335303783 183.98390448838472 606.97210475057364 427.05343093723059 49.987334541976452 169.6759343072772 175.38643848896027 123.86868584156036 20.074207782745361 945.41869014501572 62.993365287780762 219.6388745456934 90.057041920721531 220.33738852292299 827.28756857663393 693.62309740483761 127.66614025831223 111.39763391762972 77.172041490674019 32.817754670977592 213.42751464247704 198.60492776334286 438.96980708092451 434.9652568474412 109.75014863908291 64.007213793694973 8.7365769669413549 151.01162991672754 316.33754923939705 56.711623668670654
leaf_count=10882 179 1114 3199 2340 575 2135 859 527 97 6166 297 2654 1082 3030 4386 3344 628 607 327 145 1062 1065 2260 2572 541 756 87 918 1883 243
internal_value=-9.90283e-05 0.0050586 0.00773766 0.00426746 -0.0210164 -0.0101517 -0.000783226 0.0123825 0.010553 -0.00204204 0.0220243 -0.0234934 -0.0256581 -0.0174476 0.0100107 0.0143977 0.00560498 0.000454375 0.013559 0.00259673 0.00159408 -0.00149414 0.00623122 -0.00469925 0.010686 0.0051518 -0.00595693 -0.00433425 0.00121696 0.0144852
internal_weight=7939.98 6370.06 4358.86 2486.45 1569.91 292.407 2011.2 1872.4 1575.55 1835.82 296.852 1277.51 1057.87 310.394 1555.48 728.19 423.048 295.382 172.983 95.8111 1769.73 1060.62 709.109 862.019 716.722 122.731 72.7438 1412.77 467.349 270.139
internal_count=55960 34759 22584 13282 21201 3553 12175 9302 8006 11316 1296 17648 14994 4112 7909 3523 2349 1721 769 442 9542 5977 3565 4912 3740 1418 843 8967 2801 1305
cat_boundaries=0 1 2 3
cat_threshold=14 592 71
is_linear=0
shrinkage=0.05


Tree=31
num_leaves=31
num_cat=7
split_feature=5 19 1 16 18 16 8 0 17 17 17 20 16 7 16 19 12 9 12 12 15 16 20 20 12 1 20 16 1 12
split_gain=317.519 46.215 35.3083 30.0737 26.7641 19.9114 17.1804 21.6163 13.9824 12.6496 11.9796 11.6469 11.4807 10.7032 10.3484 9.93999 9.92724 9.35694 9.22821 8.97176 13.7949 12.0347 9.53276 8.88187 8.8605 8.85374 8.80997 8.58387 8.45902 8.14939
threshold=1.0000000180025095e-35 0 4.5000000000000009 0.22104068658614115 1 0.18742322970224082 1.0000000180025095e-35 1.5000000000000002 7.2091109402616596 7.0780253381193976 6.8414552071678161 2 0.14085998763141624 1.0000000180025095e-35 0.14651614169453339 3 46.500000000000007 6.5000000000000009 50.500000000000007 42.500000000000007 21.500000000000004 0.23944649122807021 4 5 29.500000000000004 5.5000000000000009 6 0.3047499018838305 2.5000000000000004 27.500000000000004
decision_type=2 1 2 2 1 2 2 2 2 2 2 1 2 2 2 1 2 2 2 2 2 2 1 1 2 2 1 2 2 2
left_child=4 14 10 6 5 25 9 -8 -5 -4 19 -11 -13 -6 -2 24 -9 -14 26 20 -3 22 -21 -18 -7 -1 -16 -10 29 -12
right_child=1 2 3 8 13 15 7 16 27 11 28 12 17 -15 18 -17 23 -19 -20 21 -22 -23 -24 -25 -26 -27 -28 -29 -30 -31
leaf_value=-0.0079529769500126992 -0.016497541847063184 0.024145523158155005 -0.0035355885214436995 0.007682641444089866 -0.029544215430242854 0.019895863362335439 -0.0051547355061451437 0.0162690047358796 0.014890269192008929 -0.0052868478841911586 0.029275582565083121 -0.0068091892522595138 0.0054766100109482361 -0.010220051161519425 0.0049966163354057992 -0.015144663251220861 -0.011064406404816464 0.021548886628419806 -0.016999913326686333 -0.014686133528868526 0.0032025432939169168 0.020044378880153951 0.0050226179526041206 0.010663255532281981 -0.0031864447805207024 -0.023543889907194367 -0.0063643651207922151 0.033437542435819943 0.02694955598943588 0.010293110210340246
leaf_weight=123.25988517701626 169.83664425462484 191.09480307251215 1384.821421675384 986.57217443734407 674.76257153972983 57.892396546900272 242.05172210931778 456.90298263728619 268.28554463386536 191.55303489416838 71.675734311342239 87.202078372240067 186.68052142858505 81.689508087933064 329.22543717175722 99.978348307311535 67.450141385197639 176.56760838627815 99.363228879868984 79.443966411054134 133.70212984085083 86.364828363060951 180.70313388854265 107.72770492732525 140.67708498984575 363.04214827716351 331.67942678183317 82.032930448651314 228.31479951739311 265.73727306723595
leaf_count=1723 1150 935 8842 4916 9486 646 1351 2220 1248 1124 323 580 1034 1121 1743 1186 351 949 558 432 685 400 1001 561 1720 5294 1763 349 1083 1271
internal_value=5.34176e-05 0.00495695 0.00670077 0.00454161 -0.0203136 -0.0132182 0.00168089 0.00753575 0.0107433 -0.000846675 0.0141421 0.00494987 0.00921801 -0.0271157 -0.00531876 -0.00320637 0.012396 0.0133267 -0.00287301 0.0096018 0.0155607 0.00398764 -0.00139929 0.00225919 0.0034369 -0.0196166 -0.000726632 0.0193162 0.0195034 0.0144001
internal_weight=7946.29 6404.99 5474.88 4237.85 1541.3 784.85 2900.96 874.133 1336.89 2026.82 1237.04 642.003 450.45 756.452 930.105 298.548 632.081 363.248 760.268 671.309 324.797 346.512 260.147 175.178 198.569 486.302 660.905 350.318 565.728 337.413
internal_count=56045 34869 29655 23525 21176 10569 17012 4483 6513 12529 6130 3687 2563 10607 5214 3552 3132 1983 4064 3453 1620 1833 1433 912 2366 7017 3506 1597 2677 1594
cat_boundaries=0 1 2 3 4 5 6 7
cat_threshold=1 12 774 14 705 581 410
is_linear=0
shrinkage=0.05


Tree=32
num_leaves=31
num_cat=6
split_feature=5 16 2 13 18 16 18 10 9 16 11 1 8 1 2 7 16 18 15 16 14 16 2 18 20 3 20 0 1 2
split_gain=270.237 39.5131 22.6693 20.493 20.0336 16.02 14.8358 12.9891 18.7505 12.7456 12.5993 12.434 12.7323 11.3293 11.0438 10.963 10.6429 10.0729 9.44267 9.35815 8.83817 8.23627 7.59948 8.39381 10.4038 9.48657 8.91561 8.75898 7.54019 11.9115
threshold=1.0000000180025095e-35 0.22099352433281008 7.859870564925334 1.0000000180025095e-35 0 0.25732231559290392 1 1.5000000000000002 1.5000000000000002 0.18015954788386543 0.39932432432432435 18.500000000000004 1.0000000180025095e-35 5.5000000000000009 6.262454960633943 1.0000000180025095e-35 0.13835613174654832 2 8.5000000000000018 0.11021530351270943 1.0000000180025095e-35 0.21582337662337667 6.425589995676571 3 4 2.5000000000000004 5 2.5000000000000004 4.5000000000000009 7.8902624965126185
decision_type=2 2 2 2 1 2 1 2 2 2 2 2 2 2 2 2 2 1 2 2 2 2 2 1 1 2 1 2 2 2
left_child=4 2 3 19 5 16 9 8 20 -5 17 12 14 -14 -8 28 -1 -9 -10 -2 -3 22 -21 24 25 27 -25 -24 29 -6
right_child=1 7 -4 6 15 -7 11 10 18 -11 -12 -13 13 -15 -16 -17 -18 -19 -20 21 -22 -23 23 26 -26 -27 -28 -29 -30 -31
leaf_value=-0.028596001883917178 -0.010857262467102419 0.029338319053478775 0.013631197121962728 -0.0020715881017450452 -0.022994496018656361 0.0062189556625619055 -0.017650739846077391 -0.01005200460224664 0.01913804174768597 0.01027305681102228 0.020102501062131132 -0.015178428858137048 0.018243706556604643 -0.0017525112593040244 -0.0036832902871682172 -0.0082964164093968333 -0.012822859914482634 0.011225668409536888 -0.0038267748009367698 0.00098537978710297588 0.0097121755256338663 -0.017613283450602299 0.017940066628073511 0.010146169129213128 0.0065622700798097485 0.0049251150212013886 -0.0058784239199850159 0.040988656546409687 -0.03076712154820177 0.01961698108891852
leaf_weight=132.84333656728268 91.949448131024837 61.588726714253426 347.43489611148834 594.72023755311966 129.45694222301245 92.359517805278301 183.66471230983734 61.23725588619709 49.15065498650074 321.25597181171179 465.12095914781094 289.21739565581083 105.07719038426876 212.75247728824615 609.30834995955229 81.550064038485289 557.25390645489097 285.04853691160679 415.88756424188614 500.61318419128656 736.38925978541374 36.754860334098339 115.88920848816633 151.51790814101696 450.31858167052269 71.651337876915932 176.28812273591757 65.858941778540611 508.27324320375919 17.983142629265785
leaf_count=2102 639 269 1792 3594 1769 927 1328 332 247 1653 1999 1836 532 1175 3748 1126 7623 1326 2171 2935 3614 183 616 819 2347 373 952 329 7444 249
internal_value=-0.000377765 0.00412436 0.0014022 0.00033066 -0.019324 -0.0131138 -0.0027084 0.00979548 0.0066157 0.00224004 0.0147308 -0.00591899 -0.00354989 0.00489489 -0.00693652 -0.0253669 -0.0158962 0.00747861 -0.00136373 0.00456762 0.0112618 0.00547798 0.00604305 0.00849428 0.0115046 0.0196493 0.00161737 0.0264706 -0.0278604 -0.0177001
internal_weight=7918.42 6398.7 4324.27 3976.84 1519.72 782.457 2316 2074.42 1263.02 915.976 811.407 1400.02 1110.8 317.83 792.973 737.263 690.097 346.286 465.038 1660.84 797.978 1568.89 1532.14 1031.52 703.718 253.399 327.806 181.748 655.713 147.44
internal_count=56049 34809 24851 23059 21240 10652 13866 9958 6301 5247 3657 8619 6783 1707 5076 10588 9725 1658 2418 9193 3883 8554 8371 5436 3665 1318 1771 945 9462 2018
cat_boundaries=0 1 2 3 4 5 6
cat_threshold=12 4 1 13 387 568
is_linear=0
shrinkage=0.05


Tree=33
num_leaves=31
num_cat=6
split_feature=17 19 11 1 13 18 0 14 4 4 0 15 19 20 17 15 15 18 0 11 9 4 1 20 11 4 9 9 15 4
split_gain=259.714 34.6872 28.0808 22.6918 19.0844 18.7678 16.5139 17.2879 14.675 12.8782 12.2074 10.8983 10.023 9.77801 9.9906 9.70814 9.16419 8.92967 8.9263 8.17714 9.2471 8.68559 7.97781 8.71441 7.72782 7.69177 7.25646 9.94926 9.04726 8.15119
threshold=5.5019722061349379 0 0.3304597701149426 4.5000000000000009 1.0000000180025095e-35 1 1.5000000000000002 1.0000000180025095e-35 26.375000000000004 29.705000000000002 2.5000000000000004 23.500000000000004 2 3 6.9239730568113549 12.500000000000002 22.500000000000004 4 2.5000000000000004 0.13796362688221112 2.5000000000000004 30.715000000000003 13.500000000000002 5 0.11432760787599498 25.435000000000006 80.500000000000014 2.5000000000000004 17.500000000000004 20.005000000000006
decision_type=2 1 2 2 2 1 2 2 2 2 2 2 1 1 2 2 2 1 2 2 2 2 2 1 2 2 2 2 2 2
left_child=3 -2 5 4 19 8 24 15 10 16 26 -12 -13 -7 -15 -8 22 18 -18 20 21 -1 -4 -24 -5 -19 27 -3 29 -29
right_child=1 2 9 6 -6 13 7 -9 -10 -11 11 12 -14 14 -16 -17 17 25 -20 -21 -22 -23 23 -25 -26 -27 -28 28 -30 -31
leaf_value=0.00046787746377877255 -0.0042239948179869083 0.0041091631684696357 0.011756813830797136 -0.030504062877278762 -0.016456225102705422 -0.010076442861437105 0.038983669057620046 -0.017278833773559488 0.014669100592081784 0.026724782257174024 0.013500238262871965 0.023413398488308149 -0.00084358259307232536 -0.0016154499387391408 0.009284679246558342 -0.0056006845019112052 0.020408676828967492 0.01775301422624764 -0.013683187591341437 0.021635341303728132 -0.027572203973592054 0.052458146582318003 0.013770610270592842 -0.0060320084942940026 -0.01909327693033417 0.045116309500363348 0.011273997959753704 0.00074187371439735084 -0.0093377977750279846 0.035284469057213066
leaf_weight=61.300652962177992 906.49310629814863 814.07523930072784 352.44131936132908 411.2522598542273 202.33958912268281 216.7856724485755 20.43990670144558 563.18113614991307 474.03586269915104 150.46037016808987 605.26941303908825 38.215162396430969 316.74462334811687 773.28017173707485 287.59057632088661 27.864010699093342 30.726955741643906 351.50768232345581 47.630547165870667 57.440233364701271 25.050004962831736 8.2480701580643636 68.686615958809853 172.46620559692383 244.01102010160685 27.311071068048477 189.20014718174934 100.98494716733694 334.57493235170841 19.565990090370178
leaf_count=748 5068 4345 1610 6311 2693 1421 217 7266 2463 663 2975 201 1669 4902 1669 321 157 1549 228 649 350 95 323 819 3528 120 1004 600 1992 116
internal_value=0.000195687 0.00480319 0.00632319 -0.0176395 -0.00643201 0.00439278 -0.0207673 -0.0148155 0.006609 0.0130684 0.00505118 0.00942605 0.00246043 -0.000672491 0.00133287 0.0136733 0.0110894 0.0164073 -0.000200495 0.00692898 -0.00213361 0.00728979 0.00697284 -3.85557e-05 -0.0262904 0.0193304 0.00216622 0.000800713 -0.00511309 0.00659246
internal_weight=7899.17 6278.05 5371.55 1621.13 354.379 4170.32 1266.75 611.485 2892.67 1201.23 2418.63 960.229 354.96 1277.66 1060.87 48.3039 1050.77 457.176 78.3575 152.039 94.5987 69.5487 593.594 241.153 655.263 378.819 1458.4 1269.2 455.126 120.551
internal_count=56072 33894 28826 22178 4535 23357 17643 7804 15365 5469 12902 4845 1870 7992 6571 538 4806 2054 385 1842 1193 843 2752 1142 9839 1669 8057 7053 2708 716
cat_boundaries=0 1 2 3 4 5 6
cat_threshold=1 14 8 66 1 592
is_linear=0
shrinkage=0.05


Tree=34
num_leaves=31
num_cat=9
split_feature=5 16 18 16 19 1 13 13 19 17 11 14 16 19 16 1 20 19 20 17 16 16 13 16 20 7 16 20 1 8
split_gain=226.438 38.375 23.5921 16.184 15.5278 14.6894 16.213 11.9924 11.4399 11.0462 11.1885 10.971 10.2382 11.3357 9.94759 12.4266 14.3834 9.6491 9.56465 9.34993 8.86931 8.71214 8.1282 8.2809 7.92463 7.90849 7.90392 7.84227 7.79802 7.60653
threshold=1.0000000180025095e-35 0.2109395491803279 0 0.13877384842826021 1 4.5000000000000009 1.0000000180025095e-35 1.0000000180025095e-35 2 7.2091109402616596 0.55051020408163276 1.0000000180025095e-35 0.13877384842826021 3 0.1775498689906585 17.500000000000004 4 5 6 7.6480341002566936 0.25502969072164955 0.38600320386219011 1.0000000180025095e-35 0.12829714387992538 7 1.0000000180025095e-35 0.18257929994975719 8 4.5000000000000009 1.0000000180025095e-35
decision_type=2 2 1 2 1 2 2 2 1 2 2 2 2 1 2 2 1 1 1 2 2 2 2 2 1 2 2 1 2 2
left_child=3 2 7 -1 -3 6 20 8 24 10 28 26 19 14 -14 16 -16 22 25 -9 27 29 23 -13 -2 -15 -4 -5 -6 -7
right_child=1 4 11 5 9 21 -8 12 -10 -11 -12 17 13 18 15 -17 -18 -19 -20 -21 -22 -23 -24 -25 -26 -27 -28 -29 -30 -31
leaf_value=-0.029318180870861649 0.027261655477992988 -0.0011919226633093495 0.00019463206993488362 0.017967563737256886 0.013348393802928297 -0.021680398641785489 -0.016093286609042561 -0.011118947388038767 0.0038510214294899744 0.016665428142809909 0.017548111517847822 -0.01877055610061203 0.002384011746212257 0.0014799244625532699 -0.0056603171836285722 0.04165194409475121 0.025314284666775273 -0.010800583609688563 -0.0068719707211212476 0.012990916038685988 0.037388400459323477 0.032230912103626226 -0.0062197658403306162 0.0096877703241257229 0.0091575878852116956 0.020519451437637139 0.02993662571866252 -0.0082718470454138816 0.0040720450178050272 -0.011334553153803795
leaf_weight=260.09956311807036 93.471309259533882 340.62395979464054 59.28395764529705 35.142033398151398 296.87162934243679 681.02886528894305 151.65629268437624 266.71366269141436 817.23480002582073 531.3726811259985 267.38890399038792 28.526204012334347 210.49933750927448 507.93606331199408 70.429716214537621 42.695672631263733 66.59459762275219 571.79710101336241 353.66530614346266 46.45415148884058 20.692432157695293 7.5213256031274787 362.28819973766804 191.83284466713667 248.24003930389881 60.130242332816124 34.856400087475777 64.117060981690884 953.2830953374505 245.41568407416344
leaf_count=4318 485 1683 350 456 1356 9840 2076 1792 4250 2391 1187 217 1182 2757 351 223 328 3801 1936 282 188 75 2434 1175 1289 314 176 799 4874 3393
internal_value=-0.000272242 0.00377543 0.000799641 -0.0179985 0.00879501 -0.0155341 -0.00527495 0.00335611 0.00725174 0.0104101 0.00827879 -0.00488658 0.000595846 0.00253561 0.00953982 0.0183895 0.0108918 -0.00626618 -0.00053437 -0.00751261 0.00842278 -0.0185087 -0.00159298 0.00593559 0.0148055 0.00346687 0.0114058 0.00207166 0.00628379 -0.018955
internal_weight=7887.86 6422.19 4032.65 1465.67 2389.54 1205.57 271.608 2784.06 1158.95 2048.92 1517.54 1248.58 1625.12 1311.95 390.219 179.72 137.024 1154.44 921.732 313.168 119.952 933.966 582.647 220.359 341.711 568.066 94.1404 99.2591 1250.15 926.445
internal_count=55978 34833 23342 21145 11491 16827 3519 15189 6024 9808 7417 8153 9165 7091 2084 902 679 7627 5007 2074 1443 13308 3826 1392 1774 3071 526 1255 6230 13233
cat_boundaries=0 1 2 3 4 5 6 7 8 9
cat_threshold=14 1 24 12 617 28 632 259 34
is_linear=0
shrinkage=0.05


Tree=35
num_leaves=31
num_cat=3
split_feature=17 1 12 19 12 11 15 4 19 16 1 16 16 2 11 17 12 19 4 16 15 15 10 2 4 2 4 1 12 15
split_gain=188.1 29.8038 20.7792 20.3322 18.9561 13.6273 12.5531 11.4965 14.0744 11.4601 13.3357 11.229 11.1028 10.5419 10.4317 10.7882 10.3534 9.94482 9.0782 9.98782 10.1811 9.17338 9.02954 8.97603 8.8044 8.59829 8.53885 7.76783 7.46832 7.7609
threshold=5.5019722061349379 4.5000000000000009 29.500000000000004 0 23.500000000000004 0.25137362637362642 6.5000000000000009 26.625000000000004 1 0.17233258896412623 5.5000000000000009 0.28222858731924366 0.23944649122807021 6.7244392276802474 0.3741666666666667 6.8196614948686687 50.500000000000007 2 21.255000000000006 0.20387154055351148 7.5000000000000009 44.500000000000007 39.500000000000007 7.3776932808351701 40.305000000000007 6.2872170904803601 43.335000000000008 5.5000000000000009 41.500000000000007 16.500000000000004
decision_type=2 2 2 1 2 2 2 2 1 2 2 2 2 2 2 2 2 1 2 2 2 2 2 2 2 2 2 2 2 2
left_child=2 7 12 16 11 17 23 8 18 -4 -11 13 26 -5 15 -10 -3 -6 19 20 -2 -22 -12 -7 25 -19 27 -1 -27 -30
right_child=1 3 9 4 5 6 -8 -9 14 10 22 -13 -14 -15 -16 -17 -18 24 -20 -21 21 -23 -24 -25 -26 28 -28 -29 29 -31
leaf_value=0.00072950730705415457 0.016911617299857323 -0.0039457425320864733 -0.024517143827321074 0.00065799795918945335 0.0041248785025692443 -0.018388106568906021 0.0090297835505708506 0.02000765197266852 0.0024233350458048868 -0.001874152037962516 -0.020131273260596876 0.036494998367555063 0.010076549583847141 0.020015434986412409 0.021206283688866207 0.013652910764195229 -0.021730336825134873 -0.0093821761328471073 -0.033622277358194508 0.014771526924611587 -0.032969033957701767 0.0070738258678669941 0.026133534398253683 0.015783071414591905 0.015136096453807035 0.0032498486991851812 0.033606878163786727 -0.016358745382580763 0.0010557673489172551 -0.0088023654225462562
leaf_weight=90.975096724927425 22.804580479860306 612.21522785723209 562.62963747605681 138.65213883668184 1017.7184032946825 74.093300297856331 853.53929820656776 228.79514837265015 450.60606647282839 154.98976427316666 418.84996823593974 48.087221682071686 81.187212519347668 141.88834036886692 173.24782837927341 407.0171654522419 93.605845212936401 377.8985932841897 23.812831372022629 59.603122845292091 47.223514601588249 19.894808292388916 9.9951662942767125 24.972011879086494 71.032617479562759 612.96171376109123 9.762073162943123 245.39685755968094 382.7551448866725 415.88868822157383
leaf_count=1163 116 3490 8922 703 5936 356 3971 1078 2383 1902 5628 203 847 660 737 1958 561 2431 120 276 272 115 118 109 394 3394 127 3491 2159 2523
internal_value=-0.000450571 0.00341341 -0.0159066 0.00154591 0.00287695 0.00189333 0.00707358 0.0097484 0.0077842 -0.019413 -0.0144607 0.0143899 -0.00647599 0.0104847 0.00994381 0.00776244 -0.00624341 0.00017698 -0.00530852 -0.00095865 -0.0114328 -0.0211702 -0.0189947 -0.00970272 -0.00199503 -0.00269425 -0.0103763 -0.0117486 -0.000898459 -0.00408238
internal_weight=7872.1 6298.31 1573.79 4865.31 4159.49 3830.86 952.605 1433.01 1204.21 1146.46 583.835 328.628 427.321 280.54 1030.87 857.623 705.821 2878.26 173.339 149.526 89.9229 67.1183 428.845 99.0653 1860.54 1789.5 346.134 336.372 1411.61 798.644
internal_count=56143 33945 22198 26890 22839 21273 4436 7055 5977 16570 7648 1566 5628 1363 5078 4341 4051 16837 899 779 503 387 5746 465 10901 10507 4781 4654 8076 4682
cat_boundaries=0 1 2 3
cat_threshold=1 1 12
is_linear=0
shrinkage=0.05


Tree=36
num_leaves=31
num_cat=2
split_feature=5 1 16 12 4 16 12 11 16 18 18 17 0 9 17 2 16 9 12 16 15 4 9 4 17 4 9 16 8 1
split_gain=178.955 31.3384 20.3369 19.0102 18.0887 16.3718 14.7556 12.875 11.4339 11.3286 10.9092 11.4788 11.3708 10.6099 9.82502 9.62636 9.44233 9.58511 9.10091 8.49728 10.789 8.66373 8.3287 9.2483 8.11582 8.31845 8.75745 8.04177 8.39981 8.81815
threshold=1.0000000180025095e-35 4.5000000000000009 0.13383521493703868 29.500000000000004 28.685000000000006 0.31240816326530618 19.500000000000004 0.4129437574790587 0.16369577604587901 0 1 8.1759541911043048 1.5000000000000002 3.5000000000000004 6.080505113637189 6.7373286956335496 0.12073906159574586 27.500000000000004 41.500000000000007 0.1775498689906585 72.500000000000014 6.6050000000000013 4.5000000000000009 18.875000000000004 8.0507830966843006 4.5050000000000008 70.500000000000014 0.2905911532650664 1.0000000180025095e-35 7.5000000000000009
decision_type=2 2 2 2 2 2 2 2 2 1 1 2 2 2 2 2 2 2 2 2 2 2 2 2 2 2 2 2 2 2
left_child=3 16 13 9 5 6 8 -5 -4 27 11 19 -12 -3 -6 -14 17 -2 -18 20 -8 -22 -9 -24 25 -20 -27 28 29 -1
right_child=1 2 4 7 14 -7 10 22 -10 -11 12 -13 15 -15 -16 -17 18 -19 24 -21 21 -23 23 -25 -26 26 -28 -29 -30 -31
leaf_value=0.009073177950903866 -0.015079574540452509 -0.00053423576742128872 0.044739052033321181 -0.021689344229597989 -0.0055054107627339052 0.013378372766166411 -0.0074390631162381 -0.01247826722329165 0.0091413869242390686 -0.015013654777690144 -0.010563080659971641 0.017307353104906494 -0.004980104476591171 -0.015042669382482794 0.013308821955699998 0.0038115467787900995 0.015148337767263884 0.02164708770603755 0.021307802153967593 0.0039929801047872467 -0.014291454893384892 0.01470582448675177 -0.003619326693419841 0.048984501469269442 0.029997401044071122 0.0016260575038387682 0.020554677868625252 0.034275100300568621 0.015195133004129696 -0.017633495945388506
leaf_weight=47.702622875571251 67.983873806893826 246.59246214479208 27.245735168457031 912.78458662703633 79.674095094203949 264.35384944081306 431.55299959331751 89.16843868792057 116.25104019790888 190.28459126502275 389.41469910740852 121.4845554381609 651.18961277604103 256.86349305510521 512.3492245003581 594.82280112802982 659.9357942417264 22.970164373517036 75.367239713668823 1122.0783322826028 32.341341629624367 113.83612582087517 21.963882498443127 12.362990371882914 35.450612798333168 537.12366933375597 67.983704678714275 16.493087813258171 54.362137354910374 84.264529448002577
leaf_count=635 431 1627 139 14295 465 1178 2527 1164 535 2732 2486 595 3949 1947 2610 3159 3101 148 380 5555 180 630 233 129 159 2670 345 147 641 1252
internal_value=-9.5646e-05 0.00346373 0.0015642 -0.0160907 0.00264073 0.00139264 0.000509096 -0.0196409 0.0161632 -0.00670587 -0.000145229 0.00250985 -0.00309819 -0.00795159 0.0107718 -0.000783445 0.00988157 -0.00566982 0.010913 0.00145749 -0.00346539 0.00823675 -0.0044474 0.0161765 0.0069932 0.00575249 0.00378309 0.00177338 -0.00117648 -0.00798411
internal_weight=7856.25 6426.87 4960.05 1429.39 4456.59 3864.57 3600.22 1036.28 143.497 393.107 3456.72 1821.29 1635.43 503.456 592.023 1246.01 1466.82 90.954 1375.86 1699.81 577.73 146.177 123.495 34.3269 715.925 680.475 605.107 202.822 186.329 131.967
internal_count=56044 34816 27582 21228 24008 20933 19755 15821 674 5407 19081 9487 9594 3574 3075 7108 7234 579 6655 8892 3337 810 1526 362 3554 3395 3015 2675 2528 1887
cat_boundaries=0 1 2
cat_threshold=12 6
is_linear=0
shrinkage=0.05


Tree=37
num_leaves=31
num_cat=6
split_feature=17 16 1 11 14 18 16 19 19 10 9 10 4 18 4 17 18 1 17 17 4 11 0 8 3 4 4 16 1 20
split_gain=190.483 30.5033 19.8908 19.7786 16.9854 14.6874 14.6297 13.3102 11.6289 12.9933 9.89819 9.17406 10.3004 9.16728 14.7057 8.69178 11.6138 8.62162 8.07307 7.87027 7.81468 7.6099 7.58045 8.46246 8.26695 7.41807 7.32362 6.96929 6.93363 6.63349
threshold=1.0000000180025095e-35 0.23944649122807021 4.5000000000000009 0.28220211161387637 1.0000000180025095e-35 0 0.13061117602121067 1 2 1.5000000000000002 5.5000000000000009 2.5000000000000004 18.875000000000004 3 32.585000000000008 7.8299008336753291 4 4.5000000000000009 6.156162974716973 7.7767866372214476 8.7350000000000012 0.45173237753882917 2.5000000000000004 1.0000000180025095e-35 1.5000000000000002 30.365000000000006 11.705000000000002 0.13061117602121067 5.5000000000000009 5
decision_type=2 2 2 2 2 1 2 1 1 2 2 2 2 1 2 2 1 2 2 2 2 2 2 2 2 2 2 2 2 1
left_child=3 2 19 6 -4 17 -1 18 -7 10 29 -5 26 22 -15 16 -9 -3 25 -2 -21 -14 28 -24 -25 -6 -13 -18 -8 -10
right_child=1 5 4 11 7 8 13 15 9 -11 -12 12 21 14 -16 -17 27 -19 -20 20 -22 -23 23 24 -26 -27 -28 -29 -30 -31
leaf_value=-0.032136201863245041 0.0061809074902209717 0.014626146380240346 0.011758742352806566 -0.011251531885297317 -0.0083340921731821435 5.199910533966657e-05 -0.0035847963406106121 0.00010944060988414835 0.015054088642294877 0.020181974183325249 -0.020993643957901681 0.0082296948004139496 0.0086645603614080389 -0.025284382760241222 0.0060472401714477403 0.0076358768926971174 -0.020502687759014055 -0.0059133269423998023 0.003608497825266452 -0.00097854324029041768 0.029076878433738032 0.056653182529016938 -0.010794278649711777 -0.0068057255422553312 0.040998962275227036 0.015932908124370822 -0.026938482413323417 -0.0071934571618539533 -0.018335727404154532 0.0038626155942330133
leaf_weight=189.24148092791438 1017.6666028499603 66.492067947983742 280.6625862121582 171.79657030105591 261.49988108873367 185.00437754392624 109.54518876969814 627.09372973442078 332.82261625677347 483.67849300801754 25.104549184441566 42.028170626610518 19.246308255940676 427.10088805854321 40.662726145237684 142.40078087151051 111.13657648861408 209.29023705422878 1449.1652692556381 30.164568215608597 74.852057039737701 14.074216917157171 53.211786441504955 15.544036366045473 19.829802505671978 34.849591307342052 21.59664648026228 829.46311277896166 296.6979204826057 256.13272319734097
leaf_count=3383 5218 318 1401 2255 1716 875 1544 3576 1564 2073 134 471 218 6787 601 748 854 1121 8244 139 343 142 755 181 237 215 239 4993 4603 1210
internal_value=-8.5522e-06 0.00365926 0.0017061 -0.0165689 -4.81025e-05 0.00974356 -0.019417 -0.00101017 0.0119434 0.0139271 0.00920193 -0.00433529 0.00791071 -0.0168856 -0.0220826 -0.00413003 -0.0052293 -0.00089394 0.00205885 0.00753889 0.0205161 0.0299945 -0.0112658 0.00174391 0.0203829 -0.0054364 -0.00393983 -0.00869378 -0.0143766 0.0105224
internal_weight=7838.06 6417.48 4858.95 1420.58 3736.27 1558.53 1151.83 3455.61 1282.74 1097.74 614.06 268.742 96.9453 962.592 467.764 1710.09 1567.69 275.782 1745.51 1122.68 105.017 33.3205 494.829 88.5856 35.3738 296.349 63.6248 940.6 406.243 588.955
internal_count=56158 34742 27447 21416 21747 7295 18091 20346 5856 4981 2908 3325 1070 14708 7388 10171 9423 1439 10175 5700 482 360 7320 1173 418 1931 710 5847 6147 2774
cat_boundaries=0 1 2 3 4 5 6
cat_threshold=1 28 1 12 4 944
is_linear=0
shrinkage=0.05


Tree=38
num_leaves=31
num_cat=0
split_feature=17 11 4 16 1 2 9 11 0 10 4 15 12 3 16 16 9 11 12 17 11 15 11 2 12 4 1 16 17 1
split_gain=152.533 24.6332 22.443 19.807 19.5472 18.5597 12.7593 20.2541 15.5189 9.76513 9.25623 12.9984 8.45439 8.8253 8.44435 9.47445 7.70465 12.9946 7.47701 8.36569 7.61348 12.8737 12.1022 8.94518 7.40758 12.9892 10.8043 7.5633 7.34493 7.42012
threshold=5.7738680802913134 0.50252525252525271 27.115000000000006 0.17233258896412623 7.5000000000000009 6.4189683422251091 1.0000000180025095e-35 0.12005586592178773 1.5000000000000002 4.5000000000000009 29.335000000000004 21.500000000000004 41.500000000000007 3.5000000000000004 0.16457955047357317 0.14834242776057796 1.0000000180025095e-35 0.097693531283138943 50.500000000000007 6.5315261054388589 0.14528739214493672 18.500000000000004 0.16241485530825636 7.0316043233489474 50.500000000000007 13.355000000000002 10.500000000000002 0.2186888888888889 8.13302076764265 4.5000000000000009
decision_type=2 2 2 2 2 2 2 2 2 2 2 2 2 2 2 2 2 2 2 2 2 2 2 2 2 2 2 2 2 2
left_child=3 2 5 16 10 14 8 -8 -7 24 -5 -12 13 -10 15 -2 -1 -18 20 -20 21 -4 -22 -23 26 -26 -3 -28 29 -9
right_child=1 9 18 4 -6 6 7 28 12 -11 11 -13 -14 -15 -16 -17 17 -19 19 -21 22 23 -24 -25 25 -27 27 -29 -30 -31
leaf_value=-0.0088290908927955436 -0.0043531489761146546 0.022500184868003051 0.014348396307800094 -0.0020126343195487717 -0.013784921619321211 -0.0034401100490598414 -0.0036246147367618438 0.011711896096968828 0.019430375495780756 0.032448028951380901 0.0010292957942897711 0.055726976509941843 0.0059244409862477514 -0.0016276876507140118 -0.0011799901480078338 -0.020466161356548791 -0.027732106340543808 -0.013271500950133264 0.018525767381804777 -0.011893905958915228 0.050741811154220884 -0.0093604637036411396 0.01496821123306317 0.012634471608982307 -0.029405543582985139 0.017230837612890532 -0.0064759860052540728 0.012663533111985571 0.020272854504531663 0.0023648054749887547
leaf_weight=150.78567231446505 257.00881745666265 188.22309371829033 329.60530117899179 296.95700658485293 594.35992654785514 237.53114950656891 1179.7532045394182 273.15774084627628 334.58562539517879 61.300241991877556 28.265850327908993 16.679122220724821 393.28392058610916 58.242051348090172 792.36716006696224 141.07561626285315 361.27125505357981 277.82726053148508 31.599267929792404 72.769814059138298 25.928350672125816 131.27498625963926 213.41824014484882 70.07196356356144 27.892960697412491 29.951997220516205 76.319739699363708 155.26955877244473 77.369639620184898 944.89721183478832
leaf_count=2110 1816 818 1698 3314 7349 1261 7298 1246 1496 253 310 164 1905 259 4343 906 5944 4153 185 391 136 783 1001 382 127 136 370 681 353 4847
internal_value=-0.00012803 0.00358394 0.00259392 -0.0132464 -0.00831288 0.0012215 0.00305622 0.00111332 0.00774852 0.0137807 0.00121215 0.0220988 0.0111293 0.016312 -0.00416891 -0.0101004 -0.0190763 -0.0214764 0.00994192 -0.00259549 0.0116418 0.00827792 0.0190386 -0.00168126 0.0113222 -0.00537488 0.0136302 0.00635542 0.00542766 0.00446885
internal_weight=7829.04 6102.9 5563.94 1726.15 936.262 4689.27 3498.82 2475.18 1023.64 538.958 341.902 44.945 786.112 392.828 1190.45 398.084 789.884 639.099 874.668 104.369 770.299 530.952 239.347 201.347 477.657 57.845 419.812 231.589 1295.42 1218.05
internal_count=56035 32691 30306 23344 11137 25730 18665 13744 4921 2385 3788 474 3660 1755 7065 2722 12207 10097 4576 576 4000 2863 1137 1165 2132 263 1869 1051 6446 6093
is_linear=0
shrinkage=0.05


Tree=39
num_leaves=31
num_cat=7
split_feature=5 12 18 0 16 12 1 16 2 19 16 19 20 1 20 12 20 16 20 4 16 2 15 12 3 3 4 15 1 2
split_gain=147.119 22.9857 18.3664 15.3394 14.79 12.2341 12.0004 13.9526 12.8093 14.1358 11.6159 11.57 12.2135 11.183 12.1713 11.0838 10.331 10.2623 11.3898 10.1656 10.0721 8.62957 8.56596 11.0698 10.2607 8.50729 9.12284 8.28053 10.042 8.44298
threshold=1.0000000180025095e-35 38.500000000000007 0 2.5000000000000004 0.31694303597727752 42.500000000000007 5.5000000000000009 0.11712857142857143 6.9859331719499389 1 0.23037508753501404 2 3 7.5000000000000009 4 18.000000000000004 5 0.21282096382096385 6 28.385000000000002 0.20643975155279506 7.9477103827515547 33.500000000000007 24.500000000000004 1.5000000000000002 1.5000000000000002 10.475000000000003 21.500000000000004 21.500000000000004 6.8139060314359963
decision_type=2 2 1 2 2 2 2 2 2 1 2 1 1 2 1 2 1 2 1 2 2 2 2 2 2 2 2 2 2 2
left_child=2 10 3 4 13 22 7 -3 -8 25 11 -2 -13 14 -1 -4 21 18 -11 -17 -16 -9 23 -5 -25 -10 -27 28 -12 -29
right_child=1 6 15 5 -6 -7 8 16 9 17 27 12 -14 -15 20 19 -18 -19 -20 -21 -22 -23 -24 24 -26 26 -28 29 -30 -31
leaf_value=-0.020316478207337063 -0.0051748661016739785 -0.019463149266297549 0.01818409964050954 0.077758349191026505 0.036017851958698152 -0.009562648009763695 -0.0043617136956040489 0.011159955543417173 0.021417843649455058 0.0018407602575931901 0.014099404703228846 0.012334863736101775 0.0029293717194648315 -0.01956896705551121 -0.0021122538381756631 -0.025220502173601472 0.0019194600989061235 0.0068542546929350467 -0.014161908976118562 -0.0067396300019671425 0.032225301917506777 0.044160331261282042 -0.0083659318973022603 -0.0073243535086595177 0.0411698050703709 0.019330968385578687 -0.0043345538179832294 -0.00025838196054324853 0.043664283298481182 0.014003992165445588
leaf_weight=65.851237487047911 282.19429332762957 54.871019542217255 16.283372476696968 9.0958502963185293 14.047065787017344 68.062541540712118 1642.8721950873733 336.94997016340494 132.70338994264603 234.46575009077787 347.44083598256111 481.40060693025589 1231.9912944287062 358.42637012898922 103.28190663084388 555.27202046662569 570.43575397878885 248.83537621796131 201.40098778158426 86.919573586434126 25.88871056959033 20.222546949982643 19.051268879324198 19.952585302293301 22.393229015171528 64.217218026518822 107.68870913237333 223.35068349540234 30.675812542438507 192.74591638147831
leaf_count=984 1587 368 230 93 127 928 9904 1696 696 1350 1581 2496 6695 5784 1568 9049 2887 1177 1163 1319 311 91 217 241 273 347 561 1055 145 841
internal_value=-0.000440472 0.00273603 -0.0153406 -0.00926052 -0.0130287 0.00549243 0.000104193 0.0048169 -0.00165601 0.002837 0.00614476 0.00410583 0.0056338 -0.0143363 -0.00466846 -0.0213716 0.00627255 -0.00121277 -0.00585112 -0.0227335 0.00461029 0.0127894 0.0199589 0.0304084 0.0186784 0.0115752 0.00456662 0.0112563 0.0166068 0.00636603
internal_weight=7768.99 6404.46 1364.53 706.051 567.495 138.555 3614.66 982.479 2632.18 989.311 2789.8 1995.59 1713.39 553.448 195.022 658.475 927.608 684.702 435.867 642.192 129.171 357.173 70.4929 51.4417 42.3458 304.609 171.906 794.213 378.117 416.097
internal_count=55764 34640 21124 10526 8774 1752 20240 5042 15198 5294 14400 10778 9191 8647 2863 10598 4674 3690 2513 10368 1879 1787 824 607 514 1604 908 3622 1726 1896
cat_boundaries=0 1 2 3 4 5 6 7
cat_threshold=12 12 1 261 198 560 232
is_linear=0
shrinkage=0.05


Tree=40
num_leaves=31
num_cat=5
split_feature=5 19 12 4 16 20 12 4 8 11 16 15 18 1 2 16 2 4 12 2 10 15 1 2 11 20 11 8 3 18
split_gain=131.747 26.8654 16.4673 15.7838 14.9198 13.1261 13.5309 12.9404 12.9307 21.2041 12.1763 11.7651 11.1856 14.4432 10.6731 10.6636 9.32688 12.3111 9.21323 14.201 9.18099 13.4545 9.06555 9.19018 9.01719 8.31307 8.10476 8.59663 8.1025 7.62626
threshold=1.0000000180025095e-35 0 38.500000000000007 15.125000000000002 0.31240816326530618 1 23.500000000000004 9.8450000000000006 1.0000000180025095e-35 0.11031291543102568 0.14384699326781089 10.500000000000002 2 5.5000000000000009 6.6903328308252989 0.29615011934386271 6.9859331719499389 31.465000000000003 29.500000000000004 5.9814647099286447 1.5000000000000002 4.5000000000000009 9.5000000000000018 7.4812627010996229 0.10542661000326906 3 0.14622588041046614 1.0000000180025095e-35 2.5000000000000004 4
decision_type=2 1 2 2 2 1 2 2 2 2 2 2 1 2 2 2 2 2 2 2 2 2 2 2 2 1 2 2 2 1
left_child=4 2 3 -2 8 24 11 -6 9 -1 26 -7 13 20 29 16 -15 -18 19 -10 21 -12 23 -8 -5 28 27 -3 -23 -4
right_child=1 10 14 5 7 6 22 -9 18 -11 12 -13 -14 15 -16 -17 17 -19 -20 -21 -22 25 -24 -25 -26 -27 -28 -29 -30 -31
leaf_value=-0.026091688629854084 0.0052228364749021226 -0.013675255309715121 0.0029920662045543997 -0.0051054049048658732 -0.021711260499668573 0.066126471139713899 0.031455934576185618 0.025985534000451532 0.05915653807951618 -0.011245425063584606 0.022176726542167877 0.024533462189921501 -0.004001030512677326 -0.0049644237346484887 0.0062150039182344574 0.014125984888874954 0.001247161454613807 0.026446938455726505 -0.012489135374379044 -0.00093447947917112053 0.020243153037122121 0.0023576555293231597 0.0099570676860046073 -0.0016270963476943325 0.016589710324290841 -0.007413047787942802 0.012162154270599837 0.0043764437340824067 0.032630628113024827 -0.0066096538226650724
leaf_weight=469.66163901612163 775.34894129633904 338.68584242463112 438.54592019319534 109.70253453403711 20.812539935112 27.225886180996895 128.14448496699333 40.187886230647564 10.022217787802218 497.34234172850847 90.125737383961678 48.119872763752937 852.1644558608532 705.56390619277954 1014.9307544156909 124.09647025167942 483.69912159442902 52.879027843475342 231.86123261228204 90.778246834874153 153.85035625100136 80.082809746265411 205.20093542337418 24.952468611299992 83.539219185709953 153.6159396469593 44.090653449296951 81.332052044570446 29.622820824384689 373.63563068211079
leaf_count=8243 3990 2448 2419 607 216 122 627 403 132 7531 411 225 4950 3760 5292 540 2412 253 3655 1160 679 374 1069 115 408 730 254 452 135 2390
internal_value=-0.000289383 0.00270679 0.00591099 0.0100032 -0.0144159 0.015898 0.0205667 0.00962431 -0.0155508 -0.0184756 -0.000554742 0.0402322 0.000719164 0.00287312 0.00279894 0.000211274 -0.00118912 0.00377514 -0.00701898 0.00556256 0.0100839 0.00561712 0.0169032 0.0260883 0.00409955 -0.000113115 -0.00803376 -0.0101776 0.00986207 -0.00147229
internal_weight=7779.82 6419.16 3229.35 1402.23 1360.67 626.885 433.644 61.0004 1299.67 967.004 3189.81 75.3458 2725.7 1873.54 1827.11 1366.24 1242.14 536.578 332.662 100.8 507.298 353.447 358.298 153.097 193.242 263.322 464.109 420.018 109.706 812.182
internal_count=56002 34662 17264 7163 21340 3173 2158 619 20721 15774 17398 347 14244 9294 10101 6965 6425 2665 4947 1292 2329 1650 1811 742 1015 1239 3154 2900 509 4809
cat_boundaries=0 1 2 3 4 5
cat_threshold=28 162 14 600 12
is_linear=0
shrinkage=0.05


Tree=41
num_leaves=31
num_cat=8
split_feature=5 12 1 19 0 10 17 19 18 18 4 12 9 18 0 9 4 20 0 9 20 4 4 17 4 10 20 17 10 12
split_gain=122.504 27.1551 18.9203 18.8009 17.0158 17.3442 14.1878 13.2678 12.6201 11.8595 11.4315 13.4052 12.2678 11.2779 10.6237 11.7712 9.29628 9.19757 8.98369 10.9768 9.89328 8.97526 8.77188 8.58347 9.0826 12.8442 10.969 11.3034 8.55803 8.47488
threshold=1.0000000180025095e-35 21.500000000000004 3.5000000000000004 0 2.5000000000000004 2.5000000000000004 8.2193260531337362 1 2 3 25.225000000000005 29.500000000000004 4.5000000000000009 4 1.5000000000000002 3.5000000000000004 21.905000000000005 5 2.5000000000000004 10.500000000000002 6 29.335000000000004 6.5150000000000006 6.4346428218211207 26.885000000000002 1.5000000000000002 7 6.5506588163949457 2.5000000000000004 44.500000000000007
decision_type=2 2 2 1 2 2 2 1 1 1 2 2 2 1 2 2 2 1 2 2 1 2 2 2 2 2 1 2 2 2
left_child=2 7 21 4 5 9 10 -2 18 -3 12 -12 17 23 -11 -16 -9 -6 20 22 28 -1 -20 -5 26 -26 27 -25 -4 -28
right_child=1 3 8 13 6 -7 -8 16 -10 14 11 -13 -14 -15 15 -17 -18 -19 19 -21 -22 -23 -24 24 25 -27 29 -29 -30 -31
leaf_value=-0.0046956555007561162 -0.0056752473786969952 0.0048911253176640197 -0.0038720553713771757 -0.0042251090479639578 0.00075115145670680121 0.011015646021348533 0.036231740047704387 0.013266864739597598 -0.024397231247302958 -0.01152833964672571 0.040511652374699808 0.011565006728847884 -0.001848788285295608 -0.0041885706378145182 0.0041122149591230131 -0.014640544511390477 0.030335455751503284 0.013406624216079275 -0.021416812103813077 -0.025741256012385128 -0.017430268658500486 0.024384444332059566 0.013423975221123794 0.040043218892379689 0.0057470610662243606 0.034542736594480851 0.0033518566088933917 0.0069760376928544006 0.044597040118516035 -0.008274341959963313
leaf_weight=210.70506795495749 73.776875451207161 481.88754381239414 68.283608250319958 405.49540583789349 218.39266615360975 365.03333700448275 45.155965507030487 321.12017837911844 361.77297580614686 351.48599842935801 50.478749208152294 186.20828523486853 353.54099898040295 1373.9872221872211 372.25946400314569 106.86373393982649 106.91146384179592 469.82671198248863 21.645775135606527 33.59416439011693 505.98650030791759 29.337282925844193 89.172701939940453 27.413898259401321 130.71856664121151 54.347548335790634 367.94269717484713 295.99507813155651 9.4890432730317098 271.590012550354
leaf_count=3067 358 2664 1093 2248 1096 1948 204 1507 6125 2197 237 927 1876 8079 2014 664 491 2342 288 461 8407 393 1171 144 658 258 1859 1504 108 1442
internal_value=3.89443e-05 0.00289639 -0.0137685 0.00194987 0.00472124 0.00139112 0.00897323 0.0140529 -0.0165649 -0.00129202 0.00798286 0.017883 0.00571857 -0.00090488 -0.00488093 -9.2186e-05 0.0171903 0.009603 -0.0121443 -0.00113485 -0.0150689 -0.00105515 0.00648798 0.00200839 0.00422941 0.0143436 0.00227272 0.00959793 0.00224743 -0.00156619
internal_weight=7760.42 6430.43 1329.99 5928.62 3001.13 1677.53 1323.6 501.809 1089.94 1312.5 1278.45 236.687 1041.76 2927.49 830.609 479.123 428.032 688.219 728.172 144.413 583.759 240.042 110.818 1553.5 1148.01 185.066 962.942 323.409 77.7727 639.533
internal_count=55830 34717 21113 32361 16169 9487 6682 2356 17653 7539 6478 1164 5314 16192 4875 2678 1998 3438 11528 1920 9608 3460 1459 8113 5865 916 4949 1648 1201 3301
cat_boundaries=0 1 2 3 4 5 6 7 8
cat_threshold=28 1 14 4 6 320 768 328
is_linear=0
shrinkage=0.05


Tree=42
num_leaves=31
num_cat=7
split_feature=17 19 16 8 17 16 18 0 18 1 2 1 20 13 20 16 10 0 1 10 0 15 2 17 15 17 9 20 7 19
split_gain=121.711 23.2864 16.1639 18.2781 14.8408 14.8164 12.8064 11.1291 10.7438 9.82765 9.97683 8.88605 8.84833 9.39647 8.6649 8.4697 8.09276 8.00273 7.99445 7.68219 8.53574 7.25175 7.22066 7.72005 7.4758 6.75929 6.50963 6.58932 6.45789 6.45369
threshold=5.13111072468792 0 0.3047499018838305 1.0000000180025095e-35 7.086562332935217 0.12920692034934914 1 1.5000000000000002 2 11.500000000000002 6.130269509748417 4.5000000000000009 3 1.0000000180025095e-35 4 0.25830276110444178 1.5000000000000002 2.5000000000000004 6.5000000000000009 1.0000000180025095e-35 2.5000000000000004 16.500000000000004 6.0382407798453048 6.4346428218211207 23.500000000000004 8.4721340752570651 2.5000000000000004 5 1.0000000180025095e-35 6
decision_type=2 1 2 2 2 2 1 2 1 2 2 2 1 2 1 2 2 2 2 2 2 2 2 2 2 2 2 1 2 1
left_child=5 -2 3 4 8 -1 15 9 21 10 -5 12 13 -8 -6 -7 26 -18 -16 20 -10 -3 -19 -24 -25 -20 27 -4 -13 -14
right_child=1 2 16 7 14 6 11 -9 19 -11 -12 28 29 -15 18 -17 17 22 25 -21 -22 -23 23 24 -26 -27 -28 -29 -30 -31
leaf_value=-0.027854313375588108 -0.0049152079192957701 0.0063300416155475259 0.018530936267241872 0.036453594919924524 -0.0047656901506522888 -0.0091472222340148995 0.0024810742508402333 0.010100516852665338 -0.015606220084232934 -0.0091582516753453205 0.0028945289849333714 -0.023505474208580606 -0.015579710596501945 -0.031194516169570859 0.01407988567742878 0.0077729291709360861 0.035355524460192689 -0.011670010194148078 0.0032226061414161993 -0.0016102577901208944 -0.00020640337511137501 -0.00098924279466194257 0.038646465038153444 0.034096920578977286 0.0048803421837759296 0.024128459408816194 -0.01502266919551189 -0.0050193222952548281 -0.0043627811109067747 0.019259139570288249
leaf_weight=170.87131976336241 912.52069249004126 532.61084305495024 65.564432442188263 25.113262228667736 165.89016687124968 519.61938026174903 35.743496030569077 1112.1722688525915 265.42301978170872 161.15166531503201 147.27067282795906 380.37335508689284 10.852367792278528 47.817534223198891 314.62807743996382 85.423157230019569 57.785088434815407 23.283701583743095 652.40181230008602 649.90173102170229 135.909583337605 924.50697708874941 33.763953223824501 27.704084470868111 94.210278078913689 40.147175937891006 32.862703576683998 46.634681507945061 50.394587565213442 37.134715434163809
leaf_count=3352 5170 2879 298 138 914 8018 479 5263 1948 908 752 6419 156 753 1504 877 238 102 3476 3831 897 5078 141 113 387 200 169 214 761 530
internal_value=-0.00040988 0.0024493 0.00367212 0.00293814 0.00106655 -0.0141212 -0.0120889 0.00770002 -0.00110467 -0.000310669 0.00796554 -0.0175011 -0.00637577 -0.0151402 0.00570621 -0.0066399 0.0135908 0.019272 0.00740783 -0.00492757 -0.0104046 0.00167713 0.0139112 0.0177873 0.011743 0.00446756 0.00425036 0.0099782 -0.0212813 0.0099442
internal_weight=7759.69 6421.46 5508.94 5127.13 3681.42 1338.23 1167.36 1445.71 2508.35 333.536 172.384 562.316 131.548 83.561 1173.07 605.043 381.809 236.747 1007.18 1051.23 401.333 1457.12 178.962 155.678 121.914 692.549 145.062 112.199 430.768 47.9871
internal_count=55965 34620 29450 27788 20727 21345 17993 7061 14633 1798 890 9098 1918 1232 6094 8895 1662 981 5180 6676 2845 7957 743 641 500 3676 681 512 7180 686
cat_boundaries=0 1 2 3 4 5 6 7
cat_threshold=1 12 12 316 6 929 16
is_linear=0
shrinkage=0.05


Tree=43
num_leaves=31
num_cat=5
split_feature=5 1 12 16 12 2 1 19 4 12 16 1 11 20 11 10 8 11 0 20 11 20 4 16 12 4 2 4 19 12
split_gain=109.657 28.5589 20.3737 16.8016 14.2932 13.1608 12.262 10.4923 10.8109 10.8079 9.8771 8.73632 8.00226 9.80353 7.97984 9.36556 7.73719 15.7126 9.20524 8.87681 8.04787 7.60232 7.53396 7.36354 9.06563 7.32635 7.21276 7.19192 6.35777 7.86232
threshold=1.0000000180025095e-35 4.5000000000000009 21.500000000000004 0.20528979591836738 21.500000000000004 7.859870564925334 21.500000000000004 0 29.705000000000002 41.500000000000007 0.17618367976357113 3.5000000000000004 0.50252525252525271 1 0.4129437574790587 3.5000000000000004 1.0000000180025095e-35 0.11143790849673203 1.5000000000000002 2 0.18099343185550085 3 19.575000000000003 0.17618367976357113 26.500000000000004 31.855000000000004 7.1549004725067222 41.235000000000007 4 37.500000000000007
decision_type=2 2 2 2 2 2 2 1 2 2 2 2 2 1 2 2 2 2 2 1 2 1 2 2 2 2 2 2 1 2
left_child=2 5 -1 4 26 23 7 -5 12 -10 -4 21 -9 -14 -13 -16 17 -6 -18 20 -19 -12 -17 27 -25 -20 -3 -2 -22 -30
right_child=1 3 10 6 16 -7 -8 8 9 -11 11 14 13 -15 15 22 18 19 25 -21 28 -23 -24 24 -26 -27 -28 -29 29 -31
leaf_value=0.0082986011181727572 0.0013734014980405593 0.0051839515537995574 -0.019641740462808338 0.008701257679919517 -0.0085582076559685329 0.02485726882312635 0.01596919388882875 -0.003308285213310975 -2.2690628096205395e-05 0.026088772117567056 0.012717034889025673 -0.016969439448700687 -0.0070466709393894782 0.015632455461483168 -0.010185714368233569 0.0024823865857768221 -0.0068665857232741495 -0.024945871759729048 0.0030230329534953956 0.0031211162967122938 0.0087608897833838708 -0.011202591962011295 0.054879179182459936 0.02214893774890267 0.0079057425414990039 0.021791136126325644 0.025804209790393558 0.03232611384723294 0.0064166048482862175 -0.024124550077610725
leaf_weight=99.720475234091282 496.11007679253817 162.09867442399263 606.73002323508263 543.24194301664829 1028.9758138358593 114.75839991867542 201.24839311093092 904.01771828532219 81.828067541122437 75.84306275844574 61.404846247285604 369.4203837774694 68.852899432182312 122.46782128512859 81.474454898387194 17.861592911183838 231.58035463094711 55.46100839972496 510.68935454636812 705.9360588863492 62.297635853290558 50.808690208941698 10.241746217012404 131.73300234973431 725.22607414424419 56.965555384755135 56.794139385223389 18.510254472494125 34.361536175012589 52.103146642446518
leaf_count=1367 2798 837 11115 2626 7257 508 991 4554 380 373 783 5775 307 539 1108 191 1338 346 2568 4065 333 652 99 563 3292 274 266 92 179 280
internal_value=-9.37547e-05 0.00257822 -0.0133482 0.000754083 -0.00163874 0.00865446 0.00429566 0.00297963 0.000421308 0.0126227 -0.0151556 -0.0105263 -0.00134112 0.00792287 -0.0134628 -0.00159437 -0.00262274 -0.00432836 0.00151575 0.000457808 -0.00845868 0.00201705 0.022807 0.00728167 0.0101185 0.00494147 0.0106271 0.00254727 -0.00275127 -0.0108161
internal_weight=7738.76 6441.1 1297.66 4954.76 2957.26 1486.34 1997.5 1796.25 1253.01 157.671 1197.94 591.212 1095.34 191.321 478.998 109.578 2738.37 1939.14 799.235 910.159 204.223 112.214 28.1033 1371.58 856.959 567.655 218.893 514.62 148.762 86.4647
internal_count=55856 34766 21090 27513 17743 7253 9770 8779 6153 753 19723 8608 5400 846 7173 1398 16640 12460 4180 5203 1138 1435 290 6745 3855 2842 1103 2890 792 459
cat_boundaries=0 1 2 3 4 5
cat_threshold=12 204 900 307 13
is_linear=0
shrinkage=0.05


Tree=44
num_leaves=31
num_cat=9
split_feature=5 12 18 7 20 16 16 19 17 16 20 18 17 1 1 2 2 9 1 20 11 16 19 18 0 16 15 20 12 12
split_gain=103.584 18.5149 15.2023 13.7661 14.7402 12.3796 11.7879 12.9343 11.7754 11.713 11.2775 10.6838 10.0902 9.27103 8.03356 7.56695 7.54997 7.61363 8.84223 7.78217 7.62548 7.46864 8.18772 7.33925 7.02276 8.98017 10.8769 7.32086 9.14204 9.17598
threshold=1.0000000180025095e-35 39.500000000000007 0 1.0000000180025095e-35 1 0.11021530351270943 0.18670184433761158 2 7.1195749536107513 0.1682140092611791 3 4 6.4013780787616765 6.5000000000000009 4.5000000000000009 7.7148068666781979 6.7817951517896091 13.500000000000002 8.5000000000000018 5 0.17650543629774187 0.37496650469711701 6 7 2.5000000000000004 0.23956988795518211 18.500000000000004 8 25.500000000000004 46.500000000000007
decision_type=2 2 1 2 1 2 2 1 2 2 1 1 2 2 2 2 2 2 2 1 2 2 1 1 2 2 2 1 2 2
left_child=2 5 6 9 -5 23 -1 24 21 10 13 -11 -6 -3 -4 -15 -13 19 -19 -18 -20 22 -7 -2 27 26 -26 -8 -29 -30
right_child=1 3 14 4 12 8 7 -9 -10 11 -12 16 -14 15 -16 -17 17 18 20 -21 -22 -23 -24 -25 25 -27 -28 28 29 -31
leaf_value=-0.013002291395307742 0.0072577751689416152 0.010840359267995052 -0.0082485583067423273 0.017247432964538491 -0.020201519141332877 0.0071171133840084765 0.017962170509434394 -0.013545381070588983 0.011328557949987092 0.0060813479336401044 -0.010004295572270373 -0.0056951738531397338 0.0052806043113784356 -0.0066924234639408513 -0.02180677610365207 0.018500061125634609 0.004972950751830023 0.035070970599145004 -0.019967836475095549 -0.0057653899368192612 0.015095414283333518 0.034195138186501363 0.0005939503238579719 -0.019066756214888198 0.060833354564756061 0.0049589721140502578 -0.0058226529495843272 0.028246614094690693 -0.024885751575527189 0.011203649002166603
leaf_weight=382.41672958806157 36.23873994499445 149.18962896615267 144.36747880280018 222.99920283257961 51.93488334864378 983.54462087154388 33.740744195878506 99.222605470567942 849.7663903310895 756.41781727224588 539.42933072894812 567.09297702461481 145.03002082556486 294.49475601315498 471.08451979979873 32.184693813323975 347.98112804442644 33.739516377449036 21.619021832942963 307.34131845086813 48.449160739779472 19.655379503965378 949.75883306562901 68.028731130063534 20.211208544671539 38.354139033704996 8.3722407445311529 14.645731795579193 54.7215257845819 25.05229964107275
leaf_count=6745 242 852 2223 1197 296 5072 457 1312 4026 3780 3676 3290 734 1950 8427 181 1725 157 125 1514 225 85 5018 493 258 413 117 182 758 365
internal_value=0.000236964 0.00283528 -0.0126743 0.000395002 0.00887878 0.00578723 -0.00711984 0.000300403 0.0064176 -0.000757573 -0.00515814 0.00138917 -0.00143408 0.000543169 -0.0183473 -0.00416156 -0.00132544 0.00192465 0.0144374 -7.64355e-05 0.00414817 0.00427606 0.00395436 -0.0110573 0.00767462 0.0210625 0.0417726 0.00116745 -0.0061929 -0.0135538
internal_weight=7717.09 6424.9 1292.19 3517.9 419.964 2906.99 676.737 294.32 2802.73 3097.94 1015.3 2082.64 196.965 475.869 615.452 326.679 1326.22 759.13 103.808 655.322 70.0682 1952.96 1933.3 104.267 195.098 66.9376 28.5834 128.16 94.4196 79.7738
internal_count=55895 34638 21257 19702 2227 14936 10607 3862 14201 17475 6659 10816 1030 2983 10650 2131 7036 3746 507 3239 350 10175 10090 735 2550 788 375 1762 1305 1123
cat_boundaries=0 1 2 3 4 5 6 7 8 9
cat_threshold=12 618 14 608 4 248 28 4 288
is_linear=0
shrinkage=0.05


Tree=45
num_leaves=31
num_cat=8
split_feature=5 18 19 0 10 15 0 20 12 18 2 7 12 1 12 2 15 20 2 12 3 20 1 15 15 0 20 20 10 7
split_gain=88.7171 14.8924 14.7875 13.2748 30.8453 16.5289 12.294 11.5478 10.4243 10.2297 9.98 9.10449 9.2674 9.09278 8.95127 8.80642 8.49746 8.45299 8.17918 8.10154 8.09503 12.6279 7.45156 7.32158 7.12541 6.89352 6.62516 6.27845 7.78647 9.54945
threshold=1.0000000180025095e-35 0 1 2.5000000000000004 2.5000000000000004 22.500000000000004 2.5000000000000004 2 23.500000000000004 3 7.2013572932500596 1.0000000180025095e-35 44.500000000000007 5.5000000000000009 18.000000000000004 7.0778271133115922 32.500000000000007 4 7.1643142637684063 49.500000000000007 1.5000000000000002 5 6.5000000000000009 17.500000000000004 9.5000000000000018 1.5000000000000002 6 7 1.5000000000000002 1.0000000180025095e-35
decision_type=2 1 1 2 2 2 2 1 2 1 2 2 2 2 2 2 2 1 2 2 2 1 2 2 2 2 1 1 2 2
left_child=1 6 19 4 8 11 13 -6 -4 23 27 12 -5 -1 -3 -9 -8 24 -17 -2 21 -21 -12 -10 -13 -20 -24 28 29 -7
right_child=2 14 3 5 7 10 16 15 9 -11 22 17 -14 -15 -16 18 -18 -19 25 20 -22 -23 26 -25 -26 -27 -28 -29 -30 -31
leaf_value=-0.0014522844669301643 -0.0011881844340618376 0.02392339123257823 0.0095246694984443998 0.011605556320966966 0.032151246674672146 -0.0091326456691729428 0.010950005101752192 0.0045447031030336638 0.0041620000170175973 -0.0057246143514521879 0.022032803991389103 0.046997143435493383 0.0029395232934750224 -0.014325355463934045 -0.021106115372494755 0.045717622725453787 -0.013668355302230982 0.0054786557102468429 0.0065640661512348835 -0.025975809321817867 -0.023405180277589099 0.01470721991927638 -0.010224533165586915 -0.0038371658200109294 0.018762755087940595 0.027785627328244734 0.0097021791767416612 -0.0064856247213384045 0.0095466393144886877 0.026369205657097335
leaf_weight=189.90994121134281 764.28900431841612 10.547135464847086 208.17589791864157 792.98290820419788 50.739094950258732 155.09237837046385 125.28661143779755 416.3813009634614 729.2197380810976 1046.49793612957 82.462774872779846 45.172817468643188 505.95808852463961 495.27584097906947 410.25427085161209 21.765962406992912 47.572308290749788 82.890834912657738 116.67884315550327 18.711789213120937 88.915332920849323 42.278601616621017 50.885238073766232 469.33807201683521 47.634519696235657 56.611082836985588 123.75757076591253 343.63576868921518 199.82934380322695 20.581582851707935
leaf_count=2891 4275 152 1011 3828 238 848 1664 2315 3815 6437 363 209 2583 8647 7289 110 644 390 583 113 534 257 257 2710 226 253 590 1878 957 105
internal_value=0.000254059 -0.0117759 0.00262948 0.00359403 0.00143398 0.00635271 -0.00767239 0.0110014 -0.0011519 -0.0021457 0.00130405 0.00969189 0.00823486 -0.0107647 -0.019462 0.00853241 0.00413517 0.0203562 0.0174135 -0.00324472 -0.0138675 0.000190229 0.0097387 0.00102055 0.0296945 0.0136165 0.00384129 -0.00172083 0.0027446 -0.00484761
internal_weight=7759.33 1278.85 6480.49 5566.29 3115.41 2450.88 858.045 662.176 2453.23 2245.06 976.245 1474.64 1298.94 685.186 420.801 611.437 172.859 175.698 195.056 914.195 149.906 60.9904 257.106 1198.56 92.8073 173.29 174.643 719.139 375.503 175.674
internal_count=56172 21287 34885 29706 17472 12234 13846 3499 13973 12962 4998 7236 6411 11538 7441 3261 2308 825 946 5179 904 370 1210 6525 435 836 847 3788 1910 953
cat_boundaries=0 1 2 3 4 5 6 7 8
cat_threshold=14 1 576 6 632 385 80 789
is_linear=0
shrinkage=0.05


Tree=46
num_leaves=31
num_cat=7
split_feature=17 19 16 12 0 1 4 16 1 18 11 8 11 8 0 20 11 16 3 4 20 4 17 20 19 2 4 1 18 8
split_gain=74.7364 21.6777 18.7105 17.1311 16.2682 13.6352 11.8551 11.8191 11.8754 10.7564 10.3441 10.0446 8.93934 10.9831 9.57315 8.92717 8.73413 8.46619 8.29408 12.8233 8.23194 9.90496 8.16312 14.982 8.09489 8.01258 7.51547 7.38815 7.32428 7.00907
threshold=5.5019722061349379 0 0.12920692034934914 21.500000000000004 2.5000000000000004 4.5000000000000009 21.745000000000001 0.3047499018838305 4.5000000000000009 1 0.53923076923076929 1.0000000180025095e-35 0.4129437574790587 1.0000000180025095e-35 1.5000000000000002 2 0.38192032686414717 0.22492517006802726 1.5000000000000002 14.095000000000001 3 4.0750000000000011 6.4208414751300564 4 5 6.237933923534805 24.795000000000005 16.500000000000004 6 1.0000000180025095e-35
decision_type=2 1 2 2 2 2 2 2 2 1 2 2 2 2 2 1 2 2 2 2 1 2 2 1 1 2 2 2 1 2
left_child=2 -2 -1 6 7 9 -3 8 -5 17 11 22 13 -7 -15 -13 -9 -4 -16 28 -10 -22 23 24 25 -6 -19 -21 -20 -11
right_child=1 3 5 4 10 12 -8 16 20 29 -12 15 -14 14 18 -17 -18 26 19 27 21 -23 -24 -25 -26 -27 -28 -29 -30 -31
leaf_value=-0.026024803120423146 -0.0047370285253001444 0.0083680111718049434 0.002561510609715188 0.0056716559968495945 0.0071475384861248645 -0.017338786347998052 0.027687453298283107 -0.0060295127390753564 -0.0091404615438270866 -0.020156073117540432 0.015179404128398858 0.017054882344213075 0.00029180578102351644 -0.015806830589436525 -0.0098993067301341789 0.0044046226787731475 0.030669865211890024 0.015148702821864743 0.014467244381360945 0.01731160286539277 -0.012263467546052573 0.00050398831439645399 0.0046950855487271166 -0.012533433922183149 0.015712139402294094 -0.027720259390570014 0.062053776445254054 0.063141975782839407 -0.019809962844016898 0.0082967256588357755
leaf_weight=168.28364681452513 904.14612783491611 317.55114709585905 134.95867471769452 639.40450342744589 40.618116870522499 532.88296350464225 105.60659000277519 22.817982658743858 336.29293718189001 73.653525188565254 267.05833628773689 252.46742807328701 142.86771873012185 105.92991945892572 60.029096107929945 350.20084822177887 52.649018526077271 35.048463612794876 19.796323761343956 24.498285602778196 166.85200864076614 1598.6918537691236 997.244434915483 207.77267228066921 98.443895302712917 26.376591704785824 10.766051735728977 13.795350797474383 21.677552312612534 29.830512095242739
leaf_count=3435 5116 1465 1959 3232 238 9206 471 111 1941 1020 1157 1150 1811 1785 838 1611 216 363 248 332 992 9396 5134 1222 560 147 107 187 320 393
internal_value=0.000126358 0.00240336 -0.0104475 0.0035842 0.00278054 -0.0082536 0.0132434 0.000251024 -0.000289721 0.00131651 0.00595952 0.00470457 -0.011204 -0.0133111 -0.00454166 0.010079 0.0196398 0.00847081 0.00404608 0.0145333 -0.00210508 -0.000704864 0.00233551 -0.00396512 0.00713097 -0.00591603 0.0272611 0.0350088 -0.00475123 -0.0109092
internal_weight=7758.21 6384.19 1374.02 5480.05 5056.89 1205.73 423.158 2816.71 2741.24 284.257 2240.18 1973.12 921.477 778.609 245.727 602.668 75.467 180.773 139.797 79.7675 2101.84 1765.54 1370.46 373.211 165.439 66.9947 45.8145 38.2936 41.4739 103.484
internal_count=56163 34159 22004 29043 27107 18569 1936 15888 15561 3842 11219 10062 14727 12916 3710 2761 327 2429 1925 1087 12329 10388 7301 2167 945 385 470 519 568 1413
cat_boundaries=0 1 2 3 4 5 6 7
cat_threshold=1 14 537 517 60 2 12
is_linear=0
shrinkage=0.05


Tree=47
num_leaves=31
num_cat=4
split_feature=5 19 11 18 4 17 4 3 8 10 9 14 16 10 0 13 19 15 15 16 15 15 0 4 19 10 4 16 15 4
split_gain=70.9791 20.0091 15.3582 14.7732 18.5441 12.5855 12.0119 13.5082 10.9244 11.9424 9.03071 8.98023 8.43687 8.02617 7.98734 7.82734 9.97059 7.51102 8.04665 7.23841 7.20868 17.5172 7.07723 7.14685 6.82644 7.14342 6.77222 6.70855 7.44234 9.73196
threshold=1.0000000180025095e-35 0 0.30798149219201859 1 46.025000000000013 7.9782818281165531 30.015000000000004 2.5000000000000004 1.0000000180025095e-35 1.5000000000000002 19.500000000000004 1.0000000180025095e-35 0.13835613174654832 2.5000000000000004 1.5000000000000002 1.0000000180025095e-35 2 244.50000000000003 23.500000000000004 0.1581006506670786 21.500000000000004 8.5000000000000018 1.5000000000000002 3.2150000000000003 3 365.50000000000006 24.585000000000004 0.20387154055351148 8.5000000000000018 8.1250000000000018
decision_type=2 1 2 1 2 2 2 2 2 2 2 2 2 2 2 2 1 2 2 2 2 2 2 2 1 2 2 2 2 2
left_child=2 19 6 4 8 11 12 -8 9 14 -9 -5 -1 -4 -3 16 20 18 -17 -2 21 -14 -10 -24 -13 27 -16 -26 29 -29
right_child=1 3 13 5 -6 -7 7 10 22 -11 -12 24 15 -15 26 17 -18 -19 -20 -21 -22 -23 23 -25 25 -27 -28 28 -30 -31
leaf_value=-0.025959027376609219 -0.012600268098638061 -0.0069654439540615537 -0.0064542992086448108 0.0095455481766895875 0.031892260259166812 0.0097965207817138165 -0.0092917872475483769 0.042927332140385535 0.0011172915475734224 0.0075989526594536019 -0.017619761135716169 0.0018640658772796942 -0.0074848555048250345 0.012689376754709492 0.0002417226538195796 -0.016020328770621813 -0.014979885621856551 -0.0031755904054312405 -0.032995246713933793 -0.0023867433602888224 -0.012085217838242006 0.037140505792761264 -0.0087453448652945309 0.013978191241723489 -0.0076104031586021392 0.020041408765131521 0.011434158160572541 -0.012238450837351433 -0.0036639166198370217 0.017325331095746729
leaf_weight=166.13851093128324 232.20797011256218 316.28692072629929 154.63570811972022 186.92048170417547 64.021771878004074 307.84274749457836 82.460624054074287 24.357983525842432 174.54881926625967 839.50827591121197 7.5146285109221926 785.97728751599789 50.632252186536789 83.466968409717083 762.53694937378168 255.28604449704289 164.24607732146978 73.357631608843803 97.802773106843233 679.90657679736614 48.54536459222436 37.512623488903046 36.239433065056801 556.55958227813244 761.69421146810055 29.296484507620335 163.27838936448097 37.130472287535667 445.26948426663876 103.53401190787554
leaf_count=3568 1587 1970 2204 907 309 1460 1381 396 898 4074 134 4492 780 933 4085 4523 2680 1391 1742 3608 820 604 165 2509 4865 180 837 188 2259 520
internal_value=-0.000214647 0.00188644 -0.0111394 0.00300894 0.00546437 0.000306189 -0.0138352 0.00141353 0.00487868 0.00299619 0.0285504 -0.000939446 -0.0157858 0.000281527 -0.000118329 -0.0134297 -0.00722011 -0.0177845 -0.0208021 -0.00494373 0.00301409 0.0117104 0.00997483 0.0125767 -0.00184956 -0.00395403 0.00222585 -0.00451946 -0.000495227 0.00949023
internal_weight=7728.72 6482.76 1245.96 5570.65 2912.98 2657.67 1007.85 114.333 2848.96 2081.61 31.8726 2349.82 893.521 238.103 1242.1 727.383 300.936 426.446 353.089 912.115 136.69 88.1449 767.348 592.799 2162.9 1376.92 925.815 1347.63 585.934 140.664
internal_count=56069 34913 21156 29718 14847 14871 18019 1911 14538 10966 530 13411 16108 3137 6892 12540 4884 7656 6265 5195 2204 1384 3572 2674 12504 8012 4922 7832 2967 708
cat_boundaries=0 1 2 3 4
cat_threshold=1 12 10 12
is_linear=0
shrinkage=0.05


Tree=48
num_leaves=31
num_cat=8
split_feature=17 19 12 18 18 20 12 11 18 4 17 18 2 2 15 12 2 4 11 2 6 2 20 9 8 3 20 12 4 9
split_gain=59.7872 16.3015 15.6265 14.0593 12.1476 11.7628 13.5466 10.7004 9.61465 9.65575 9.07087 8.94567 8.61463 8.45482 8.3453 7.77215 8.69483 7.77486 7.73166 7.69382 7.59007 7.42253 7.32201 7.25901 7.1044 9.55378 9.65833 6.91244 6.72454 6.48508
threshold=5.5019722061349379 0 21.500000000000004 1 2 3 28.500000000000004 0.4129437574790587 4 8.3950000000000014 8.1759541911043048 5 7.3891500323038688 6.8260027770509977 6.5000000000000009 21.500000000000004 7.070826056039615 46.025000000000013 0.11031291543102568 7.0394456028696082 1.0000000180025095e-35 7.6752861072899048 6 3.5000000000000004 1.0000000180025095e-35 1.5000000000000002 7 29.500000000000004 41.235000000000007 4.5000000000000009
decision_type=2 1 2 1 1 1 2 2 1 2 2 1 2 2 2 2 2 2 2 2 2 2 1 2 2 2 1 2 2 2
left_child=2 22 8 10 7 6 -5 20 13 -10 11 15 -8 -1 -6 16 -3 -17 28 -9 24 -7 -2 27 -4 -26 -27 -24 -16 -20
right_child=1 3 4 5 14 21 12 19 9 -11 -12 -13 -14 -15 18 17 -18 -19 29 -21 -22 -23 23 -25 25 26 -28 -29 -30 -31
leaf_value=0.010772926811468289 0.0011508258716156569 0.0088046122497829737 -0.015974573965812051 0.020884615845565006 -0.0042126632443039375 -0.0044993766780261702 -0.0013504464638134147 0.017396151724082598 0.022298215385391937 -0.027777515740407838 0.014879230870585998 -0.00082175522058811697 0.021257280241396479 0.051248723430856069 -0.030585982093569598 0.0043075638837374777 0.031821691521251159 0.022308047638428634 -0.029308794671043734 -0.0097168512830499067 0.00012041870251994368 0.014375999449136987 0.0098844757328782444 -0.015014636187968508 -0.017607799433275912 0.019930067800890645 -0.010372648828733802 -0.0074786352301358236 0.016453137650536045 -0.0077476453206606274
leaf_weight=49.304370507597923 384.71856828778982 171.74255886673927 377.08876792341471 111.96826964616776 88.41971130669117 1076.6100786775351 358.61520395427942 69.139225985854864 13.358017161488531 28.712061531841755 211.44976762682199 706.8437467738986 46.733725480735302 16.868580643087626 175.34548446163535 2597.2276771664619 53.482246980071068 60.477900594472885 47.713916964828968 40.918332979083061 160.22976921126246 53.768649689853191 76.387554608285427 217.43785838782787 64.849106829613447 48.804541319608688 39.36098887771368 220.50734070688486 7.3426678553223601 126.93778781592846
leaf_count=614 2117 768 7010 584 1435 6502 2113 819 194 412 987 3472 247 217 3190 13355 230 292 692 520 2398 290 406 1322 1032 745 634 1261 108 2052
internal_value=9.13084e-05 0.0021264 -0.0094416 0.00315324 -0.0110248 -0.000707105 0.00546707 -0.00702187 0.00871907 -0.00951891 0.00482378 0.00424094 0.00130196 0.0188883 -0.0176287 0.00546597 0.0143868 0.00472541 -0.0214193 0.00731907 -0.00941705 -0.00355817 -0.00408329 -0.0079405 -0.0122947 -0.00318104 0.00750886 -0.00299313 -0.0286161 -0.0137714
internal_weight=7702.36 6347.97 1354.39 5448.92 1246.15 1647.7 517.317 800.391 108.243 42.0701 3801.22 3589.77 405.349 66.173 445.76 2882.93 225.225 2657.71 357.34 110.058 690.333 1130.38 899.051 514.333 530.103 153.015 88.1655 296.895 182.688 174.652
internal_count=56018 33946 22072 28840 20635 9736 2944 13158 1437 606 19104 18117 2360 831 7477 14645 998 13647 6042 1339 11819 6792 5106 2989 9421 2411 1379 1667 3298 2744
cat_boundaries=0 1 2 3 4 5 6 7 8
cat_threshold=1 14 14 776 5 12 792 433
is_linear=0
shrinkage=0.05


Tree=49
num_leaves=31
num_cat=4
split_feature=17 16 11 19 4 8 11 15 17 4 18 4 1 4 1 11 15 12 1 20 1 17 1 18 17 12 17 17 11 9
split_gain=58.374 14.6803 14.4583 12.3086 15.7664 12.4002 14.6714 12.6372 10.3608 10.4828 8.82433 8.80057 7.65021 7.60532 7.42947 7.24888 7.20805 7.18372 8.74946 7.11788 7.07818 7.03244 9.2634 12.4162 8.08279 7.06488 11.4147 8.99343 8.94114 12.0632
threshold=5.7738680802913134 0.13564740973312403 0.50252525252525271 0 27.115000000000006 1.0000000180025095e-35 0.14179686707252301 20.500000000000004 6.7755886681059847 17.135000000000002 1 1.925 21.500000000000004 29.335000000000004 5.5000000000000009 0.3741666666666667 14.500000000000002 44.500000000000007 22.500000000000004 2 17.500000000000004 7.2683101859673664 14.500000000000002 3 8.1759541911043048 49.500000000000007 6.6410711973341874 6.2582804266951069 0.11432760787599498 1.5000000000000002
decision_type=2 2 2 1 2 2 2 2 2 2 1 2 2 2 2 2 2 2 2 1 2 2 2 1 2 2 2 2 2 2
left_child=1 -1 3 21 5 6 7 -5 12 -10 15 -7 -8 -12 19 -3 -4 18 -13 -6 -15 25 23 -23 -25 28 27 -27 29 -2
right_child=2 10 16 4 14 11 8 -9 9 -11 13 17 -14 20 -16 -17 -18 -19 -20 -21 -22 22 -24 24 -26 26 -28 -29 -30 -31
leaf_value=-0.020691480106247651 0.0061071442018608667 -0.0048348816068866504 0.0037654581497419217 -0.0026097046298148921 -0.00081174537869512431 0.031788664306535576 -0.0061251637425686891 -0.013055353758881375 0.0012850594108273028 0.01663669640387198 -0.012632017214162714 0.0071416922183404445 0.016011768320130841 -0.0047086098620761491 0.0039865471169856911 0.0086641421498428687 0.015178083114794764 -0.0030109474989749754 -0.023515837959804085 0.02272808321706208 0.028354042029747468 0.014817446275485785 0.020425202181894753 -0.014082827319998548 0.012244241881073467 -0.010438011726387033 -0.016224588853511506 0.019122039378887658 0.010657872133249926 -0.008188334903271359
leaf_weight=213.73550307378173 430.98921343684196 538.95985311642289 257.14661169052124 633.90317355841398 51.989519216120243 25.291343867778778 492.59188463538885 532.99657225608826 428.8231046050787 149.22548262774944 607.05055832862854 564.1520554125309 41.425179295241833 68.802316758781672 450.6395014449954 120.94792652502656 300.67169524729252 368.29101181030273 23.312276676297188 108.47244872152805 20.089041002094746 141.48507152497768 152.65651068091393 95.116206027567387 40.957692012190819 43.43632484972477 110.26811619848013 60.420608550310135 407.18290913850069 223.15915440022945
leaf_count=4253 2227 7848 1138 3989 250 127 2624 3563 2060 717 8922 2665 228 882 2412 1259 1304 1897 112 511 264 697 763 456 188 272 593 351 2053 1443
internal_value=6.36763e-05 -0.00853751 0.00226539 0.00149677 -6.89957e-05 -0.00145126 -0.00347411 -0.00738798 0.000635699 0.00527003 -0.00660772 0.00324656 -0.00438122 -0.0104841 0.0072941 -0.00231637 0.00993317 0.00245883 0.00588722 0.0165008 0.0029957 0.00501932 0.0105703 0.0050962 -0.00571038 0.00317948 -0.00508829 0.00677743 0.00485074 0.00122526
internal_weight=7704.19 1569.59 6134.6 5576.79 3871.11 3260.01 2278.97 1166.9 1112.07 578.049 1355.85 981.047 534.017 695.942 611.101 659.908 557.818 955.755 587.464 160.462 88.8914 1705.67 430.215 277.559 136.074 1275.46 214.125 103.857 1061.33 654.148
internal_count=56068 23428 32640 30198 21155 17982 13181 7552 5629 2777 19175 4801 2852 10068 3173 9107 2442 4674 2777 761 1146 9043 2104 1341 644 6939 1216 623 5723 3670
cat_boundaries=0 1 2 3 4
cat_threshold=12 12 71 28
is_linear=0
shrinkage=0.05


Tree=50
num_leaves=31
num_cat=1
split_feature=5 1 11 8 11 9 12 0 16 4 12 4 12 0 1 9 16 10 4 16 1 19 16 12 4 0 4 11 1 15
split_gain=56.8227 15.2538 12.3148 13.1987 12.1953 12.8042 10.8762 11.892 8.40923 8.12308 12.0723 13.8966 12.0545 7.31292 7.66939 6.81938 6.72403 6.62419 7.49755 7.38165 6.41741 7.53335 6.16389 6.31607 10.2221 6.98922 6.75662 6.11522 6.07547 6.03909
threshold=1.0000000180025095e-35 4.5000000000000009 0.50252525252525271 1.0000000180025095e-35 0.12005586592178773 4.5000000000000009 33.500000000000007 2.5000000000000004 0.28659048985447844 14.925000000000002 38.500000000000007 16.635000000000002 49.500000000000007 2.5000000000000004 19.500000000000004 1.5000000000000002 0.16457955047357317 39.500000000000007 13.675000000000002 0.14430703324976971 17.500000000000004 0 0.12073906159574586 41.500000000000007 17.265000000000004 2.5000000000000004 4.5050000000000008 0.085145784081954307 1.5000000000000002 20.500000000000004
decision_type=2 2 2 2 2 2 2 2 2 2 2 2 2 2 2 2 2 2 2 2 2 1 2 2 2 2 2 2 2 2
left_child=6 22 3 4 5 8 7 -1 9 12 11 -11 -3 14 20 -9 -14 18 -8 -19 21 -5 27 24 -24 -26 -25 -2 -27 -7
right_child=1 2 -4 13 -6 29 17 15 -10 10 -12 -13 16 -15 -16 -17 -18 19 -20 -21 -22 -23 23 26 25 28 -28 -29 -30 -31
leaf_value=-0.0082711551216197114 -0.013558980471516355 -0.010951476354623511 0.0083600982008682871 0.01728391348259271 0.00096317063317852855 -0.001162771190478929 -0.021350656681233079 0.024256897583771753 0.015648523540172099 0.043431955509989531 -0.0057640421427231827 0.0051359855135410812 0.023960986112249262 0.0080198200670323783 -0.0090952148215545283 -0.00087652515306217704 -0.0023390839811287356 0.028230240125021906 -0.010169264826210332 -0.0081331229931433015 0.016117985987542809 -0.0010875673084722768 0.0057608500395624294 0.01751657674920605 0.011060720360807531 0.012757238261153672 0.0021442772874481607 0.017991243904762439 0.036964272712645872 -0.016559949607820808
leaf_weight=417.82932102680206 67.751139782369137 476.57834467291832 457.39777383953333 52.391773477196693 1641.2876875922084 81.351175270974636 306.06061012297869 47.433466266840696 58.831356376409531 26.165091134607792 278.33973804861307 188.33252166956663 39.133146621286869 596.78406816720963 159.28992211818695 60.803259920328856 61.212506793439388 16.303114168345928 299.71553768590093 71.174772392958403 82.07129080593586 460.40317366272211 421.93822175264359 79.491546295583248 145.89800458401442 43.6891123726964 642.61312593519688 18.847353100776672 68.648821085691452 294.89121574908495
leaf_count=7152 445 3098 2046 268 8613 586 5626 592 306 162 1854 1134 296 2776 843 803 394 323 5376 1324 431 2413 1963 392 679 195 3144 119 300 2209
internal_value=1.37766e-05 0.00188718 0.000553093 -0.000242642 -0.00201758 -0.0052671 -0.00987943 -0.00444637 -0.00259889 -0.00361608 0.00109776 0.00998731 -0.00763782 0.00388935 0.000614503 0.0102591 0.00805273 -0.0139899 -0.0158444 -0.00111367 0.00322542 0.00113465 0.00632321 0.00712327 0.0105787 0.018398 0.00385839 -0.00656537 0.0277456 -0.0132427
internal_weight=7662.66 6443.34 4954.46 4497.06 3146.12 1504.84 1219.32 526.066 1128.59 1069.76 492.837 214.498 576.924 1350.94 754.156 108.237 100.346 693.254 605.776 87.4779 594.866 512.795 1488.88 1402.28 680.174 258.236 722.105 86.5985 112.338 376.242
internal_count=55862 34666 27429 25383 18652 10039 21196 8547 7244 6938 3150 1296 3788 6731 3955 1395 690 12649 11002 1647 3112 2681 7237 6673 3137 1174 3536 564 495 2795
cat_boundaries=0 1
cat_threshold=8
is_linear=0
shrinkage=0.05


Tree=51
num_leaves=31
num_cat=7
split_feature=5 4 18 16 12 1 16 17 0 1 18 1 20 10 20 18 16 8 11 10 19 17 1 4 15 20 12 1 12 11
split_gain=49.9542 16.4212 14.0171 11.7501 10.9362 9.64361 9.01388 8.34076 8.4416 8.08889 8.39733 8.31966 7.78131 7.77198 7.6999 7.56576 7.44147 7.11806 7.5315 7.06272 7.05142 7.47054 8.28981 7.99875 9.87149 7.20693 7.81409 7.57488 9.12381 7.00002
threshold=1.0000000180025095e-35 26.375000000000004 0 0.25502969072164955 18.000000000000004 4.5000000000000009 0.37496650469711701 7.1275572533131113 2.5000000000000004 2.5000000000000004 1 16.500000000000004 2 64.500000000000014 3 4 0.11876777003484322 1.0000000180025095e-35 0.50252525252525271 1.5000000000000002 5 6.1744629567632634 17.500000000000004 2.2550000000000003 5.5000000000000009 6 37.500000000000007 17.500000000000004 50.500000000000007 0.38507877664504181
decision_type=2 2 1 2 2 2 2 2 2 2 1 2 1 2 1 1 2 2 2 2 1 2 2 2 2 1 2 2 2 2
left_child=2 5 3 16 -4 29 15 9 14 -3 11 12 -11 -6 -9 17 -1 18 -7 -20 -17 22 -22 -23 -25 26 -26 28 -28 -2
right_child=1 7 4 -5 13 6 -8 8 -10 10 -12 -13 -14 -15 -16 20 -18 -19 19 -21 21 23 -24 24 25 -27 27 -29 -30 -31
leaf_value=-0.023554132863170967 0.0024427637628033905 0.017054623988867541 0.029540001329524959 0.0088842776323346216 -0.021570479598980039 -0.002167681597284215 0.021892044898035128 -0.0038032928121548015 0.022674756687018072 0.010985217869996405 -0.0041370715539831631 0.017841773374929381 -0.0055869114554846257 0.0028080271264754788 0.016273172302655622 -0.0012341056581640858 -0.006471945676577536 0.0054897727304002468 -0.00021385060755223039 0.019385738583925529 -0.026465870129526278 0.026543467359147612 -0.00041727508011782632 -0.021035700315257914 0.013563035937833787 -0.010193252376259706 -0.0066214655389429588 -0.025352134887526356 0.0288741534937863 0.012603563502801333
leaf_weight=70.034874800592661 1051.7656606808305 104.22513849288225 10.978986188769339 116.63286305963993 343.17963424697518 1395.5082893893123 41.834262058138847 94.087827183306217 143.82158630341291 119.21434896439314 295.79424691200256 121.68150014430285 145.81399398297071 35.886301789432764 83.070646122097969 1242.3425134643912 643.57449201494455 598.19668576866388 102.81529028713703 82.094281926751137 93.46100939065218 18.412471674382687 45.18642995506525 90.297867521643639 100.50260918587446 171.00235690921545 71.984805047512054 32.730223774909973 23.082334227859974 201.26444126665592
leaf_count=1592 5295 493 163 1285 6564 7838 181 472 646 606 1711 626 731 712 397 7379 11101 2818 463 341 649 108 315 492 569 1022 452 207 145 855
internal_value=-0.000359646 0.00139081 -0.00963444 -0.00570553 -0.0173713 0.0002455 -0.000925489 0.0069301 0.0137119 0.0041493 0.00215647 0.00689745 0.00208371 -0.0192612 0.00634911 -0.00116548 -0.00817904 0.000845314 -0.000909653 0.00854525 -0.0034699 -0.00767275 -0.0180402 -0.00496411 -0.00620071 -0.00280177 0.00306578 -0.00499267 0.00220773 0.00408356
internal_weight=7690.48 6470.19 1220.29 830.242 390.045 5362.48 4109.45 1107.71 320.98 786.729 682.504 386.71 265.028 379.066 177.158 4067.62 713.609 2178.61 1580.42 184.91 1889 646.66 138.647 508.013 489.6 399.302 228.3 127.797 95.0671 1253.03
internal_count=56228 34811 21417 13978 7439 29129 22979 5682 1515 4167 3674 1963 1337 7276 869 22798 12693 11460 8642 804 11338 3959 964 2995 2887 2395 1373 804 597 6150
cat_boundaries=0 1 2 3 4 5 6 7
cat_threshold=14 12 602 158 6 14 188
is_linear=0
shrinkage=0.05


Tree=52
num_leaves=31
num_cat=3
split_feature=5 8 11 18 1 0 8 16 19 16 11 20 15 15 3 4 3 17 15 9 11 15 12 4 12 9 15 9 0 15
split_gain=48.4447 16.6389 26.5864 15.2523 10.7131 10.0295 10.6771 9.24571 9.11596 8.72977 8.21714 9.88787 10.4955 8.63753 8.15036 13.7938 7.6393 7.15217 7.26937 7.07287 7.31862 6.94449 7.95642 7.37822 7.29232 6.83999 9.62729 8.34783 15.1363 14.5952
threshold=1.0000000180025095e-35 1.0000000180025095e-35 0.18099343185550085 0 4.5000000000000009 1.5000000000000002 1.0000000180025095e-35 0.17300291496725859 1 0.24574029304029307 0.11143790849673203 2 74.500000000000014 32.500000000000007 1.5000000000000002 6.5150000000000006 2.5000000000000004 8.7294820332715819 2550.5000000000005 20.500000000000004 0.53923076923076929 34.500000000000007 38.500000000000007 12.475000000000003 49.500000000000007 2.5000000000000004 58.500000000000007 21.500000000000004 2.5000000000000004 19.500000000000004
decision_type=2 2 2 1 2 2 2 2 1 2 2 1 2 2 2 2 2 2 2 2 2 2 2 2 2 2 2 2 2 2
left_child=3 2 8 4 9 10 -7 -5 -2 21 -6 -12 13 -13 -8 -16 -17 18 25 20 -4 -1 23 -23 -24 26 -10 29 -29 -27
right_child=1 -3 19 7 5 6 14 -9 17 -11 11 12 -14 -15 15 16 -18 -19 -20 -21 -22 22 24 -25 -26 27 -28 28 -30 -31
leaf_value=-0.0058244171736099729 -0.0098630720434181897 0.0061541604155625033 0.0010172809613777452 -0.025421152703548801 -0.020632930807614074 -0.0073447924459417906 -0.004587011100388956 -0.0098771945584853089 -8.209995095725893e-05 0.029064618697894437 -0.013303884927163809 0.020383027650776819 0.068582818358655359 -0.033830083865123088 -0.031325981822469505 0.058788208441099346 0.015208326735439592 0.026277594486616075 0.010576623862698671 0.011202561473384193 0.0080135656269675042 0.0040405648142714922 -0.016489295128484637 0.068313893774237675 0.037895002104715442 0.00021400826062976702 0.035383530457888425 0.006979310776383878 -0.010867823203693989 -0.014302000896745182
leaf_weight=116.31895711645484 380.17234425991774 1752.6039229407907 1087.903497479856 186.43070837110281 194.98420114815235 225.10391262546182 36.340130601078272 199.70235481485724 949.69089955091476 31.452223304659128 82.927018415182829 24.742266602814198 7.0855415724217883 9.2981264814734441 7.8742420375347129 20.64687754586339 20.537240203469992 21.800347961485386 110.69131240993738 354.18539187312126 568.73851764947176 7.7081510052084949 19.495184428989891 10.065792083740233 7.8151046335697165 290.35554497689009 18.528384648263454 302.22250230610371 194.33245144039392 427.92151546478271
leaf_count=1781 2564 8518 5278 3999 4014 3593 538 3458 5741 300 1564 412 94 162 114 287 283 110 604 1622 2513 121 348 153 140 1837 112 1838 1204 2831
internal_value=0.000277575 0.001997 0.00044799 -0.00890617 -0.00482986 -0.00804439 -0.00163669 -0.0169895 -0.00279726 0.00540159 -0.0142561 -0.00414821 0.0140208 0.00503187 0.0133203 0.0264118 0.037932 -0.001584 -0.00186705 0.0047978 0.00342255 0.000639864 0.0170824 0.04214 -0.000137856 -0.00250255 0.000632397 -0.00499957 -1.31734e-05 -0.00844193
internal_weight=7667.67 6459.15 4706.54 1208.53 822.395 629.54 310.502 386.133 2695.72 192.855 319.037 124.053 41.1259 34.0404 85.3985 49.0584 41.1841 2315.54 2293.74 2010.83 1656.64 161.403 45.0842 17.7739 27.3103 2183.05 968.219 1214.83 496.555 718.277
internal_count=56133 34772 26254 21361 13904 11061 4815 7457 16841 2843 6246 2232 668 574 1222 684 570 14277 14167 9413 7791 2543 762 274 488 13563 5853 7710 3042 4668
cat_boundaries=0 1 2 3
cat_threshold=14 1 229
is_linear=0
shrinkage=0.05


Tree=53
num_leaves=31
num_cat=6
split_feature=17 12 19 16 20 18 4 17 18 4 20 12 2 16 2 18 2 16 12 3 16 16 15 12 10 2 0 16 4 4
split_gain=43.8674 16.4535 14.0117 12.8029 11.8648 10.1344 9.91784 8.86141 10.6345 12.6459 12.4758 10.0131 8.48232 8.4358 9.00365 8.04077 7.48176 7.47628 7.41426 7.05215 6.93792 13.3243 6.87381 6.87078 6.756 9.88665 6.64363 6.72238 5.91538 6.02456
threshold=5.4621354193492992 21.500000000000004 0 0.11876777003484322 1 2 29.705000000000002 8.1759541911043048 3 25.915000000000003 4 25.500000000000004 6.8674643933443633 0.18196276258992808 6.8260027770509977 5 6.2198841554730615 0.14735919754004864 29.500000000000004 1.5000000000000002 0.12087111883357259 0.14208570851877989 10.500000000000002 26.500000000000004 9.5000000000000018 7.2887364182552004 2.5000000000000004 0.2807404810594995 37.175000000000004 7.1350000000000007
decision_type=2 2 1 2 1 1 2 2 1 2 1 2 2 2 2 1 2 2 2 2 2 2 2 2 2 2 2 2 2 2
left_child=1 5 7 -3 24 13 15 8 9 10 12 -11 -2 -1 -15 19 -8 28 23 -5 -13 -22 -12 -18 -4 -26 27 -21 29 -6
right_child=2 3 4 6 17 -7 16 -9 -10 11 22 20 -14 14 -16 -17 18 -19 -20 26 21 -23 -24 -25 25 -27 -28 -29 -30 -31
leaf_value=0.0019086973695359906 -0.0091677109270993113 -0.027312290851836202 0.0039273864931163227 -0.012528588809765288 0.00083117528802277661 -0.008936683549556259 -0.015461352569155576 0.016810716290411237 -0.00093191636847371234 0.03495799099075441 0.01165281912077218 -0.016170638021354971 0.0044318576853702241 0.023448011031972242 0.07936742896618014 -0.015053080929686278 -0.0022908805526913813 -0.0016692496265108461 0.0036382696549997016 -0.0069314027397064139 0.046234857849735404 0.0092800641692731903 0.0037438951839548051 0.055141864713070456 -0.022403578439984247 0.017237421426569127 0.013529112841940678 0.028330175651760006 0.014423556057646066 -0.014694646324757782
leaf_weight=25.650897413492203 270.04022813588381 98.486587665975094 1197.259646974504 208.07710670679808 80.758885018527508 40.423448774963617 34.80047233402729 128.47883634269238 960.19494226574898 47.346161983907223 396.44534341990948 21.868838511407375 197.91366488486528 28.599299658089876 9.3535440638661367 459.50904199108481 7.7243407443165806 1467.7251002267003 76.575910191982985 202.86431446671486 25.764336198568344 289.24761752039194 895.19082409888506 14.505743898451327 54.982984595000744 21.031892135739326 64.733401764184237 13.495675943791865 23.28082101047039 273.53581757843494
leaf_count=396 1502 2326 6393 3354 560 599 467 596 5325 214 1954 143 1036 311 102 8345 114 7645 1271 3540 148 1397 4684 205 321 101 817 124 135 1840
internal_value=-2.50733e-05 -0.00844728 0.00167977 -0.0101277 -0.000714513 0.010541 -0.00854012 0.00397909 0.00345555 0.00539934 0.00362568 0.0136316 -0.00334742 0.0209996 0.0389132 -0.0103352 0.00418812 -0.00326871 0.0111944 -0.00546319 0.0105397 0.0124393 0.00613111 0.035946 0.00298346 -0.0113543 -0.000400881 -0.00461171 -0.00955169 -0.0111633
internal_weight=7635.87 1284.8 6351.07 1180.77 3118.58 104.027 1082.29 3232.49 3104.01 2143.82 1759.59 384.227 467.954 63.6037 37.9528 948.68 133.606 1845.3 98.806 489.17 336.881 315.012 1291.64 22.2301 1273.27 76.0149 281.093 216.36 377.576 354.295
internal_count=55965 21971 33994 20563 16995 1408 18237 16999 16403 11078 9176 1902 2538 809 413 16180 2057 10180 1590 7835 1688 1545 6638 319 6815 422 4481 3664 2535 2400
cat_boundaries=0 1 2 3 4 5 6
cat_threshold=28 840 5 28 74 12
is_linear=0
shrinkage=0.05


Tree=54
num_leaves=31
num_cat=6
split_feature=5 12 18 10 9 15 11 20 16 4 12 20 0 16 20 1 1 20 11 1 4 15 20 12 12 0 16 0 11 4
split_gain=43.8364 14.2329 12.1564 10.2252 14.2083 11.4394 12.5518 12.2378 11.0383 10.4224 9.58823 9.43495 8.65098 8.7107 8.22434 8.05356 7.90392 7.55867 8.17749 6.94852 6.81965 6.7348 6.66739 7.7642 7.65033 6.62879 6.48153 6.23343 9.03779 6.10145
threshold=1.0000000180025095e-35 21.500000000000004 0 3.5000000000000004 3.5000000000000004 20.500000000000004 0.062718531468531485 1 0.22393156482246082 32.985000000000007 21.500000000000004 2 2.5000000000000004 0.12920692034934914 3 4.5000000000000009 5.5000000000000009 4 0.42280606717226438 1.0000000180025095e-35 16.505000000000006 12.500000000000002 5 26.500000000000004 45.500000000000007 2.5000000000000004 0.14512513704824334 2.5000000000000004 0.21886405109489054 23.555000000000003
decision_type=2 2 1 2 2 2 2 1 2 2 2 1 2 2 1 2 2 1 2 2 2 2 1 2 2 2 2 2 2 2
left_child=2 19 15 4 12 7 25 8 16 17 21 -11 -3 -14 27 -1 -6 -5 26 -2 -10 -4 23 -15 29 -7 -19 28 -8 -24
right_child=1 3 10 9 5 6 14 -9 20 11 -12 -13 13 22 -16 -17 -18 18 -20 -21 -22 -23 24 -25 -26 -27 -28 -29 -30 -31
leaf_value=0.0038209745986434104 0.036422402383381278 -0.00067541349085994756 0.038982584800040146 -0.0041250554748486507 0.022220830689305106 -0.02305823468314587 0.0029923499937531007 -0.0048922861799442852 0.04660894044214247 -0.0086942040714682485 -0.018930579729360228 0.027004377107484864 0.034714987492068305 -0.014505775258425408 -0.0085971778910291351 -0.0079256037385440816 -0.0047979909256620629 0.013344132980641585 0.017579584299183576 0.0084400681617979294 0.0090628381382620964 -0.0086294436522292971 0.0021817445089982626 0.0095723247511087465 -0.0041295524955131451 -0.004091331670645861 0.0014207196756821064 -0.0044625533282988119 0.038429404441396621 0.014234944533536565
leaf_weight=190.22149067744613 22.387351796030998 1985.7795909568667 11.394183658063413 232.17200113832951 38.787009418010712 176.21146155148745 51.767881728708744 298.52620818465948 29.509652219712734 22.693193607032299 343.49907283112407 76.414472073316574 22.124439910054207 34.765939265489578 306.61518406122923 618.33182536810637 83.867112345993519 142.7282123491168 128.54592655599117 481.66334242373705 21.002533167600632 17.835839401930571 497.10990686714649 552.25551681220531 395.72415560483932 62.915738515555859 552.10276488959789 77.943075180053711 26.732511021196842 132.28482463955879
leaf_count=2809 98 11136 171 1277 210 1374 334 1710 137 114 6956 371 134 163 1718 11019 522 875 538 2230 100 286 2424 2723 2009 400 2926 408 133 625
internal_value=7.24526e-05 0.00169394 -0.00877868 0.00100957 -8.15925e-06 -0.00478592 -0.00882686 0.00123557 0.0113937 0.00523134 -0.0161597 0.0206541 0.00154203 0.00423519 -0.00400647 -0.00509781 0.0038568 0.00376509 0.00596984 0.00975256 0.0314766 0.0106058 0.00379563 0.00798822 0.00129884 -0.0181058 0.00388562 0.00520388 0.0153917 0.00473362
internal_weight=7633.91 6452.63 1181.28 5948.58 4793.92 1173.88 702.186 471.693 173.166 1154.66 372.729 99.1077 3620.04 1634.26 463.059 808.553 122.654 1055.55 823.377 504.051 50.5122 29.23 1612.14 587.021 1025.12 239.127 694.831 156.443 78.5004 629.395
internal_count=55930 34689 21241 32361 26260 7046 4367 2679 969 6101 7413 485 19214 8078 2593 13828 732 5616 4339 2328 237 457 7944 2886 5058 1774 3801 875 467 3049
cat_boundaries=0 1 2 3 4 5 6
cat_threshold=14 657 69 448 200 660
is_linear=0
shrinkage=0.05


Tree=55
num_leaves=31
num_cat=5
split_feature=17 18 16 20 1 16 1 17 15 12 9 20 4 16 12 1 16 4 15 20 12 15 15 17 17 20 9 16 16 4
split_gain=33.1866 11.6208 11.0567 10.0551 9.61665 9.81452 8.99151 9.454 8.87383 8.03333 7.84045 7.73854 9.12078 7.55745 8.58724 7.97487 7.16572 6.72985 7.36501 6.66045 8.93516 7.99913 8.71924 12.656 7.49999 6.53814 6.15392 6.14899 6.68796 8.36194
threshold=5.7738680802913134 0 0.13835613174654832 1 4.5000000000000009 0.23651315315315319 9.5000000000000018 6.8196614948686687 11.500000000000002 18.000000000000004 1.0000000180025095e-35 2 12.655000000000003 0.32504897959183682 21.500000000000004 1.5000000000000002 0.38600320386219011 7.6750000000000007 8.5000000000000018 3 27.500000000000004 5.5000000000000009 40.500000000000007 6.4073666662671398 6.4554343844651578 4 2.5000000000000004 0.17618367976357113 0.15691073661272462 9.5550000000000015
decision_type=2 1 2 1 2 2 2 2 2 2 2 1 2 2 2 2 2 2 2 1 2 2 2 2 2 1 2 2 2 2
left_child=2 6 -1 -3 5 8 7 17 -4 -8 -7 27 -13 14 -9 25 -6 18 -2 -19 24 -22 -23 -24 -21 -16 -14 28 29 -10
right_child=1 3 4 -5 16 10 9 13 11 -11 -12 12 26 -15 15 -17 -18 19 -20 20 21 22 23 -25 -26 -27 -28 -29 -30 -31
leaf_value=-0.017661996886335653 -0.021579858530988483 -0.0053863247509910554 -0.013597568905743308 0.00098886151257125405 -0.0081203312812102163 0.047842136300070781 0.019891599665708214 0.029671975130255192 0.05039734355205823 0.00046482837535674365 0.0091924204886507602 -0.034685187990315301 -0.018292822464399693 0.034116981097653098 0.0094694338360781279 0.010826861132838376 0.034356347976195557 0.011727734351188429 0.00051378648957480302 0.035330245939677422 0.01494172592518883 -0.012858197555469884 -0.013852785952265785 0.024760010264841922 0.0011784255680578834 -0.012375710059186707 0.029922627112632362 0.031578450975243241 -0.01939602336591717 0.00051413623974087645
leaf_weight=207.65460305288434 51.414234317839146 896.38254272937775 104.24114456027746 1937.2799020558596 974.22206103056669 15.970253720879553 53.836354270577431 47.757128477096558 11.414935529232023 1802.1292698457837 61.119424637407064 21.93616845458746 11.005136955529453 32.068028435111046 49.358547940850258 447.8764867708087 9.0644300132989866 224.89927542209625 134.39588353037834 30.337372735142708 52.267625793814659 169.56412164866924 38.867897987365723 44.514290876686573 33.156185790896416 70.907077237963676 13.905494470149277 33.480698544532061 18.410028278827667 26.050072379410267
leaf_count=4436 248 5169 1361 10567 14971 136 239 204 181 9532 554 295 148 133 229 2194 78 1099 698 143 247 876 206 234 154 324 181 405 276 403
internal_value=-0.000332165 0.00130608 -0.00697189 -0.00104085 -0.00525314 0.00230655 0.00332433 0.00631664 -0.00268472 0.00103875 0.0177094 0.00570555 -0.00983877 0.0107752 0.00950649 0.00776226 -0.00769425 0.00260099 -0.00568239 0.00519905 0.000855457 -0.00268631 -0.00637337 0.00681012 0.017791 -0.00364569 0.00873787 0.0134716 0.0046261 0.0166278
internal_weight=7625.49 6117.01 1508.47 2833.66 1300.82 317.533 3283.35 1427.38 240.444 1855.97 77.0897 136.203 46.8468 647.967 615.899 568.142 983.286 779.417 185.81 593.607 368.707 305.214 252.946 83.3822 63.4936 120.266 24.9106 89.3557 55.875 37.465
internal_count=55921 32496 23425 15736 18989 3940 16760 6989 3250 9771 690 1889 624 3084 2951 2747 15049 3905 946 2959 1860 1563 1316 440 297 553 329 1265 860 584
cat_boundaries=0 1 2 3 4 5
cat_threshold=12 198 818 780 203
is_linear=0
shrinkage=0.05


Tree=56
num_leaves=31
num_cat=6
split_feature=17 7 12 16 20 1 12 0 11 9 20 18 1 19 16 0 11 11 9 16 17 2 2 12 17 20 12 20 9 1
split_gain=33.8768 12.6695 10.8423 11.2309 9.44705 9.18013 10.1775 7.11269 6.92207 8.05057 8.71859 6.61194 8.0064 8.45025 8.22614 6.33429 10.085 9.95891 7.39933 6.17837 10.5958 6.15466 7.83744 6.13583 5.77214 5.60994 5.56899 5.52375 6.05959 8.1595
threshold=5.7738680802913134 1.0000000180025095e-35 24.500000000000004 0.13877384842826021 0 4.5000000000000009 18.000000000000004 2.5000000000000004 0.38507877664504181 2.5000000000000004 1 2 17.500000000000004 3 0.25830276110444178 1.5000000000000002 0.10038759689922482 0.14460124069179434 1964.5000000000002 0.22492517006802726 5.6428286313582783 7.7356933688459817 6.8260027770509977 41.500000000000007 5.2750743013006796 4 45.500000000000007 5 1.0000000180025095e-35 9.5000000000000018
decision_type=2 2 2 2 1 2 2 2 2 2 1 1 2 1 2 2 2 2 2 2 2 2 2 2 2 1 2 1 2 2
left_child=2 5 21 -4 7 8 -7 -3 -2 -10 -11 12 13 -5 23 16 -8 -18 -19 20 24 22 -1 27 -14 -16 -9 28 -15 -30
right_child=1 4 3 11 -6 6 15 26 9 10 -12 -13 19 14 25 -17 17 18 -20 -21 -22 -23 -24 -25 -26 -27 -28 -29 29 -31
leaf_value=0.0016062045128236214 0.0032246365737664201 -0.0089247148148439183 -0.018789955413484626 -0.013901981538594994 0.011457133535010751 0.014368326371532776 -0.0079564131133089445 0.019059686074711566 0.003599992229967985 -0.002498462291659679 0.031395564024860718 -0.009530683800050373 -0.0072009271611148465 0.056172388535961328 0.032237322309836468 0.00072192626762986522 0.016480847711657413 0.0013188170975106106 -0.018543846594906026 -0.030082308839917766 0.047247421576846325 -0.032309715249943853 0.028659303515429082 -0.0051772147306307741 -0.054839199312493085 0.00062845180815343299 -0.0058366876981336552 0.0016633122601787899 0.035794772339171353 -0.02569976259390705
leaf_weight=85.943540621548891 1038.0087363123894 122.78602606058121 196.70266249775887 65.698352195322514 537.26533233374357 118.32245994359255 607.59713847190142 56.307916030287743 104.26505108177662 31.26196214556694 66.453171744942665 592.62710863351822 83.724336583167315 12.714611001312731 28.9110610447824 2985.6253618225455 92.469485968351364 285.25007729232311 55.085705742239952 35.86544519290328 7.5800839811563483 8.2359154187142831 37.970519959926605 173.45767446234822 5.935431331396102 32.967714350670576 36.318805165588856 104.39822712913156 13.058597560971977 7.8583309501409522
leaf_count=988 5155 655 4331 945 2650 540 4103 260 448 129 273 9179 1527 161 260 15823 550 1526 312 423 44 125 541 2752 37 297 178 1510 182 130
internal_value=0.000313422 0.00195714 -0.00643699 -0.00776452 0.00802895 0.00110703 -2.26132e-05 -0.00101718 0.00487956 0.0133267 0.0235637 -0.0058881 -0.00190571 0.00132409 0.00429004 -0.000449017 -0.00380672 0.00202377 -0.001941 -0.0126321 -0.00595523 0.0071957 0.0100591 0.00107105 -0.0109247 0.0209014 0.00933978 0.0089038 0.0234352 0.0125733
internal_weight=7630.67 6137.02 1493.65 1361.5 752.678 5384.34 4144.35 215.413 1239.99 201.98 97.7151 1164.8 572.17 439.065 373.366 4026.03 1040.4 432.805 340.336 133.105 97.2399 132.15 123.914 311.487 89.6598 61.8788 92.6267 138.03 33.6315 20.9169
internal_count=56034 32602 23432 21778 3743 28859 22854 1093 6005 850 402 17447 8268 6237 5292 22314 6491 2388 1838 2031 1608 1654 1529 4735 1564 557 438 1983 473 312
cat_boundaries=0 1 2 3 4 5 6
cat_threshold=135 104 12 1 808 259
is_linear=0
shrinkage=0.05


Tree=57
num_leaves=31
num_cat=7
split_feature=5 19 12 11 8 12 20 18 10 0 9 20 1 2 11 4 4 20 20 15 12 1 20 17 4 11 4 9 2 2
split_gain=33.4446 13.8197 13.7408 12.2189 13.8368 10.415 9.76885 9.7269 8.69298 17.0009 10.0033 10.6094 9.8795 9.18988 8.6573 8.48238 8.00793 7.82646 7.81891 7.39881 7.1333 7.08025 11.5724 7.04942 6.84756 6.82752 6.79469 6.7694 6.73509 6.273
threshold=1.0000000180025095e-35 0 21.500000000000004 0.11031291543102568 1.0000000180025095e-35 21.500000000000004 1 2 1.5000000000000002 1.5000000000000002 1.5000000000000002 3 10.500000000000002 7.2280727263131066 0.40072992700729931 4.3950000000000005 11.035000000000002 4 5 13.500000000000002 51.500000000000007 13.500000000000002 6 7.2683101859673664 3.7150000000000003 0.10542661000326906 8.6450000000000014 17.500000000000004 6.7883859858208995 6.425589995676571
decision_type=2 1 2 2 2 2 1 1 2 2 2 1 2 2 2 2 2 1 1 2 2 2 1 2 2 2 2 2 2 2
left_child=2 -2 7 4 -4 6 23 -1 9 27 11 12 15 -12 18 -11 -9 -5 25 26 -14 -16 -23 -3 -20 -10 -17 -7 -24 -27
right_child=1 5 3 17 -6 8 -8 16 14 10 13 -13 20 -15 21 19 -18 -19 24 -21 -22 22 28 -25 -26 29 -28 -29 -30 -31
leaf_value=0.020824818531539759 -0.0043037833656992741 -0.0053127439426631229 -0.020455765295513909 0.0017626308083686316 -0.0053320558576918572 -0.0049986237656742833 0.015650499851019652 0.014382477363196245 -0.025292952698346246 0.038009530448514808 -0.0045142105789829608 0.0011827365526100261 0.0016416387308056735 0.006223483795499779 0.016800687366470668 -0.0010160041126049736 -0.030488696616217559 -0.011938080609660064 -0.01075112046056754 0.0015632280684069696 0.025927055185155125 -0.014561696521258785 0.0019856401631238741 0.018347393126088719 0.0065337468720336779 -0.013368570517434383 0.022243048075170791 -0.032495889857852123 0.026934146220023211 0.0032671625655979644
leaf_weight=58.612459439784288 896.6544676721096 134.5993480309844 353.04664343968034 294.10344259813428 265.62941880896688 838.26052428036928 258.74247347563505 16.576064016669989 33.208526596426964 36.238278821110725 739.49524039030075 984.20954811573029 352.13899258524179 271.66857712715864 233.63676150143147 38.328423477709293 22.235276561230421 149.71533467620611 61.092812068760395 102.06237877160311 32.096645496785641 52.230442151427269 61.306510739028454 40.000925049185753 756.74609743058681 78.988508902490139 170.59179861843586 22.041872918605804 47.661589309573174 193.4656368792057
leaf_count=770 5151 636 7736 5206 4623 5205 1171 257 229 177 4408 4893 1787 1402 986 185 337 2326 339 499 169 223 270 173 4102 458 805 181 198 966
internal_value=1.50892e-05 0.00142398 -0.00779623 -0.00944511 -0.0139815 0.00235535 0.00979287 0.0100996 0.00172689 0.000384174 0.00231773 0.00464166 0.00914681 -0.00162602 0.00489676 0.0153732 -0.00914703 -0.00310429 0.00265374 0.0126221 0.00373233 0.0112564 0.0031667 0.000171635 0.0051679 -0.00410284 0.0179914 -0.00574004 0.0119563 -0.00158703
internal_weight=7595.39 6435.47 1159.92 1062.49 618.676 5538.81 433.343 97.4238 5105.47 3587.13 2726.83 1715.67 731.457 1011.16 1518.34 347.221 38.8113 443.819 1123.5 310.983 384.236 394.835 161.199 174.6 817.839 305.663 208.92 860.302 108.968 272.454
internal_count=55868 34613 21255 19891 12359 29462 1980 1364 27482 19711 14325 8515 3622 5810 7771 1666 594 7532 6094 1489 1956 1677 691 809 4441 1653 990 5386 468 1424
cat_boundaries=0 1 2 3 4 5 6 7
cat_threshold=1 178 5 570 618 585 152
is_linear=0
shrinkage=0.05


Tree=58
num_leaves=31
num_cat=8
split_feature=5 18 1 18 4 1 17 20 2 16 20 20 1 12 20 16 16 12 16 15 19 16 20 15 4 16 16 12 3 4
split_gain=26.0381 17.0594 14.1627 12.4564 12.4195 10.7515 10.3699 12.5739 8.50489 7.99904 8.23804 8.02556 7.82545 10.1501 8.11858 7.66675 7.63451 7.52709 7.9263 7.52405 7.38167 12.0818 9.18452 13.589 8.10625 7.3188 7.15751 6.88924 7.19977 7.26493
threshold=1.0000000180025095e-35 0 4.5000000000000009 1 29.705000000000002 4.5000000000000009 8.4721340752570651 2 7.2584825702542775 0.29805547464583615 3 4 14.500000000000002 37.500000000000007 5 0.22982025974025977 0.11686612569291392 21.500000000000004 0.15307380316976202 133.50000000000003 6 0.3346596110286652 7 13.500000000000002 8.8150000000000031 0.25502969072164955 0.22982025974025977 29.500000000000004 1.5000000000000002 6.6050000000000013
decision_type=2 1 2 1 2 2 2 1 2 2 1 1 2 2 1 2 2 2 2 2 1 2 1 2 2 2 2 2 2 2
left_child=1 5 -2 20 6 25 9 -8 16 10 -5 -11 -12 19 -15 -6 -7 18 -3 -14 22 24 -4 26 -22 -1 -24 -18 -29 -30
right_child=2 17 3 4 15 8 7 -9 -10 11 12 -13 13 14 -16 -17 27 -19 -20 -21 21 -23 23 -25 -26 -27 -28 28 29 -31
leaf_value=0.0035378927070051913 0.0056337641450120018 -0.034563435909029633 -0.0049082050457585347 0.00057380893584041079 0.0019543613779800105 -0.024704938375123112 0.036517137150392918 -0.0025984693648478888 -0.015571192915888083 0.015439720727606654 -0.0092129503765418144 -0.0030859302010140498 0.0015199457965485346 -0.015666775349374461 -0.0021299989927464446 0.017191094118694544 0.0099332749824343342 -0.018205128367406256 0.022434739114114859 0.027318717588546301 0.0065917492511552633 0.027852722603836519 0.016234836256395793 0.0043481159935589474 -0.0022933903458016848 0.030474900967542819 0.039757924932556497 -0.013575212236986281 -0.019045146594329418 0.0073304430602379933
leaf_weight=161.05181936174631 1488.6391343101859 7.2739425748586681 108.09057223796844 624.26611242443323 287.18160586059093 33.739192433655262 25.279540598392487 51.521094977855682 162.38544885441661 95.758932799100876 964.32906047254801 126.70998920500278 330.02668032795191 172.12122051417828 310.65727542340755 115.04819505661726 116.5404340736568 331.68857831135392 22.474576748907566 29.924395978450775 361.72281766682863 40.119950324296951 140.34627151489258 279.176045127213 877.26920524984598 28.979766488075256 42.389337733387947 122.41887187957764 31.249053135514259 136.30593985319138
leaf_count=2570 7202 139 569 3627 1590 877 118 250 3121 423 5679 575 1835 1111 1865 538 1790 7011 321 180 1961 173 720 1481 4699 257 191 2259 581 2431
internal_value=0.00012193 -0.00679322 0.00135619 7.71483e-05 -0.00184208 -0.00252707 -0.00305659 0.0149403 -0.0058278 -0.00358285 -0.00441351 0.00547443 -0.0061052 -0.00261469 -0.00734644 0.00634429 -0.00220685 -0.015616 0.00782705 0.00373446 0.00332 0.00117979 0.00800947 0.0110762 0.000303844 0.0077838 0.0218782 -0.00028355 -0.00440972 0.00232758
internal_weight=7624.69 1154.11 6470.58 4981.94 3132.82 792.671 2730.59 76.8006 602.639 2653.79 2431.32 222.469 1807.06 842.73 482.778 402.23 440.253 361.437 29.7485 359.951 1849.11 1279.11 570.002 461.912 1238.99 190.032 182.736 406.514 289.974 167.555
internal_count=56144 21357 34787 27585 17791 13886 15663 368 11059 15295 14297 998 10670 4991 2976 2128 7938 7471 460 2015 9794 6833 2961 2392 6660 2827 911 7061 5271 3012
cat_boundaries=0 1 2 3 4 5 6 7 8
cat_threshold=14 4 336 137 545 34 24 72
is_linear=0
shrinkage=0.05


Tree=59
num_leaves=31
num_cat=6
split_feature=17 1 12 17 10 9 16 17 20 18 12 20 12 16 16 15 12 8 10 18 1 3 20 16 20 12 1 12 17 1
split_gain=23.2153 12.8977 12.687 15.0947 12.7393 15.8672 11.7252 12.3239 9.69829 9.35586 9.18886 14.4443 8.93921 12.373 10.8596 9.13771 8.02971 7.4746 8.47086 8.07782 7.46779 7.851 7.36607 7.2239 9.53662 10.3619 7.5151 9.22234 8.83492 10.126
threshold=6.4136474639554146 5.5000000000000009 50.500000000000007 7.8299008336753291 1.5000000000000002 8.5000000000000018 0.12920692034934914 6.3525422843597239 0 1 51.500000000000007 2 37.500000000000007 0.15307380316976202 0.30990361516034992 69.500000000000014 19.500000000000004 1.0000000180025095e-35 1.5000000000000002 3 19.500000000000004 1.5000000000000002 4 0.15117119860112158 5 41.500000000000007 1.5000000000000002 28.500000000000004 6.6985207965070162 4.5000000000000009
decision_type=2 2 2 2 2 2 2 2 1 1 2 1 2 2 2 2 2 2 2 1 2 2 1 2 1 2 2 2 2 2
left_child=1 6 4 10 5 9 -1 12 -6 16 -4 -12 13 -8 -14 -15 -2 18 -3 20 21 -19 -5 24 -18 -26 -25 -28 -29 -30
right_child=2 17 3 22 8 -7 7 -9 -10 -11 11 -13 14 15 -16 -17 23 19 -20 -21 -22 -23 -24 26 25 -27 27 28 29 -31
leaf_value=-0.017357491216576145 0.020713181951832214 -0.010237355600896034 -0.015249982928243901 0.033512239842654883 0.013822298385906557 -0.017171985208666824 0.034668077439743337 -0.019208214683900156 0.0041242866986084684 -0.0010797998047701826 0.008676833244541448 -0.012451498818227831 -0.0019334815321682714 0.01018207905224792 0.031555766648348922 -0.022024528677873672 0.0072921671996623999 -0.0013951098744065102 -0.0027855840679762251 -0.0066263184267913444 -0.0096737422895061594 0.017156974630388813 -0.00014309537676463589 -0.0067096536932489785 -0.00048911896790861304 -0.028190767156898024 -0.0024751476591362946 0.0011630726792260567 0.027594783201029316 0.0096561323161403895
leaf_weight=71.783715482801199 74.544249936938286 953.46317789331079 219.5975302234292 24.277451545000076 398.88397613167763 109.77069402486086 48.183855809271336 53.804394632577896 782.94122280925512 1239.7209323719144 153.94823119789362 148.30323251336813 363.08496976271272 249.60348248109221 24.931411616504192 23.20825906470418 102.74913415312767 98.010430190712214 636.79437448829412 275.44151556491852 65.055984895676374 134.91109502315521 39.826069183647633 111.60431410372257 74.683269210159779 60.656324855983257 210.31702390313148 243.56041654199362 92.590848252177238 511.89540688693523
leaf_count=1059 322 11758 1205 121 1909 782 540 269 3852 6593 846 828 3723 2033 157 185 615 923 6841 2907 597 1217 202 496 423 389 974 1247 409 2550
internal_value=-3.46515e-05 -0.00345726 0.00219653 -0.00467072 0.00319993 0.00137922 0.00182132 0.00364648 0.00755816 0.00213329 -0.00749058 -0.00182138 0.00540545 0.0115641 0.000293905 0.00737181 0.00479389 -0.00549328 -0.00725703 -0.000597767 0.00503171 0.0093779 0.0180475 0.00397102 -0.00395535 -0.0121304 0.00558604 0.00688772 0.00920991 0.0124449
internal_weight=7598.15 2998.28 4599.87 585.953 4013.92 2832.09 834.6 762.816 1181.83 2722.32 521.849 302.251 709.012 320.996 388.016 272.812 1482.6 2163.68 1590.26 573.419 297.978 232.922 64.1035 1408.06 238.089 135.34 1169.97 1058.36 848.047 604.486
internal_count=55972 32209 23763 3202 20561 14800 7966 6907 5761 14018 2879 1674 6638 2758 3880 2218 7425 24243 18599 5644 2737 2140 323 7103 1427 812 5676 5180 4206 2959
cat_boundaries=0 1 2 3 4 5 6
cat_threshold=662 12 472 12 224 327
is_linear=0
shrinkage=0.05


Tree=60
num_leaves=31
num_cat=8
split_feature=5 18 17 12 18 19 4 12 4 2 4 9 20 19 20 12 4 2 12 4 17 10 15 11 9 3 20 9 3 20
split_gain=24.9117 10.2208 11.233 9.35407 8.11559 8.0504 7.96399 7.72344 15.8989 8.78217 6.8831 7.64377 8.4881 7.4575 8.33265 11.2238 6.85183 7.42822 6.93122 6.55116 6.50704 6.49719 6.37127 5.99604 7.04609 5.98619 5.86142 5.83617 8.89908 5.82656
threshold=1.0000000180025095e-35 0 6.8196614948686687 21.500000000000004 1 2 6.5150000000000006 21.500000000000004 19.415000000000003 8.9415198586045168 34.445000000000007 1.5000000000000002 3 4 5 33.500000000000007 13.675000000000002 6.9227473342921693 26.500000000000004 37.855000000000011 6.7442240714895609 6.5000000000000009 8.5000000000000018 0.49786324786324793 2.5000000000000004 1.5000000000000002 6 2.5000000000000004 1.5000000000000002 7
decision_type=2 1 2 2 1 1 2 2 2 2 2 2 1 1 1 2 2 2 2 2 2 2 2 2 2 2 1 2 2 1
left_child=3 26 10 -1 16 6 -4 8 -7 -9 13 19 -13 14 20 25 17 23 -18 -12 27 -17 -21 -5 -25 -16 -2 28 -3 -6
right_child=1 2 5 4 29 7 -8 9 -10 -11 11 12 -14 -15 15 21 18 -19 -20 22 -22 -23 -24 24 -26 -27 -28 -29 -30 -31
leaf_value=0.0077510054365100625 -3.6425701074816057e-05 0.032521137131728071 0.010626101752020146 -0.0068992718638746613 -0.0064821072681485381 0.0037471736570885705 -0.0096350292916623018 0.0017372582193893684 0.04069663413592553 0.030788898567831083 0.042010268705440071 0.0095686928371577617 -0.017884508504472641 -0.0065003953165995668 0.019565831008251353 -0.018302595831077906 -0.024107390188349162 -0.017961330349902285 0.0015904593132247719 -0.0098844811847553834 -0.01951543623456909 0.0058646157514509493 0.026794611121743785 -0.0012824190934902498 0.052632527896366278 -0.0031867785364763502 0.0052842586735684857 0.00074592662009733898 0.0055653234524003763 -0.021537055092566634
leaf_weight=96.976783771067858 769.30905774235725 53.264575198292732 59.317576043307781 170.091567017138 148.53951940685511 103.24846106022596 248.62792050093412 1749.1709269285202 39.677727058529854 25.41184201836586 20.698529861867428 54.912075750529766 38.669514700770378 1182.2889352440834 50.3290746062994 134.44664289802313 27.470340229570866 164.48245065659285 333.92131336033344 23.118768699467182 19.181504189968109 34.479223571717739 22.452224500477314 16.020789533853534 8.7019058354198915 65.645204946398735 1613.2386706843972 93.58288486301899 71.43999508023262 171.13491996750236
leaf_count=1349 4014 303 328 3163 3174 456 1353 8906 169 116 106 303 222 7290 283 834 442 3095 5945 116 104 229 119 225 96 376 8238 561 414 3710
internal_value=-0.000219723 0.000979786 -0.000539341 -0.0070409 -0.00842584 0.00185746 -0.00553145 0.00305924 0.0142162 0.00217038 -0.00340248 0.00649004 -0.00272381 -0.0043334 0.000685375 -0.00499845 -0.00521745 -0.0101691 -0.000424035 0.0193483 0.00742386 -0.0133644 0.00837413 -0.00353191 0.019003 0.00676997 0.00357397 0.0102078 0.017246 -0.01499
internal_weight=7609.85 6472.51 4089.96 1137.34 1040.36 2225.45 307.945 1917.51 142.926 1774.58 1864.51 159.851 93.5816 1704.66 522.369 284.9 720.688 359.297 361.392 66.2695 237.469 168.926 45.571 194.814 24.7227 115.974 2382.55 218.287 124.705 319.674
internal_count=56039 34840 22588 21199 19850 11328 1681 9647 625 9022 11260 866 525 10394 3104 1722 12966 6579 6387 341 1382 1063 235 3484 321 659 12252 1278 717 6884
cat_boundaries=0 1 2 3 4 5 6 7 8
cat_threshold=4 14 1 312 12 157 15 736
is_linear=0
shrinkage=0.05


Tree=61
num_leaves=31
num_cat=5
split_feature=17 19 4 16 8 11 12 2 4 16 0 18 16 17 17 18 12 4 4 4 2 11 4 2 12 15 17 19 16 18
split_gain=21.5696 11.6875 14.0298 10.8513 9.08712 11.1281 8.5761 8.05512 7.51113 7.43577 6.76412 8.37522 8.17546 7.46148 6.44872 6.37491 6.63825 6.02755 6.39029 6.00796 5.83336 6.29351 7.56052 5.49515 5.93097 5.46924 6.47791 5.37443 5.36692 9.36702
threshold=5.7738680802913134 0 35.445000000000007 0.12829714387992538 1.0000000180025095e-35 0.1364001167371954 29.500000000000004 5.3530895979138053 31.855000000000004 0.1775498689906585 1.5000000000000002 1 0.18257929994975719 7.1713111407895473 7.9782818281165531 2 18.000000000000004 9.0950000000000006 7.0550000000000006 9.2650000000000023 8.7370794347176304 0.35311729482212056 13.455000000000002 7.5354541909458073 29.500000000000004 31.500000000000004 7.2282396706954399 3 0.21289312169312172 4
decision_type=2 1 2 2 2 2 2 2 2 2 2 1 2 2 2 1 2 2 2 2 2 2 2 2 2 2 2 1 2 1
left_child=3 9 14 -1 5 -5 8 -8 19 -2 11 -11 13 -12 15 23 -17 18 -16 -6 21 22 -19 24 -3 -14 -27 -7 -4 -30
right_child=1 2 28 4 6 27 7 -9 -10 10 12 -13 25 -15 17 16 -18 20 -20 -21 -22 -23 -24 -25 -26 26 -28 -29 29 -31
leaf_value=-0.018931782282227805 0.00016211745245489916 0.005293193536654652 0.014926465497764814 -0.013743241930963388 0.02540541363634757 -0.013737543241308908 0.036020611125210177 -0.0050551100372536687 0.049824827023717155 0.0079413102597932182 0.012449672041706265 -0.014631830970671503 0.0045866885679598469 0.044758488392602325 0.0039870214096814705 0.012109067430884289 -0.0041337468372401624 0.021399079567927814 -0.025746632799287475 0.00027593630800807327 0.032523964989102691 0.030058472273260251 -0.0050269339586442446 0.019062061863071269 -0.0018685844669636448 0.0083119781855138936 0.027770787562698032 -0.00054407065112377676 0.01021623382287366 -0.017812786582985182
leaf_weight=143.34875969588757 723.61813566833735 397.41138134151697 188.18295998871326 375.47698764503002 35.135742280632257 81.296871088445187 11.567023742944 238.67493296414614 11.646810732781885 74.319323353469372 56.294324621558189 69.914474800229073 713.11468467116356 26.049097761511803 60.995903387665749 63.862506315112114 2138.1706575080752 37.574325062334538 24.554238080978394 69.654006768018007 26.599195301532745 24.621969744563103 89.856142796576023 38.228024378418922 1052.4808230102062 158.50954931229353 58.358859479427338 493.54705919697881 79.383869603276253 33.540205538272858
leaf_count=3427 4276 1912 972 6686 427 1177 109 3676 108 392 284 349 3329 120 294 298 12085 186 119 816 125 102 444 187 5617 762 256 6950 354 150
internal_value=-0.000453517 0.000846573 -0.000606979 -0.00591268 -0.00448233 -0.00706014 0.00219962 -0.00302064 0.013349 0.00411636 0.00662367 -0.00348665 0.00806618 0.0230849 -0.00140151 -0.00194228 -0.00364087 0.00613029 -0.00474588 0.00886229 0.0113359 0.00744114 0.00287103 0.000592426 9.6734e-05 0.00671302 0.0136517 -0.00267858 0.00977743 0.00114109
internal_weight=7595.99 6135.64 4255.46 1460.35 1317 950.321 366.679 250.242 116.437 1880.18 1156.56 144.234 1012.33 82.3434 3954.36 3690.15 2202.03 264.202 85.5501 104.79 178.652 152.052 127.43 1488.12 1449.89 929.983 216.868 574.844 301.107 112.924
internal_count=55989 32613 22845 23376 19949 14813 5136 3785 1351 9768 5492 741 4751 404 21369 20099 12383 1270 413 1243 857 732 630 7716 7529 4347 1018 8127 1476 504
cat_boundaries=0 1 2 3 4 5
cat_threshold=12 5 4 1 13
is_linear=0
shrinkage=0.05


Tree=62
num_leaves=31
num_cat=3
split_feature=5 16 4 18 19 2 1 4 0 2 13 2 13 1 9 16 8 16 11 18 2 15 4 9 16 15 9 2 2 1
split_gain=19.1481 12.036 11.3669 9.05958 8.3433 8.6844 7.54513 8.29112 8.48469 7.19625 7.05868 10.2509 6.60507 6.69078 9.78594 8.86798 7.10765 6.59337 6.46381 6.2799 11.9129 7.53773 7.4403 6.98641 6.62192 6.23287 9.36661 6.22593 7.21334 6.16678
threshold=1.0000000180025095e-35 0.12829714387992538 26.885000000000002 0 1 7.9184230258600969 4.5000000000000009 4.7250000000000005 1.5000000000000002 6.3637605937875295 1.0000000180025095e-35 7.5076571461914439 1.0000000180025095e-35 4.5000000000000009 19.500000000000004 0.16690895386926499 1.0000000180025095e-35 0.36884455782312936 0.3304597701149426 2 7.2787221053910383 29.500000000000004 18.475000000000005 7.5000000000000009 0.13061117602121067 47.500000000000007 52.500000000000007 7.1197205835015067 7.2190305793742837 16.500000000000004
decision_type=2 2 2 1 1 2 2 2 2 2 2 2 2 2 2 2 2 2 2 1 2 2 2 2 2 2 2 2 2 2
left_child=1 25 4 6 -2 12 7 8 -3 18 11 -11 17 14 16 -15 -14 19 -9 20 21 23 -23 -6 -21 -1 29 -4 -29 -27
right_child=2 3 27 -5 5 -7 -8 9 -10 10 -12 -13 13 15 -16 -17 -18 -19 -20 24 -22 22 -24 -25 -26 26 -28 28 -30 -31
leaf_value=-0.02755149041862592 0.0028482892863090185 0.06869908407105603 0.0030560541901120245 -0.011410670092604706 0.0054445724857949095 0.0071931914460373865 -0.0041717404365649129 0.010622425010793961 0.0041497852486487366 -0.00023513127936062076 -0.012862835324505606 0.050417704216204756 -0.0071333694287563981 -0.011321671272968023 0.016398212964013677 -0.0030180036761259053 0.0073793009602792243 0.02680223163179923 0.061019335831884958 -0.019949349344984001 0.017813812680986269 -0.012664518567913771 0.010481808302887669 -0.015774158367731654 -0.0021470001209768041 0.0017280256927923465 -0.031269799573835286 0.030262101601059157 0.008356472105867643 0.063670966301315371
leaf_weight=90.814674947410822 1638.1252409294248 9.625996410846712 749.2436593323946 307.75172238796949 471.19465760886669 270.14976059645414 530.21620919182897 24.423180222511292 10.036182429641483 44.97907205671072 65.734266813844442 11.836269188672302 249.71502606570721 471.24369137734175 85.451153986155987 1011.0777825266123 126.20974618196487 22.23965098708868 7.8957756124436846 56.186360254883766 114.09188151359558 158.99763175845146 43.518774881958961 41.301687136292458 608.16097831726074 12.06009497493506 13.581815034151075 42.965740285813808 271.23086076229811 5.0695426464080802
leaf_count=2423 8674 148 3929 6314 2293 1304 9383 356 133 541 1020 154 1320 3381 448 5539 593 95 75 435 536 828 216 214 3313 328 374 207 1269 140
internal_value=-0.000235546 -0.00622296 0.000821043 -0.00442687 -0.000114951 -0.00142074 -0.00118682 0.00778574 0.0375466 0.00379064 -0.00179707 0.0110068 -0.0020994 -0.00402794 0.00122827 -0.00566367 -0.00225436 0.000374743 0.0243966 -3.64718e-05 0.00284988 0.000480395 -0.00766354 0.00370718 -0.00362584 -0.0210288 -0.00148049 0.0055411 0.0114385 0.0225609
internal_weight=7565.13 1134.02 6431.1 1012.5 5367.66 3729.54 704.747 174.531 19.6622 154.869 122.55 56.8153 3459.39 1943.7 461.376 1482.32 375.925 1515.69 32.319 1493.45 829.105 715.013 202.516 512.496 664.347 121.526 30.7115 1063.44 314.197 17.1296
internal_count=55983 21389 34594 18124 29189 20515 11810 2427 281 2146 1715 695 19211 11281 2361 8920 1913 7930 431 7835 4087 3551 1044 2507 3748 3265 842 5405 1476 468
cat_boundaries=0 1 2 3
cat_threshold=14 12 12
is_linear=0
shrinkage=0.05


Tree=63
num_leaves=31
num_cat=5
split_feature=17 4 19 6 12 12 17 16 17 4 15 16 20 9 16 3 10 4 20 12 0 16 6 0 16 20 19 8 10 11
split_gain=25.929 10.3557 9.56974 10.088 10.2837 9.04288 9.73199 8.87966 8.21097 10.997 11.7591 8.18365 6.94959 7.01212 6.13239 5.82125 9.56031 8.6155 6.17936 5.7828 5.92822 5.59565 8.30166 7.1651 5.57892 5.48184 5.3369 5.58999 7.08241 7.87452
threshold=5.7556314478337489 28.385000000000002 0 1.0000000180025095e-35 28.500000000000004 21.500000000000004 8.2193260531337362 0.28222858731924366 6.330513817426727 17.655000000000005 11.500000000000002 0.38600320386219011 1 50.500000000000007 0.3291427925016161 1.5000000000000002 1.5000000000000002 28.685000000000006 2 23.500000000000004 1.5000000000000002 0.16690895386926499 1.0000000180025095e-35 1.5000000000000002 0.24992316210920865 3 4 1.0000000180025095e-35 1.5000000000000002 0.55684754521963831
decision_type=2 2 1 2 2 2 2 2 2 2 2 2 1 2 2 2 2 2 1 2 2 2 2 2 2 1 1 2 2 2
left_child=2 5 -1 11 -5 7 26 8 -2 21 -11 19 13 -3 -9 16 17 -6 -17 20 -4 23 -23 -10 -8 -21 -7 28 -28 -30
right_child=1 12 3 4 15 6 24 14 9 10 -12 -13 -14 -15 -16 18 -18 -19 -20 25 -22 22 -24 -25 -26 -27 27 -29 29 -31
leaf_value=-0.015821729789736068 -0.0097469587968922987 0.013701969175811499 -0.010896617886168409 0.020280168880380839 -0.010983499239693112 0.0046476359008185359 0.0068544043126830424 0.037787608715221084 -0.0025358900957421536 0.048106172002122728 0.0073043232629727761 0.037911171599983327 0.0025059172265019247 -0.015680097903273151 0.0061471063731006236 0.014351327379432163 0.028653071886633016 0.038448093160068968 -0.01225353639899565 -0.014622019010129238 0.016629194987138853 -0.0088233369157129562 0.019459452606701812 0.029304822105822581 0.028227945474212396 -0.0054753965906761118 -0.0040057046314320261 0.0021104077127826882 -0.00063696169669933832 0.011166903431274607
leaf_weight=199.01946960762143 76.985174611210823 351.26649465411901 31.797154895961285 71.041675448417664 56.902150433510542 476.31260546296835 150.05105594545603 36.810360342264175 32.811487905681133 30.968178272247314 40.413582570850849 9.1834848336875421 483.24326355010271 20.736387066543102 26.50081242620945 18.177772991359234 34.326570648699999 9.4045748673379403 112.12423445284367 247.98349831998348 47.721067264676094 116.19132795929909 32.336489453911781 36.914408996701241 37.700609475374222 592.37397987581789 1799.9272388964891 1136.5615280941129 1096.2622303068638 161.18142771720886
leaf_count=3426 381 1698 504 805 845 2521 725 154 177 135 186 79 2460 110 108 219 423 121 1681 4328 504 511 135 181 160 10429 10892 5598 5868 678
internal_value=0.000172538 0.00158428 -0.00588882 -0.00410967 0.00378686 0.000758117 0.000142322 0.00769979 0.00467947 0.00853436 0.0254258 -0.00672182 0.00668552 0.0117125 0.024845 -0.00135247 0.00763807 -0.00350533 -0.00830123 -0.00720809 0.00562375 0.0029191 -0.00257684 0.0144973 0.011273 -0.00842754 -0.000307469 -0.000880184 -0.00199513 0.000883751
internal_weight=7573.23 6143.17 1430.06 1231.04 301.977 5287.93 4858 429.932 366.621 289.635 71.3818 929.059 855.246 372.003 63.3112 230.935 100.633 66.3067 130.302 919.876 79.5182 218.254 148.528 69.7259 187.752 840.357 4670.25 4193.93 3057.37 1257.44
internal_count=56042 32678 23364 19938 4094 28410 26442 1968 1706 1325 321 15844 4268 1808 262 3289 1389 966 1900 15765 1008 1004 646 358 885 14757 25557 23036 17438 6546
cat_boundaries=0 1 2 3 4 5
cat_threshold=1 848 65 71 8
is_linear=0
shrinkage=0.05


Tree=64
num_leaves=31
num_cat=9
split_feature=17 7 18 12 19 20 18 17 2 18 0 20 2 12 2 20 1 3 20 2 1 3 2 3 2 19 0 1 2 10
split_gain=20.5235 9.53985 10.3867 9.16103 7.49358 7.05054 12.9827 9.70319 8.48853 7.01175 9.36417 7.05662 6.75538 6.33569 6.19257 8.67469 6.83342 5.87885 6.87599 5.80471 5.76208 5.47208 5.39863 8.28154 8.12173 6.29872 5.35522 6.1999 5.53613 5.32599
threshold=5.13111072468792 1.0000000180025095e-35 0 39.500000000000007 1 2 3 8.0922607867585494 7.4149613600590216 4 1.5000000000000002 5 6.860611259118377 16.000000000000004 6.1484362440648681 6 11.500000000000002 2.5000000000000004 7 7.6006299220288804 21.500000000000004 2.5000000000000004 6.5801674586981802 2.5000000000000004 6.6387641048882191 8 1.5000000000000002 4.5000000000000009 6.6903328308252989 3.5000000000000004
decision_type=2 2 1 2 1 1 1 2 2 1 2 1 2 2 2 1 2 2 1 2 2 2 2 2 2 1 2 2 2 2
left_child=1 2 -1 5 19 6 22 13 12 11 17 -5 -8 -7 -3 -16 -17 18 -11 -4 -13 -10 25 24 -24 -2 27 28 -15 -29
right_child=3 14 4 9 -6 7 8 -9 21 10 -12 20 -14 26 15 16 -18 -19 -20 -21 -22 -23 23 -25 -26 -27 -28 29 -30 -31
leaf_value=-0.002782073933802573 0.0160003148520153 -0.016019258091529813 -0.0018786941752830693 0.0099356140729839997 -0.01538319045095933 0.021647154088876314 -0.0047666363548411498 0.021392987376098311 -0.0048627358739939067 0.0074871603178053711 -0.00013848861906829674 -0.00040072437462705028 -0.023287749332976851 0.027245992605529696 0.02907317704892716 0.014459038154742216 -0.014722779285417389 -0.015289153785605806 -0.0075024812772009819 0.041695400569838004 0.013395708898708348 0.016160680511769207 0.036827166289359087 -0.0037065832538116955 0.0092484276032974103 -0.0028554122270891906 0.0052483396940677107 -0.0092259739036961753 -0.002355929331550113 0.017206408784639072
leaf_weight=545.92469908669591 39.687287524342537 24.098313588649035 38.062304513528943 246.45868003368378 406.72564653493464 51.406907066702843 93.586761392652988 88.91618899255991 107.28756195306778 90.077053494751453 1602.7457852289081 967.09615195542574 104.40343621373177 28.230267025530338 32.10958306491375 40.535381812602282 37.802430804818869 170.76936836540699 333.67387753725052 8.5392647571861726 81.101725526154041 42.34534478187561 28.666998445987701 116.37710557132959 285.18514925986528 340.82930783182383 1364.2331372126937 187.99166586250067 34.045952178537846 20.271230727434158
leaf_count=9534 218 412 787 1263 8670 227 557 394 525 553 8824 5208 556 144 510 663 706 1090 2172 176 450 206 148 582 1416 1926 6660 1129 164 99
internal_value=0.00023287 -0.00596621 -0.00764907 0.00132749 -0.0131407 0.00338683 0.000324182 0.00535215 -0.00761678 -0.000402974 -0.00211815 0.0025044 -0.0146011 0.00452583 0.00649639 0.0115087 0.000327768 -0.00748142 -0.00430636 0.00563105 0.000672085 0.00115457 0.00378541 0.00766239 0.0118764 -0.000507462 0.00397453 -0.00244454 0.0112814 -0.00658325
internal_weight=7559.18 1133.8 999.252 6425.39 453.327 2933.46 1158.37 1775.1 347.623 3491.92 2197.27 1294.66 197.99 1686.18 134.546 110.447 78.3378 594.52 423.751 46.6016 1048.2 149.633 810.746 430.229 313.852 380.517 1634.77 270.539 62.2762 208.263
internal_count=55969 21458 19167 34511 9633 14951 6134 8817 1844 19560 12639 6921 1113 8423 2291 1879 1369 3815 2725 963 5658 731 4290 2146 1564 2144 8196 1536 308 1228
cat_boundaries=0 1 2 3 4 5 6 7 8 9
cat_threshold=12 8 226 13 4 528 776 584 8
is_linear=0
shrinkage=0.05


Tree=65
num_leaves=31
num_cat=4
split_feature=17 0 16 9 4 4 16 12 12 2 2 2 4 19 9 16 16 4 11 9 12 10 4 20 0 1 20 1 4 20
split_gain=18.6666 9.69592 11.8849 9.1061 8.59346 8.43858 8.84875 7.83697 7.46332 7.27766 6.71436 7.48637 6.88601 6.41223 6.82816 7.9687 6.56569 5.72392 5.6691 11.1827 7.36583 7.33935 10.3521 7.41552 6.17787 6.92473 6.79347 5.9955 8.28845 5.67748
threshold=5.7738680802913134 2.5000000000000004 0.29615011934386271 33.500000000000007 27.865000000000006 41.235000000000007 0.37496650469711701 49.500000000000007 37.500000000000007 7.2787221053910383 6.907680276156996 6.5610235935107104 12.955000000000002 0 46.500000000000007 0.14430703324976971 0.11712857142857143 13.055000000000001 0.39932432432432435 1.5000000000000002 38.500000000000007 1.5000000000000002 9.0050000000000008 1 1.5000000000000002 5.5000000000000009 2 5.5000000000000009 18.475000000000005 3
decision_type=2 2 2 2 2 2 2 2 2 2 2 2 2 1 2 2 2 2 2 2 2 2 2 1 2 2 1 2 2 1
left_child=1 2 13 4 8 6 9 -7 10 18 11 -3 -12 -1 -15 16 -16 -13 19 20 -2 22 23 -20 25 26 -22 28 -23 -26
right_child=5 3 -4 -5 -6 7 -8 -9 -10 -11 12 17 -14 14 15 -17 -18 -19 21 -21 24 27 -24 -25 29 -27 -28 -29 -30 -31
leaf_value=-0.0048804302222228545 0.0052559934935140634 0.009182195164397406 0.019220251803584058 -0.018923984946390991 0.023265055432719398 0.013700253368334265 0.01986865802490791 -0.011313701469109348 -0.0064284634178075912 0.0036045993854075375 -0.030285399708378825 0.066780548185840713 0.015542474095852219 -0.015951832684695938 -0.0083222074551267695 -0.0079512020809492587 0.057257158420451294 0.011483442799028175 0.0089362635757741244 -0.0039418496059166804 0.019490983741259148 0.028583684952778507 0.0040992594785169518 -0.019725879900328102 -0.0035621390106379998 -0.013939141436029472 -0.0092559069280274877 0.0046361727773718544 -0.0033597077041680095 0.0051346292192482601
leaf_weight=571.73215153813362 765.29792317003012 78.369760192930698 38.610957458615303 46.179403405636549 50.787568733096123 213.21200507134199 58.508624792098999 35.895186953246593 151.1847459487617 1415.0040193349123 17.369176574051384 10.502003666013481 13.953857179731129 388.02361824549735 5.8257347438484421 52.353772196918726 8.9454091601073724 8.7244450524449331 25.991513311862946 1924.687730550766 28.572420731186867 67.82363024353981 256.46813115477562 86.441892579197884 355.95887872576714 163.0890429764986 34.342416599392891 263.09372681379318 28.531208947300911 374.03664281219244
leaf_count=10340 3808 700 378 599 524 1021 249 181 1916 6980 243 134 190 7075 150 975 172 105 125 11612 158 281 1193 406 1893 1090 189 1138 119 1980
internal_value=-0.000139288 -0.00525194 -0.00768865 0.00163561 0.00455329 0.00107105 0.000686265 0.010065 0.00108983 0.000489005 0.00988823 0.0163147 -0.0100207 -0.00871814 -0.0131229 0.00129782 0.032505 0.0434965 -0.000519417 -0.00132408 0.0016036 0.00350486 -0.00144939 -0.0140308 -0.00132265 -0.0085269 0.00550139 0.00857931 0.0191877 0.000916369
internal_weight=7539.52 1442.56 1065.49 377.071 330.892 6096.95 5847.85 249.107 280.104 5789.34 128.919 97.5962 31.323 1026.88 455.149 67.1249 14.7711 19.2264 4374.34 3645.99 1721.3 728.35 368.902 112.433 955.999 226.004 62.9148 359.449 96.3548 729.996
internal_count=55924 23501 19090 4411 3812 32423 31221 1202 3288 30972 1372 939 433 18712 8372 1297 322 239 23992 20730 9118 3262 1724 531 5310 1437 347 1538 400 3873
cat_boundaries=0 1 2 3 4
cat_threshold=6 98 14 449
is_linear=0
shrinkage=0.05


Tree=66
num_leaves=31
num_cat=7
split_feature=17 16 1 12 4 20 20 12 1 12 19 4 20 2 16 8 19 16 12 16 20 4 2 12 8 1 4 15 20 2
split_gain=13.2369 13.3955 9.51266 7.49432 6.99367 6.94496 6.89366 8.45617 6.40721 6.01712 5.87522 5.8332 5.55663 11.8046 8.65656 6.97221 5.42727 11.4581 8.48882 5.75119 5.56802 5.45036 5.34658 5.22 5.21965 7.49487 7.91618 6.68283 14.1388 16.9205
threshold=6.156162974716973 0.16292566364679356 3.5000000000000004 29.500000000000004 25.435000000000006 0 1 48.500000000000007 3.5000000000000004 27.500000000000004 2 46.025000000000013 3 6.3197695942363756 0.17842638072178027 1.0000000180025095e-35 4 0.19896566245545841 52.500000000000007 0.18257929994975719 5 14.605000000000002 7.7829718883511179 43.500000000000007 1.0000000180025095e-35 19.500000000000004 18.205000000000002 4.5000000000000009 6 6.5678180459672264
decision_type=2 2 2 2 2 1 1 2 2 2 1 2 1 2 2 2 1 2 2 2 1 2 2 2 2 2 2 2 1 2
left_child=1 3 16 8 10 11 7 -6 -1 -8 12 22 13 -2 15 -15 17 19 20 -3 -18 -22 -5 -19 -12 27 -27 28 29 -26
right_child=4 2 -4 5 6 -7 9 -9 -10 -11 24 -13 -14 14 -16 -17 18 23 -20 -21 21 -23 -24 -25 25 26 -28 -29 -30 -31
leaf_value=0.017726287749528467 0.040226141959265466 0.022308985204650401 -0.0025238553540033442 -0.0089562596125433158 -0.00012880769875603428 -0.01816455719052017 0.015189298559318385 -0.033850615072558335 -0.0049906365201998508 0.0047251274102102312 -0.0020038168843864862 0.036080980881469014 0.0016533814896226573 0.0019045913015414261 0.012788872453919485 -0.033072261560813103 -0.0080599000737343867 0.019234071801666353 0.04444768364520725 0.070564075802032111 0.017083121460405734 -0.0035458619048142344 0.021155684256307161 -0.019820504610599497 0.053477835169894961 -0.0022844469639049987 -0.032867578546299674 0.0090667938813850362 -0.0070854132506437519 0.0028666772076104382
leaf_weight=38.267047453671694 28.075888603925705 13.864483404904606 1163.2299898825586 269.28401269763708 119.94579403102398 236.45573483034968 170.24084725230932 21.002082169055939 147.13432596065104 704.56978172808886 2210.9346752092242 6.9745174720883361 1091.4271977320313 46.359539054334164 152.14942610263824 19.5062575340271 86.769074730575085 19.785068396478891 10.985794905573128 12.551927667111157 72.321016352623701 56.325003139674664 14.657897066324947 13.561199951916931 22.960631012916565 120.708042293787 24.702922865748405 393.4113257303834 226.45627352595329 53.538361832499504
leaf_count=457 151 148 13242 4414 633 4195 773 120 2327 3526 12323 93 5671 283 700 96 797 155 99 113 679 524 341 107 113 595 124 1892 1079 249
internal_value=3.01887e-05 -0.00327537 -0.000513839 -0.00888223 0.00135263 -0.0119171 0.00508928 -0.0050041 -0.000231895 0.0067 0.00048713 -0.00596772 0.00323538 0.00988067 0.00625811 -0.00879355 0.00763704 0.0197712 0.00334463 0.0469752 0.00120729 0.00751389 -0.007333 0.00323678 -0.000725872 0.00262044 -0.00766902 0.00477694 -0.000805281 0.0164311
internal_weight=7568.16 2162.17 1449.39 712.774 5405.99 527.372 1015.76 140.948 185.401 874.811 4390.23 290.916 1337.52 246.091 218.015 65.8658 286.164 59.7627 226.401 26.4164 215.415 128.646 283.942 33.3463 3052.71 841.778 145.411 696.367 302.955 76.499
internal_count=56019 27691 15864 11827 28328 9043 5052 753 2784 4299 23276 4848 6901 1230 1079 379 2622 523 2099 261 2000 1203 4755 262 16375 4052 719 3333 1441 362
cat_boundaries=0 1 2 3 4 5 6 7
cat_threshold=817 6 12 528 4 92 133
is_linear=0
shrinkage=0.05


Tree=67
num_leaves=31
num_cat=6
split_feature=17 1 11 4 9 20 18 20 11 1 3 16 17 17 16 16 20 16 18 4 9 16 3 16 20 10 16 4 3 4
split_gain=14.2702 10.5656 8.55467 8.00012 7.68156 6.75578 7.57079 6.72888 6.40883 6.36221 6.23841 5.71235 7.97558 6.09336 6.11685 5.9526 6.09813 5.97233 5.70723 5.98941 6.25472 6.89194 5.7758 5.47266 10.1704 8.93586 6.3956 5.57545 5.39697 9.50934
threshold=6.2907076574351164 5.5000000000000009 0.3304597701149426 29.335000000000004 1.5000000000000002 0 1 2 0.30048543689320389 8.5000000000000018 3.5000000000000004 0.12073906159574586 6.4406993008540301 6.3740192034876406 0.14567624861890208 0.22099352433281008 3 0.2650576951783849 4 20.945000000000004 1.0000000180025095e-35 0.22478945578231299 2.5000000000000004 0.16369577604587901 5 61.500000000000007 0.32272792207792211 31.855000000000004 1.5000000000000002 36.505000000000003
decision_type=2 2 2 2 2 1 1 1 2 2 2 2 2 2 2 2 1 2 1 2 2 2 2 2 1 2 2 2 2 2
left_child=1 3 4 18 -2 -3 23 9 11 -6 28 -9 13 14 -13 -14 -17 -18 -1 20 -20 22 -22 24 27 26 -25 -7 29 -5
right_child=2 5 -4 10 7 6 -8 8 -10 -11 -12 12 15 -15 -16 16 17 -19 19 -21 21 -23 -24 25 -26 -27 -28 -29 -30 -31
leaf_value=0.0040212749544327256 0.0025851837341615714 0.0059960060304018511 0.0053205828054500972 0.043910261665220572 -0.026325222986282062 -0.0048243589531864655 -0.013059697646172146 -0.0091257394165356713 -0.023261371267890359 -0.0040884775672725164 0.048275733039567559 0.023077797658683119 -0.00011275454150867083 -0.020488221397069187 -0.0083734375857629582 -0.0017727751180986265 0.020520963080017052 0.0013309221636259934 0.011203504507041624 -0.022372471982559764 -0.021880939002852057 0.0074728366236198676 0.0034553551148156589 -0.0015917779073827344 -0.017490777098498791 0.038321858126788962 -0.018432170277493602 0.017813130270126397 -0.0032675075743496362 -0.0027557305704108905
leaf_weight=359.33016159012914 1945.3312462419271 120.67130765132606 1119.8346502184868 22.598710309714079 53.59419759362936 255.94262893311679 303.47899821586907 176.82020003348589 30.819254651665688 79.400150574743748 11.737171895802019 19.257806576788425 1160.4664514809847 75.365445837378502 64.281821265816689 109.53998625278473 116.75968737900257 62.056665882468224 61.026047494262457 43.743088139221072 77.064188323915005 51.484667375683784 31.252944849431515 855.27268757671118 184.1104486156255 12.470679413527249 59.382173538208008 29.434298895299435 38.23625486344099 20.10615636408329
leaf_count=3843 9788 1301 4942 204 297 3667 5212 1365 138 477 106 135 6619 475 394 554 582 301 567 440 916 375 398 8511 2971 137 396 356 362 183
internal_value=-7.48894e-05 -0.00312958 0.0014714 0.00201147 0.000363289 -0.00515288 -0.00594757 -0.00185534 -0.00101338 -0.0122638 0.015636 -0.00062202 0.000318323 -0.0102793 -0.000935983 0.00148695 0.00790297 0.0131731 -3.41942e-05 -0.00548159 -0.00229707 -0.00749036 -0.0146059 -0.00431215 -0.00873581 -0.00211151 -0.00270404 -0.00235326 0.0103716 0.0223788
internal_weight=7550.87 2537.34 5013.53 716.579 3893.69 1820.76 1700.09 1948.36 1815.37 132.994 92.6783 1784.55 1607.73 158.905 83.5396 1448.82 288.356 178.816 623.901 264.571 220.828 159.802 108.317 1396.61 469.487 927.126 914.655 285.377 80.9411 42.7049
internal_count=56012 29945 26067 7394 21125 22551 21250 11337 10563 774 855 10425 9060 1004 529 8056 1437 883 6539 2696 2256 1689 1314 16038 6994 9044 8907 4023 749 387
cat_boundaries=0 1 2 3 4 5 6
cat_threshold=512 13 4 321 14 369
is_linear=0
shrinkage=0.05


Tree=68
num_leaves=31
num_cat=9
split_feature=19 18 1 17 17 20 4 4 11 20 20 16 10 16 17 11 19 16 0 17 8 1 17 20 12 18 20 16 1 16
split_gain=18.6205 10.7408 9.39079 8.92066 8.79362 9.89418 7.2148 7.1525 6.96599 7.51668 7.34568 7.04712 6.83397 6.87797 7.85816 6.79785 7.52393 6.73145 15.2179 6.29299 6.16587 9.39366 6.86624 6.46175 6.59659 7.17364 6.46167 7.71467 6.43914 6.12338
threshold=0 1 5.5000000000000009 5.5434764893236421 1.0000000180025095e-35 2 6.5150000000000006 44.595000000000006 0.1707483673197388 3 4 0.1775498689906585 6.5000000000000009 0.14430703324976971 6.6210793668257457 0.29198717948717956 5 0.26992457142857151 1.5000000000000002 7.3786959674701444 1.0000000180025095e-35 19.500000000000004 7.2787324551078454 6 38.500000000000007 7 8 0.22603495050714903 18.500000000000004 0.15312728087804547
decision_type=1 1 2 2 2 1 2 2 2 1 1 2 2 2 2 2 1 2 2 2 2 2 2 1 2 1 1 2 2 2
left_child=3 2 8 -1 7 12 -5 -3 10 15 29 -11 13 14 -6 -10 -17 20 -19 -15 23 26 -23 24 25 -4 28 -28 -22 -2
right_child=1 4 17 6 5 -7 -8 -9 9 11 -12 -13 -14 19 -16 16 -18 18 -20 -21 21 22 -24 -25 -26 -27 27 -29 -30 -31
leaf_value=-0.016778691081487329 0.026092657015265343 -0.011805841578798064 0.0037359669684430791 0.0047607352954123173 0.035114625113917192 -0.0034770764414550816 -0.0066045811635725166 0.034785301476195699 -0.024722122892474833 0.036992704931213052 0.0002987548280735059 0.012755012331987468 0.026388418022753102 -0.00099912416505164975 -0.0018555760121461689 -0.010349134997301206 0.01907005711384737 0.041756641693628666 0.0040114990671581098 0.017773101613394231 -0.0030986806261502804 -0.011998812006022465 0.010740574558085962 0.00044717852336500813 -0.0099726811571620964 -0.01308817615864756 0.01283718991611825 -0.0062144249079431786 0.029012316706693686 0.0067009017150022956
leaf_weight=172.89549335278571 51.371788248419762 275.23321298323572 253.91912195086479 172.88673487305641 32.668722309172153 1184.8969808667898 711.78584310412407 7.5438257791101924 22.955700267106295 33.553005088120699 605.89584994502366 252.51926413178444 33.156927958130836 393.61659824848175 24.912771314382553 32.728079285472631 35.131189972162247 27.573133986443281 414.09436682611704 49.343883849680424 211.19592707976699 138.15957679599524 42.742066621780396 1293.5253383014351 383.80361716076732 72.288176434114575 359.07233832404017 61.716871555894613 15.852527007460592 188.39524474740028
leaf_count=3273 415 6135 1876 1006 259 7308 4069 138 144 224 4179 1271 170 2231 174 180 183 169 2110 245 1354 989 191 10068 3315 532 2314 348 100 1096
internal_value=-0.000244722 0.000760246 0.00211526 -0.00636137 -0.00227898 -0.000943361 -0.00438065 -0.0104447 0.00585732 0.0115029 0.00333065 0.0151877 0.00465583 0.0032593 0.0193607 -0.00162117 0.00620362 0.000722998 0.00645692 0.00112734 -0.000173119 0.00345173 -0.00659661 -0.00167347 -0.00546162 -0.000306721 0.00626346 0.00980239 -0.000708245 0.0105103
internal_weight=7555.43 6497.87 4496.49 1057.57 2001.37 1718.6 884.673 282.777 1222.55 376.887 845.663 286.072 533.699 500.542 57.5815 90.815 67.8593 3273.94 441.668 442.96 2832.28 828.739 180.902 2003.54 710.011 326.207 647.838 420.789 227.048 239.767
internal_count=56066 47718 31058 8348 16660 10387 5075 6273 7692 2002 5690 1495 3079 2909 433 507 363 23366 2279 2476 21087 5296 1180 15791 5723 2408 4116 2662 1454 1511
cat_boundaries=0 1 2 3 4 5 6 7 8 9
cat_threshold=1 14 776 14 776 20 267 12 660
is_linear=0
shrinkage=0.05


Tree=69
num_leaves=31
num_cat=6
split_feature=11 5 10 20 20 8 15 15 12 15 15 19 11 0 19 4 18 9 11 15 20 4 1 4 2 15 4 0 4 2
split_gain=13.9535 10.8105 9.91112 11.5065 9.19485 8.2576 8.26216 7.59232 7.4405 7.14788 7.43034 6.38322 6.23808 6.04279 7.546 6.0413 5.96007 5.93788 12.7915 9.96031 7.85496 8.70389 11.5286 8.51525 6.29938 6.20422 8.66842 7.8739 7.25843 7.15214
threshold=0.3741666666666667 1.0000000180025095e-35 1.5000000000000002 0 1 1.0000000180025095e-35 444.50000000000006 20.500000000000004 29.500000000000004 42.500000000000007 142.50000000000003 2 0.15773005194257569 2.5000000000000004 3 11.125000000000002 4 1.5000000000000002 0.11031291543102568 19.500000000000004 5 23.755000000000006 8.5000000000000018 7.2250000000000005 7.5682268777610826 20.500000000000004 15.785000000000002 2.5000000000000004 14.405000000000003 6.1938133789569942
decision_type=2 2 2 1 1 2 2 2 2 2 2 1 2 2 1 2 1 2 2 2 1 2 2 2 2 2 2 2 2 2
left_child=1 5 3 11 -4 6 7 -1 -7 -9 -11 -2 -8 14 -10 -15 -5 25 19 20 21 24 -23 -22 -19 27 29 -3 -29 -27
right_child=2 17 4 16 -6 8 12 9 13 10 -12 -13 -14 15 -16 -17 -18 18 -20 -21 23 22 -24 -25 -26 26 -28 28 -30 -31
leaf_value=-0.0056918816139942974 0.0038640551148245543 -0.0027416475533620015 0.014557746577857562 -0.0092624190938794138 0.0029502724592906978 0.01215795380926705 -0.00013257436752165498 -0.024164943191898033 0.0070461530117437027 -0.00085809729793161974 -0.029554243470251415 -0.014241098776955664 0.045498212974450947 0.034735260782466616 -0.016361990794506131 -0.0038210006964563381 0.0072370044655304198 -0.004105234840159947 0.00063651628714470748 -0.010370121924145773 0.0096199902012525616 0.045610329820998829 0.00342598068176136 -0.013123016690143353 0.018354570304431671 -0.0060168402285040168 -0.0018101411641695073 -0.00069657969239345704 0.0083304506365385386 0.016194893331199972
leaf_weight=249.75356772355735 66.773834530264139 1169.0054200589657 302.13254914432764 56.370571833103895 415.34523139148951 92.359003003686666 91.25449850410223 170.29069990664721 45.401923861354589 89.50917087495327 29.187205569818616 165.31131172180176 7.1590383425354949 15.98323369771242 102.22371154278517 24.854948256164789 336.09338397160172 181.26673566550016 1610.4061217308044 647.1834610439837 52.40156327933073 25.991679556667805 40.94353311508894 180.85627602040768 36.672341331839561 43.116708315908909 182.63296864181757 480.10265584290028 414.09894848614931 212.24039275199175
leaf_count=5472 388 6344 1577 378 2238 1303 1918 3788 919 1989 639 941 141 262 2102 374 2094 1188 8641 4542 350 141 252 1180 205 270 972 2319 1972 1141
internal_value=-0.000529665 -0.00153109 0.00409068 -0.000515455 0.00809536 -0.00653585 -0.00967999 -0.0121101 0.000606874 -0.0176182 -0.00810238 -0.00909288 0.00361109 -0.00508817 -0.0097907 0.0117387 0.00467923 -0.000659384 -0.00225115 -0.00623889 -0.00106865 0.00445463 0.0202369 -0.00766723 -0.000259379 0.00110729 0.00650484 -4.11332e-05 0.00348842 0.0124356
internal_weight=7536.92 6194.9 1342.03 624.549 717.478 917.977 637.154 538.741 280.823 288.987 118.696 232.085 98.4135 188.464 147.626 40.8382 392.464 5276.92 2775.72 1165.32 518.132 284.874 66.9352 233.258 217.939 2501.2 437.99 2063.21 894.202 255.357
internal_count=56040 48424 7616 3801 3815 18907 13947 11888 4960 6416 2628 1329 2059 3657 3021 636 2472 29517 16499 7858 3316 1786 393 1530 1393 13018 2383 10635 4291 1411
cat_boundaries=0 1 2 3 4 5 6
cat_threshold=273 773 24 12 16 472
is_linear=0
shrinkage=0.05


Tree=70
num_leaves=31
num_cat=5
split_feature=0 11 9 12 1 17 4 9 15 20 11 9 16 12 19 4 18 17 20 15 15 1 4 17 4 1 17 15 1 20
split_gain=11.5238 19.9258 11.5823 7.78386 8.17121 6.72303 8.22832 15.6955 6.68601 9.71282 8.33091 11.8457 12.4221 7.30234 8.60845 7.30712 9.45658 7.05611 6.6236 6.61804 6.12674 5.86638 7.19657 5.86447 7.94046 9.42269 7.54727 6.15214 5.85012 5.84532
threshold=1.5000000000000002 0.062718531468531485 9.5000000000000018 25.500000000000004 1.5000000000000002 7.3912086781974864 13.355000000000002 105.50000000000001 16.500000000000004 0 0.1818659783959469 1.5000000000000002 0.15345523906306396 41.500000000000007 1 14.925000000000002 2 7.219242982452573 3 12.500000000000002 12.500000000000002 17.500000000000004 39.395000000000003 6.8265072601022414 22.605000000000004 18.500000000000004 6.1473137833420095 8.5000000000000018 14.500000000000002 4
decision_type=2 2 2 2 2 2 2 2 2 1 2 2 2 2 1 2 1 2 1 2 2 2 2 2 2 2 2 2 2 1
left_child=1 2 3 4 -1 6 -2 8 9 19 11 18 -13 15 17 -11 -17 23 -10 -8 -18 22 -5 24 26 -26 -15 -28 -21 -3
right_child=5 29 -4 21 -6 -7 7 -9 10 13 -12 12 -14 14 -16 16 20 -19 -20 28 -22 -23 -24 -25 25 -27 27 -29 -30 -31
leaf_value=0.038550752636038944 -0.0020709523277380611 0.013826305967023292 -0.025713573597809593 -0.0069910979692421014 0.00019898148924841238 0.0048622438169813884 -0.0055114095661231632 -0.017985444373495117 -0.0056676421372964759 -0.0053784595091548133 0.0046135856711818348 0.0037393851831201198 -0.0177054345549599 0.035172031527230745 -0.0051317398330348709 0.019557841536512199 0.0065966180988540407 -0.021963750162761413 0.011450438989377868 0.00025462020285534314 -0.025889650493899293 -0.014825369710695344 0.013807212853725751 0.026316745749400957 -0.012559170167817373 0.031179889418454079 -0.0079202883141856143 0.023490275228981745 0.030689215168894002 0.0007248096322783398
leaf_weight=14.253413163125513 2149.8190829828382 83.59857264906168 81.002304377034307 709.5794258788228 155.32905580848455 910.98107176274061 251.218466732651 91.082983274012804 88.994637535884976 46.417696667835116 529.96164964511991 100.3630069680512 203.52520919591188 35.233178732916713 159.43998844176531 288.24412727542222 69.005459066480398 15.382803976535795 126.70479853637516 40.05789615213871 17.309305813163519 235.43592423573136 43.264828333631158 54.253393515944481 63.789429858326912 14.217143334448336 33.893581509590149 27.304545305669308 25.080802742391825 890.98294257186353
leaf_count=111 14713 647 1120 7471 1411 4285 1613 658 589 294 3056 957 1544 405 1064 1687 480 74 852 274 116 2642 381 273 474 110 179 150 179 8316
internal_value=-0.000304201 -0.00333696 -0.00754215 -0.00624981 0.00362955 0.000952741 0.000148114 0.00223911 0.00308793 0.00573577 0.000207045 -0.0042877 -0.010634 0.00853223 0.00381516 0.0132361 0.0155511 0.00947936 0.00466105 -0.0017694 -0.000125595 -0.007947 -0.00577912 0.0120935 0.00754499 -0.00429373 0.0170675 0.0062464 0.0122599 0.00201082
internal_weight=7555.73 2213.45 1238.86 1157.86 169.582 5342.28 4431.3 2281.48 2190.4 1140.85 1049.55 519.588 303.888 824.491 403.514 420.977 374.559 244.074 215.699 316.357 86.3148 988.28 752.844 228.691 174.438 78.0066 96.4313 61.1981 65.1387 974.582
internal_count=56125 22099 13136 12016 1522 34026 29741 15028 14370 7372 6998 3942 2501 5306 2729 2577 2283 1665 1441 2066 596 10494 7852 1591 1318 584 734 329 453 8963
cat_boundaries=0 1 2 3 4 5
cat_threshold=164 11 13 225 832
is_linear=0
shrinkage=0.05


Tree=71
num_leaves=31
num_cat=6
split_feature=5 16 19 4 2 20 15 2 12 1 15 1 15 15 20 1 9 4 4 12 15 19 11 4 20 9 20 4 15 15
split_gain=13.9704 11.5037 8.27388 6.74356 8.49337 8.34585 6.81922 6.47805 10.6577 6.70532 6.92348 6.40118 6.70836 6.23717 5.73248 8.8052 7.76178 7.27316 5.72312 5.45376 5.45256 5.19019 5.05858 5.99162 5.92621 5.04287 4.86698 6.0806 6.20519 4.66841
threshold=1.0000000180025095e-35 0.13835613174654832 0 5.2150000000000007 6.1014617962315434 1 20.500000000000004 6.425589995676571 49.500000000000007 20.500000000000004 10.500000000000002 5.5000000000000009 904.50000000000011 41.500000000000007 2 14.500000000000002 1.5000000000000002 8.6450000000000014 42.185000000000009 40.500000000000007 2.5000000000000004 3 0.3304597701149426 26.625000000000004 4 3084.5000000000005 5 28.685000000000006 18.500000000000004 27.500000000000004
decision_type=2 2 1 2 2 1 2 2 2 2 2 2 2 2 1 2 2 2 2 2 2 1 2 2 1 2 1 2 2 2
left_child=1 -1 3 4 -2 6 -6 9 14 10 20 22 -13 29 15 -9 -17 19 21 -16 -5 -3 23 25 -24 -4 -25 -28 -29 -12
right_child=2 18 11 7 5 -7 -8 8 -10 -11 13 12 -14 -15 17 16 -18 -19 -20 -21 -22 -23 24 26 -26 -27 27 28 -30 -31
leaf_value=-0.018501446786484427 0.038846537770955834 -0.013221550984754853 0.00040100583287001423 -0.0085885357413810117 0.042354222816889317 -0.0095150803798703942 -0.00036368710914690887 -0.019330195545793061 -0.018220591100453917 0.010136326831669804 -0.0087094075661735132 -0.00019336048645834318 0.010402402740565093 -0.026319292991781269 0.032773381761731168 0.029077167708984344 -0.012608325962868407 0.0003179674791608739 0.016652501809293573 0.0034645861799148443 -0.038667485498422624 -0.0025948121565032576 0.015860077469821276 -0.0020455293551550745 0.0020979714308788336 0.02508001867092341 0.039494399768761117 0.022060686285876215 -0.0018811046899825067 0.016352744237354361
leaf_weight=148.26873448677361 17.028002731502056 128.32161549851298 970.77985513582826 23.382152818143368 18.780392028391361 61.08056216686964 17.671919204294682 76.505412884056568 91.030112184584141 27.46041301637888 69.689744677394629 3901.6093230135739 154.32565175741911 36.370703265070915 32.935352735221386 21.780780725181103 21.070649437606335 275.80851177126169 32.848221518099308 30.314177326858044 45.23254157602787 771.27557737194002 163.14943592250347 59.977428816258907 165.42493974417448 20.151611089706421 22.760210283100605 59.332494415342808 48.813953667879105 24.220154248178005
leaf_count=4153 115 2463 4958 128 104 349 103 405 545 184 450 21424 872 248 182 114 124 1513 513 176 274 14029 693 294 706 98 110 263 232 164
internal_value=-0.000352618 -0.0056114 0.000528325 -0.00391874 0.00731619 0.00147301 0.0175122 -0.00563551 -0.00269278 -0.0127353 -0.0159279 0.00124503 0.000212266 -0.00904031 0.000423615 -0.0085463 0.00875973 0.00373847 -0.00354413 0.0189988 -0.028688 -0.00429927 0.00402465 0.0024946 0.00950365 0.000927657 0.0105818 0.0153317 0.0113359 -0.00214147
internal_weight=7537.4 1080.71 6456.69 890.362 114.561 97.5329 36.4523 775.801 549.445 226.356 198.895 5566.32 4055.93 130.281 458.415 119.357 42.8514 339.058 932.445 63.2495 68.6147 899.597 1510.39 1181.82 328.574 990.931 190.884 130.907 108.146 93.9099
internal_count=55986 21158 34828 5178 671 556 207 4507 3059 1448 1264 29650 22296 862 2514 643 238 1871 17005 358 402 16492 7354 5955 1399 5056 899 605 495 614
cat_boundaries=0 1 2 3 4 5 6
cat_threshold=1 212 69 1 721 135
is_linear=0
shrinkage=0.05


Tree=72
num_leaves=31
num_cat=5
split_feature=17 19 4 16 8 1 15 16 18 1 1 17 17 4 20 1 15 4 16 20 1 1 16 4 1 10 19 15 15 16
split_gain=11.8916 7.54142 8.28013 8.77084 7.7361 8.38639 9.68671 10.0134 10.2072 8.10009 7.89344 6.12474 7.5655 9.12083 6.85709 5.68995 5.22552 5.01844 4.8635 9.93929 6.72184 5.96452 6.75243 5.49517 6.79852 5.09552 4.95575 6.08447 7.54325 5.25
threshold=5.7919917448797058 0 49.885000000000012 0.13564740973312403 1.0000000180025095e-35 5.5000000000000009 17.500000000000004 0.24429673135852914 1 2.5000000000000004 3.5000000000000004 5.7141122713208068 5.4621354193492992 8.9150000000000009 2 19.500000000000004 24.500000000000004 8.1250000000000018 0.3047499018838305 3 2.5000000000000004 4.5000000000000009 0.29384047957732168 25.435000000000006 8.5000000000000018 2.5000000000000004 4 41.500000000000007 16.500000000000004 0.31975053742427212
decision_type=2 1 2 2 2 2 2 2 1 2 2 2 2 2 1 2 2 2 2 1 2 2 2 2 2 2 1 2 2 2
left_child=1 4 3 -3 5 6 -1 8 9 -8 -11 12 14 -14 16 -5 -7 -12 21 20 -20 22 -2 24 25 -21 -22 28 -28 -30
right_child=18 2 -4 15 -6 11 7 -9 -10 10 17 -13 13 -15 -16 -17 -18 -19 19 23 26 -23 -24 -25 -26 -27 27 -29 29 -31
leaf_value=-0.01008847450972376 0.003754338077583986 -0.028663046450361825 0.03796997911242761 -0.0052897267403223857 0.0057989484319952746 0.021139160814577233 0.0008987558931811163 0.03704666033446255 -0.014321978306506068 0.068950415028234555 0.049070608862781771 -0.028088274141570758 0.039574517839983753 -0.0024924107109089728 -0.01128291928808102 -0.021184692163983623 -0.0087638661431587214 -0.0031305348427802084 -0.0081940435929811536 -0.009753976861008708 -0.0043262530633725654 -0.00056426795451491776 -0.022539878452873172 0.014418355525411286 -0.016052597821205421 0.01984338442373897 0.033083394792538849 0.029851151625778029 0.021199456781607378 -0.0058867841233378963
leaf_weight=75.418061256408691 1302.0048207640648 57.218081742525101 8.032134108245371 347.5117863714695 251.79519339650869 31.870602715760469 33.472676105797291 30.211815971881151 36.989388681948185 10.721486885100605 6.1346675381064442 34.008460760116577 17.330279633402824 43.018491625785828 347.11513797752559 66.500808425247669 25.52223552018404 12.672512937337158 33.141977921128273 26.650233924388885 29.557518690824509 4363.9843752235174 23.898537293076515 34.243620276451111 89.789928913116455 29.85198076069355 28.097039073705673 77.75769567489624 25.916434273123741 52.468553677201271
leaf_count=1063 6301 1489 115 5415 3608 641 517 245 612 172 98 224 124 290 7162 1143 489 227 140 118 136 24287 103 147 394 123 120 328 113 231
internal_value=-0.000246148 -0.00433999 -0.00938124 -0.0104657 -0.00169063 -0.00439592 0.00408736 0.0123128 0.00454676 0.0154927 0.0365395 -0.00789371 -0.00635918 0.0100361 -0.00882391 -0.00788775 0.00676123 0.0155146 0.000715095 0.00585219 0.0120737 0.00032819 0.00326377 -0.00316782 -0.00756935 0.00595643 0.0158011 0.0182826 0.0113366 0.00322298
internal_weight=7552.91 1435.54 479.263 471.231 956.281 704.486 205.621 130.203 99.9907 63.0013 29.5287 498.865 464.857 60.3488 404.508 414.013 57.3928 18.8072 6117.36 427.475 246.939 5689.89 1325.9 180.536 146.292 56.5022 213.797 184.24 106.482 78.385
internal_count=56175 23634 8162 8047 15472 11864 2934 1871 1626 1014 497 8930 8706 414 8292 6558 1130 325 32541 1850 1068 30691 6404 782 635 241 928 792 464 344
cat_boundaries=0 1 2 3 4 5
cat_threshold=14 14 640 929 1
is_linear=0
shrinkage=0.05


Tree=73
num_leaves=31
num_cat=3
split_feature=19 17 1 2 4 12 1 15 0 2 12 1 5 4 4 16 2 17 9 12 12 4 2 17 16 20 15 16 20 12
split_gain=11.4112 7.72341 6.48799 5.91392 8.09101 8.24203 5.80684 5.69241 5.61303 5.30723 5.40187 5.28362 6.30987 5.28161 5.79997 5.11644 5.96517 4.86482 5.19744 4.85825 4.7078 7.09637 6.91065 8.19804 8.15129 6.03603 5.68 5.08935 4.63319 4.62831
threshold=0 7.2993310418065267 5.5000000000000009 7.1818238568744093 27.865000000000006 46.500000000000007 22.500000000000004 3.5000000000000004 1.5000000000000002 7.9477103827515547 49.500000000000007 5.5000000000000009 1.0000000180025095e-35 6.245000000000001 41.235000000000007 0.17959470201123931 6.8075536554117617 7.3912086781974864 2.5000000000000004 40.500000000000007 21.500000000000004 13.145000000000001 7.4022289342864838 7.4295089732093755 0.20643975155279506 1 5.5000000000000009 0.14085998763141624 2 27.500000000000004
decision_type=1 2 2 2 2 2 2 2 2 2 2 2 2 2 2 2 2 2 2 2 2 2 2 2 2 1 2 2 1 2
left_child=8 3 17 -2 7 11 20 19 13 10 -10 -6 -13 -1 -15 16 -12 18 -3 29 21 -4 24 -24 -22 26 -25 -27 -11 -5
right_child=1 2 6 4 5 -7 -8 -9 9 28 15 12 -14 14 -16 -17 -18 -19 -20 -21 22 -23 23 25 -26 27 -28 -29 -30 -31
leaf_value=0.0033921162178594914 0.00033426807114559585 0.0066869992681861364 -0.002999403727255412 0.014346936391718438 0.046501212687808637 -0.015684400935391109 0.018358487983092472 -0.0099412184895569661 -0.0018896737528929172 -0.0069888495462787775 0.016783952685292012 -0.012702447270720053 0.027065565356459931 -0.015450615312891809 0.020283430792868384 -0.021270044075066979 -0.023654004890708777 0.0074200240690415102 0.038238230352636501 0.021535212649611831 -0.00085372501669112944 0.028681701967046964 0.025471628358308115 0.0095779727059070764 -0.02654879218719455 -0.010615776935907095 -0.012736512980395612 0.0054413792018129271 0.020393603360493312 -0.025750152695858217
leaf_weight=53.95469986833632 4682.4612133260816 24.618780955672264 33.897825583815575 12.281531743705274 13.386989520862697 21.478855922818184 50.004514373838902 390.94900535792112 568.97404313087463 20.918379325419664 22.958389462903142 16.293897397816181 22.962110675871372 239.22432033717632 11.082394501194356 75.077926840633154 13.727943457663057 284.90445076674223 28.060013771057129 27.704219818115234 81.685983747243881 35.54791297018528 34.137849807739258 35.876921385526657 48.678114458918571 54.936060391366482 127.20430123806 421.5397542193532 33.034349679946899 14.881834898144005
leaf_count=598 35357 110 146 104 135 236 250 4735 3859 123 199 309 108 2584 103 505 116 1269 132 332 456 152 175 171 220 354 665 2005 203 148
internal_value=-0.000162246 0.000622332 0.00413214 -0.000227901 -0.00528161 0.00992146 0.0019591 -0.00782583 -0.00499707 -0.00267308 -0.00387466 0.0204665 0.0106536 -0.0107453 -0.0137941 -0.0138735 0.00142602 0.0100535 0.0238924 0.00715515 0.00100039 0.0133945 -8.53876e-05 0.00195754 -0.0105774 0.000664616 -0.00735099 0.00349842 0.0122823 -0.00775512
internal_weight=7502.44 6463.49 1261.09 5202.4 519.938 74.1219 923.509 445.817 1038.95 734.691 680.738 52.643 39.256 304.261 250.307 111.764 36.6863 337.583 52.6788 54.8676 873.505 69.4457 804.059 673.695 130.364 639.557 163.081 476.476 53.9527 27.1634
internal_count=55859 47569 6105 41464 6107 788 4594 5319 8290 5005 4679 552 417 3285 2687 820 315 1511 242 584 4344 298 4046 3370 676 3195 836 2359 326 252
cat_boundaries=0 1 2 3
cat_threshold=1 262 169
is_linear=0
shrinkage=0.05


Tree=74
num_leaves=31
num_cat=2
split_feature=8 11 17 15 2 12 2 20 15 4 4 16 12 16 20 16 4 0 2 2 15 16 12 2 2 1 16 16 4 15
split_gain=9.61941 23.4201 15.5203 7.73696 7.65847 7.52108 8.64575 10.1273 10.0211 8.27848 7.70292 7.28678 7.1859 6.03098 7.85815 7.37696 8.36174 5.87099 7.79792 6.89149 6.88701 5.77927 6.01632 5.65923 6.68334 6.88749 5.57174 5.55171 8.07086 5.40882
threshold=1.0000000180025095e-35 0.11031291543102568 6.0365932526285002 25.500000000000004 5.3530895979138053 29.500000000000004 6.9859331719499389 0 3.5000000000000004 24.795000000000005 17.385000000000002 0.20528979591836738 50.500000000000007 0.22982025974025977 1 0.25954285714285724 16.255000000000006 1.5000000000000002 6.5543606630636022 6.7043898447847212 19.500000000000004 0.38600320386219011 41.500000000000007 7.4408540051066021 7.7575621320497161 15.500000000000002 0.22788571428571433 0.24990441079657674 8.0250000000000004 47.500000000000007
decision_type=2 2 2 2 2 2 2 1 2 2 2 2 2 2 1 2 2 2 2 2 2 2 2 2 2 2 2 2 2 2
left_child=1 2 3 -1 -2 9 8 -8 -7 10 26 -11 23 -4 15 16 -15 18 20 -20 -10 -3 -23 -9 25 -25 -6 -19 -29 -5
right_child=4 21 13 29 5 6 7 12 17 11 -12 -13 -14 14 -16 -17 -18 27 19 -21 -22 22 -24 24 -26 -27 -28 28 -30 -31
leaf_value=-0.0081407844905944018 0.034217555853112744 0.0013812109845033295 -0.003994185158394903 -0.027070515602785866 0.0049156299522009434 -0.0093022607423502435 0.012019871981545475 0.0099419654979566469 -0.0054386385168688012 0.028110164794264758 -0.0072183856783468482 0.0016736351047549301 -0.020232085549085493 0.012517549198138212 -0.0023447974909848054 0.0023410576117656396 0.054431577414579657 0.0075773122521517137 -0.043530630451322737 -0.0076980063236066348 0.028064309398872608 0.035853538243555153 0.00087167503201628907 -0.036133933242627168 0.0053237841023267467 0.0038070998246262453 0.020773293839841979 0.01874539038068769 -0.015139586956781238 -0.0086408137659117756
leaf_weight=375.71191401034594 18.392635306343436 3163.5115376077592 1400.3636836856604 117.29793180711567 296.98942169174552 326.44281067699194 278.50080818869174 107.48248452506959 61.707844572141767 77.066150136291981 108.6807675100863 39.330252543091774 42.783222537487745 31.557733461260796 191.88455099612474 52.744656257331371 18.945962771773338 334.16534035280347 20.687078589573503 36.650898575782776 19.318596499040723 24.002970494329929 24.275196373462677 26.911573722958565 53.051597915589809 17.312854196876287 67.414335466921329 22.802242238074541 66.663652624934912 61.925896637141705
leaf_count=6459 165 21457 9202 2291 1846 2285 1861 694 638 446 661 200 277 171 1014 273 99 2111 199 362 196 118 126 171 322 105 360 134 376 1255
internal_value=-3.41096e-06 -0.00109413 -0.00500429 -0.0122547 0.00294163 0.00263765 0.000658545 0.00573272 -0.00234893 0.00737743 0.00441752 0.0192676 -0.00177292 -0.0026254 0.00386087 0.0141713 0.0289927 0.00169935 -0.00720921 -0.0211507 0.002794 0.00164634 0.0186386 0.00207745 -0.00662498 -0.0207595 0.0078981 0.00461915 -0.00639155 -0.0207859
internal_weight=7484.58 5462.22 2250.43 554.936 2022.35 2003.96 1414.48 526.043 888.438 589.481 473.085 116.396 247.542 1695.5 295.133 103.248 50.5037 561.996 138.364 57.338 81.0264 3211.79 48.2782 204.759 97.276 44.2244 364.404 423.631 89.4659 179.224
internal_count=55874 42465 20764 10005 13409 13244 9731 3430 6301 3513 2867 646 1569 10759 1557 543 270 4016 1395 561 834 21701 244 1292 598 276 2206 2621 510 3546
cat_boundaries=0 1 2
cat_threshold=248 416
is_linear=0
shrinkage=0.05


Tree=75
num_leaves=31
num_cat=2
split_feature=1 17 15 9 2 2 18 16 19 15 4 4 2 4 15 9 12 16 16 1 12 4 0 16 3 12 2 17 12 15
split_gain=11.0695 10.6667 7.20338 6.53491 8.08753 6.50746 6.36966 8.20032 6.2153 6.16713 5.92675 9.55122 6.18573 5.90277 9.19665 5.99424 5.75586 5.57774 7.46137 7.17558 6.25647 6.59326 5.62674 5.55716 5.45858 5.47271 6.49528 6.70666 5.93833 6.2699
threshold=4.5000000000000009 6.1836126645068825 22.500000000000004 18.500000000000004 5.585167838918113 7.9477103827515547 0 0.11876777003484322 1 53.500000000000007 9.8450000000000006 7.5850000000000009 5.3530895979138053 34.935000000000009 35.500000000000007 4.5000000000000009 27.500000000000004 0.18670184433761158 0.17533943953700887 7.5000000000000009 27.500000000000004 12.185 2.5000000000000004 0.1775498689906585 2.5000000000000004 29.500000000000004 7.1120380792870881 7.2891564924962111 51.500000000000007 50.500000000000007
decision_type=2 2 2 2 2 2 1 2 1 2 2 2 2 2 2 2 2 2 2 2 2 2 2 2 2 2 2 2 2 2
left_child=5 2 8 13 -5 6 7 9 10 -1 11 -2 -12 15 -15 -4 -10 18 20 22 -14 -22 -19 -13 25 26 -9 -28 29 -27
right_child=1 -3 3 4 -6 -7 -8 24 16 -11 12 23 17 14 -16 -17 -18 19 -20 -21 21 -23 -24 -25 -26 28 27 -29 -30 -31
leaf_value=-0.024578407901673996 0.00062665956812137623 7.9793981455778383e-05 -0.009278721669650436 0.023770843348216157 -0.0055637338702791096 0.015116941849346303 -0.0010525744037138257 0.010911069055928566 0.0048025822731374039 0.013182784184192751 0.031149312631788269 0.003944806775580725 -0.024144795798975095 -0.012524683268156856 0.045496675465569215 -0.022619165295435104 -0.011148958763543918 0.0051134976209482744 -0.028169789695754139 -0.0023050836905058277 -0.028084462856345499 0.0060086548375795721 0.043383544250342326 0.033849612256149623 0.00010178734326009264 0.0011463169147399596 0.054350918806114312 0.013096531264511555 0.023376458598493095 0.016848787965851288
leaf_weight=37.091077569872141 148.95248513482511 4092.7080296128988 211.20269205793738 24.618869740515947 284.25832219980657 107.23502431251109 729.19008299149573 129.02852050960064 72.090196296572685 14.362414706498383 12.320663519203661 24.49009900726378 30.347765782848001 17.652904149144891 9.8338878098875266 141.95285771973431 253.41854693554342 23.756087467074394 42.035173188894987 190.86429497227073 15.57449524104595 97.249910039827228 15.486542038619517 42.913101308047771 248.15358325093985 336.19547002762556 19.406917281448841 20.675640866160393 43.43268994987011 77.445992365479469
leaf_count=376 1967 22051 2909 275 4329 656 5204 746 837 120 121 398 407 214 122 2004 3490 268 533 2012 291 1601 132 467 1484 2035 121 87 275 491
internal_value=-0.00022908 -0.00129138 -0.004672 -0.00857511 -0.00315647 0.00323694 0.00245851 0.00517762 -0.00189009 -0.0139876 0.000994139 0.0077337 -0.00240254 -0.0129523 0.00910191 -0.0146897 -0.00738608 -0.00347031 -0.00990462 0.00172895 -0.0043838 0.00109699 0.020919 0.0232006 0.0063793 0.00886292 0.016529 0.0339076 0.0059967 0.00411983
internal_weight=7513.94 5751.73 1659.02 689.52 308.877 1762.22 1654.98 925.792 969.499 51.4535 643.991 216.356 427.635 380.642 27.4868 353.156 325.509 415.314 185.207 230.107 143.172 112.824 39.2426 67.4032 874.339 626.185 169.111 40.0826 457.074 413.641
internal_count=56023 44428 22377 9853 4604 11595 10939 5735 12524 496 8197 2832 5365 5249 336 4913 4327 5244 2832 2412 2299 1892 400 865 5239 3755 954 208 2801 2526
cat_boundaries=0 1 2
cat_threshold=12 14
is_linear=0
shrinkage=0.05


Tree=76
num_leaves=31
num_cat=6
split_feature=19 10 0 18 19 0 4 20 4 15 4 16 15 15 15 16 16 16 15 20 20 2 1 2 15 16 4 2 16 15
split_gain=12.5804 10.2294 19.1556 7.51211 6.85404 6.4195 8.379 9.30133 9.72612 6.15444 8.92888 5.59138 5.09657 5.20221 5.1286 4.91228 6.10347 5.18708 6.12058 5.32863 4.84712 8.33958 8.50656 5.92655 5.57153 4.99738 4.77746 6.46486 4.74287 7.83103
threshold=0 2.5000000000000004 2.5000000000000004 1 2 2.5000000000000004 28.115000000000006 3 14.095000000000001 46.500000000000007 6.0750000000000011 0.11069454921208992 29.500000000000004 13.500000000000002 38.500000000000007 0.35410430839002277 0.30727585870413748 0.2650576951783849 19.500000000000004 4 5 6.4451244032775259 2.5000000000000004 7.4670681625809676 3.5000000000000004 0.18737777777777781 8.8150000000000031 6.8797261057846884 0.21758747226489167 31.500000000000004
decision_type=1 2 2 1 1 2 2 1 2 2 2 2 2 2 2 2 2 2 2 1 1 2 2 2 2 2 2 2 2 2
left_child=-1 2 3 20 11 6 7 8 -3 10 -7 -5 13 -9 26 16 17 -12 -19 -20 21 -2 -23 28 -24 -25 -14 -28 -22 -30
right_child=1 5 -4 4 -6 9 -8 12 -10 -11 15 -13 14 -15 -16 -17 -18 18 19 -21 23 22 24 25 -26 -27 27 -29 29 -31
leaf_value=-0.0051176375738383071 -0.004988629670596368 0.044930480122585673 0.0034483585285719261 -0.01548246190002241 -0.0080504135079560134 -0.014027642057166249 0.019416081098382502 0.01820469250172381 0.0023933100620495591 -0.0035660074537214579 0.014560532123987668 -0.00091444657894627608 0.041994233165455135 -0.012248140419966214 0.0037108201044705421 -0.011996020747245191 0.029057565317778557 -0.02448736487073204 -0.010124321898587949 0.020260593468075069 0.0009708082503089232 -0.013271294357357234 0.039243113660794499 -0.03657881391546957 0.012850709307736212 0.0040051359732398949 -0.010634373989265221 0.033143986375293276 -0.0046425073957248519 -0.041438120617132285
leaf_weight=1042.8907031808048 107.06575428508222 31.735137939453125 2011.5640467107296 69.881882566958666 863.03240945935249 44.734683636575937 120.67091584764421 15.966338090598581 22.996735822409391 370.3853975776583 109.61263959854841 933.24446252919734 16.126177314668894 81.708590384572744 524.34154154360294 21.948779679834843 43.110578779131174 21.396393336355686 19.300665885210037 20.348126962780952 656.55909704044461 26.501822113990784 23.085736278444529 20.498859412968162 132.66649607941508 11.439427100121973 18.197564398869872 14.168862104415892 104.69487677142024 15.845841605216263
leaf_count=8384 815 195 11472 887 7661 237 961 91 148 2292 625 8019 117 539 4670 104 201 107 99 107 5737 166 162 188 990 75 129 96 717 110
internal_value=-5.11989e-05 0.000772473 -0.000316685 -0.00287175 -0.00478812 0.00439643 0.00726605 0.00522048 0.0232496 0.000661281 0.00623698 -0.00192456 0.00332071 -0.00713615 0.00517092 0.0101258 0.0124425 0.00810046 -0.00354694 0.00807793 0.000425343 0.0058565 0.0125396 -0.0015694 0.016988 -0.0223625 0.0205648 0.00894919 -0.000707346 -0.00978067
internal_weight=7515.72 6472.83 4976.08 2964.52 1866.16 1496.75 845.912 725.241 54.7319 650.837 280.452 1003.13 670.509 97.6749 572.834 235.717 213.768 170.658 61.0452 39.6488 1098.36 289.32 182.254 809.038 155.752 31.9383 48.4926 32.3664 777.1 120.541
internal_count=56101 47717 36999 25527 16567 10718 6946 5985 343 3772 1480 8906 5642 630 5012 1243 1139 938 313 206 8960 2133 1318 6827 1152 263 342 225 6564 827
cat_boundaries=0 1 2 3 4 5 6
cat_threshold=1 4 10 576 184 832
is_linear=0
shrinkage=0.05


Tree=77
num_leaves=31
num_cat=5
split_feature=11 9 0 4 20 16 12 4 1 20 12 0 18 20 1 17 20 17 17 17 17 2 9 3 16 12 11 9 1 2
split_gain=10.2349 19.6599 8.29808 7.11918 9.39006 6.46301 10.5167 6.34435 6.29334 6.17877 5.86123 5.94494 6.67195 12.2653 7.25449 6.84831 6.26608 10.3939 6.80775 5.70533 5.61794 5.54535 7.61611 5.54533 5.44959 5.78929 5.32379 6.58056 5.07938 6.18227
threshold=0.12344124140933546 2.5000000000000004 2.5000000000000004 41.235000000000007 0 0.15123379736469891 29.500000000000004 52.585000000000008 21.500000000000004 1 19.500000000000004 1.5000000000000002 2 3 17.500000000000004 6.4346428218211207 4 6.2582804266951069 7.0171655817190057 8.0922607867585494 7.5569636334114003 6.4878970851231932 335.50000000000006 1.5000000000000002 0.21365089403350276 25.500000000000004 0.029857397504456332 5.5000000000000009 15.500000000000002 6.425589995676571
decision_type=2 2 2 2 1 2 2 2 2 1 2 2 1 1 2 2 1 2 2 2 2 2 2 2 2 2 2 2 2 2
left_child=1 2 3 8 -5 6 -4 28 9 -1 23 -12 14 15 16 -14 17 -13 -19 21 24 26 -23 -11 25 -10 27 -3 29 -2
right_child=7 19 5 4 -6 -7 -8 -9 20 10 11 12 13 -15 -16 -17 -18 18 -20 -21 -22 22 -24 -25 -26 -27 -28 -29 -30 -31
leaf_value=-0.0056121274501737444 -0.0011763329634347194 -0.010968118875526612 0.04080735861360868 -0.0099699631870153807 0.021685630111384118 0.002057519359308427 0.0044141078713736013 0.02194251740687142 0.0052825738519216266 -0.0018871303026980137 -0.0044409072193309666 -0.013887725897256731 0.0034123745903028623 -0.010358670194068931 0.020995237789078608 0.051980980683257343 -6.4699328487272348e-05 0.04948888504585755 0.011553387815796822 -0.025994397244941566 0.011855217894892092 -0.0053078219063134651 0.03154051129291028 0.032913012498850862 0.0052768007300205413 -0.025082516038772297 -0.0032347962973151702 -0.029619815655523959 -0.0013507127538539639 0.0047277198105337105
leaf_weight=662.2784235868603 627.80987496860325 151.73879456520081 27.846439111977816 30.812960440292954 56.36047999933362 1241.0790419019759 64.587430099025369 37.892779741436243 18.318937163800001 20.040433190762997 479.19315455108881 17.394896555691957 14.561099596321585 157.96908775530756 71.628089811652899 13.775638498365877 274.63252761028707 23.106708705425262 24.788145214319229 41.66686038672924 20.542619816958904 603.64412692002952 13.371153660118578 25.380413644015789 25.034723237156868 97.01819728128612 105.37677911296487 69.229113649576902 983.85828676447272 1505.6272063292563
leaf_count=5753 4486 1542 163 232 401 6978 436 227 148 136 4846 212 150 1343 493 77 1850 116 115 242 107 6013 147 178 205 960 1166 867 6856 9547
internal_value=-0.000296457 -0.00186841 -4.96918e-05 -0.00205994 0.0118389 0.00301403 0.0156973 0.00187136 -0.00268843 -0.00183103 0.000448862 -0.000296629 0.00302696 -0.00470915 0.00648882 0.020875 0.00356976 0.0161947 0.0304931 -0.00807758 -0.0121281 -0.00725953 -0.00445955 0.0178487 -0.015697 -0.0202557 -0.0125236 -0.0169188 0.00162042 0.00299059
internal_weight=7506.56 4351.38 3366.35 2032.84 87.1734 1333.51 92.4339 3155.19 1945.66 1784.75 1122.47 1077.05 597.856 186.306 411.55 28.3367 339.922 65.2898 47.8949 985.027 160.914 943.36 617.015 45.4208 140.372 115.337 326.345 220.968 3117.3 2133.44
internal_count=55992 34876 24899 17322 633 7577 599 21116 16689 15269 9516 9202 4356 1570 2786 227 2293 443 231 9977 1420 9735 6160 314 1313 1108 3575 2409 20889 14033
cat_boundaries=0 1 2 3 4 5
cat_threshold=23 165 14 8 514
is_linear=0
shrinkage=0.05


Tree=78
num_leaves=31
num_cat=8
split_feature=0 11 9 17 15 17 17 20 20 2 20 19 18 20 9 9 9 9 11 20 15 2 15 19 0 1 2 17 17 1
split_gain=8.72824 15.4403 11.3229 6.91201 6.82296 6.16896 8.20581 6.13064 6.0091 5.97406 5.79079 7.3214 5.71694 6.40552 10.1179 6.78704 6.44959 6.30541 7.44668 6.12763 6.77179 5.95538 5.80792 5.62703 6.12633 5.84426 7.00508 5.5832 5.3979 5.81591
threshold=1.5000000000000002 0.062718531468531485 3.5000000000000004 8.2193260531337362 20.500000000000004 6.9171361387146542 6.9606512876159456 0 1 7.7148068666781979 2 3 4 5 6.5000000000000009 49.500000000000007 5.5000000000000009 389.50000000000006 0.1707483673197388 6 10.500000000000002 7.3776932808351701 40.500000000000007 7 2.5000000000000004 5.5000000000000009 6.5610235935107104 6.886848241997952 6.0159864107368284 6.5000000000000009
decision_type=2 2 2 2 2 2 2 1 1 2 1 1 1 1 2 2 2 2 2 1 2 2 2 1 2 2 2 2 2 2
left_child=1 2 5 12 -4 9 -7 -5 -8 27 11 -3 13 14 16 21 23 -17 -19 20 -14 -15 -23 25 -25 -2 -27 -1 -26 -30
right_child=3 10 4 7 -6 6 8 -9 -10 -11 -12 -13 19 15 -16 17 -18 18 -20 -21 -22 22 -24 24 28 26 -28 -29 29 -31
leaf_value=-0.0057366278689111204 0.043286519535765233 -0.006983005924883573 -0.0049414555617861462 -0.0076174112600658874 -0.024198095522489031 0.032027831934416919 0.0056873626496345298 0.014989778409020195 -0.008050613756633556 -0.033473728974007848 0.0004107596443823067 0.023165255791803799 0.0096961085020843048 0.00027041140359514377 0.015260022968858504 -0.017478715706129539 -0.024416759487760266 0.018112369876112627 -0.019040482682562854 -0.0029339353253488858 -0.0010394530585970448 0.0061731839053076661 0.032174589218252246 -0.0042076403918903478 0.022996267747987163 0.03299786232751814 -0.0072790077522781023 -0.038098029416721212 0.015442052734887749 -0.0015676755099813659
leaf_weight=649.09081180207431 17.091997172683477 27.523841254413128 71.226147003471851 34.007305942475796 132.12044468335807 19.191097438335419 156.47694685310125 131.96103876084089 141.00862707942724 20.117302544414997 898.49825190007687 55.184893930330873 228.49957417696714 1642.7982017006725 207.29239399172366 95.145624730736017 20.53140851482749 33.676744341850281 21.097913265228271 1706.6360772140324 407.61805793829262 177.57732240483165 23.579597936943173 242.80324957706034 41.794405058026314 17.138472769409418 25.974517710506916 12.647929489612578 71.531597048044205 163.09828479588032
leaf_count=7882 91 223 906 154 1892 117 875 596 801 477 8334 426 1519 9898 1275 605 131 214 132 11927 2863 1011 136 1636 367 108 153 77 312 765
internal_value=-0.000325089 -0.00298576 -0.00678282 0.00076917 -0.0175103 -0.00458289 0.00118176 0.0107812 -0.00090879 -0.00725799 0.00166743 0.0134905 0.000444098 0.00196426 0.00569406 0.000431225 0.0024638 -0.00976131 0.00371716 -0.00137607 0.00278236 0.00126709 0.00936515 0.0034567 0.0015485 0.0166466 0.00911711 -0.00641171 0.0066573 0.00366161
internal_weight=7492.94 2183.09 1201.88 5309.85 203.347 998.533 316.677 165.968 297.486 681.856 981.207 82.7087 5143.89 2801.13 807.256 1993.88 599.964 149.92 54.7747 2342.75 636.118 1843.96 201.157 579.433 519.228 60.205 43.113 661.739 276.424 234.63
internal_count=55903 22010 13027 33893 2798 10229 1793 750 1676 8436 8983 649 33143 16834 4838 11996 3563 951 346 16309 4382 11045 1147 3432 3080 352 261 7959 1444 1077
cat_boundaries=0 1 2 3 4 5 6 7 8
cat_threshold=14 364 832 5 12 656 526 8
is_linear=0
shrinkage=0.05


Tree=79
num_leaves=31
num_cat=5
split_feature=1 17 16 4 19 4 2 18 4 2 4 4 4 4 4 10 12 2 16 8 10 2 20 17 2 20 17 2 4 20
split_gain=12.3053 9.23842 8.6166 7.69064 6.19745 6.03746 5.65944 7.50395 6.51774 7.78475 5.05338 4.99581 8.41995 5.10646 5.70023 5.9496 4.96703 12.8032 12.1762 8.60836 7.77521 7.73546 7.70291 7.36946 6.51281 5.56471 5.50536 6.97234 4.84776 5.64188
threshold=4.5000000000000009 6.1744629567632634 0.1057862983862984 8.6450000000000014 0 40.305000000000007 7.859870564925334 1 18.345000000000002 6.4052201934997308 6.6050000000000013 5.9850000000000012 4.9250000000000007 8.5550000000000015 16.765000000000004 4.5000000000000009 43.500000000000007 7.6752861072899048 0.14495911728226643 1.0000000180025095e-35 91.500000000000014 7.3544327054038421 2 5.5824243042269801 6.237933923534805 3 5.9432061164571364 7.1279946170765385 40.305000000000007 4
decision_type=2 2 2 2 1 2 2 1 2 2 2 2 2 2 2 2 2 2 2 2 2 2 1 2 2 1 2 2 2 1
left_child=6 2 3 10 28 -6 7 -1 11 -10 -2 12 -9 -13 15 -15 17 18 20 -18 21 22 23 24 -4 -21 27 -27 -3 -30
right_child=1 4 16 -5 5 -7 -8 8 9 -11 -12 13 -14 14 -16 -17 19 -19 -20 25 -22 -23 -24 -25 -26 26 -28 -29 29 -31
leaf_value=0.0049314060233312512 -0.011585953555784893 0.0039547958301813088 -0.030662087837991289 -0.033981143077270418 -0.0014350694828606713 0.0098119207215588977 0.013465596790363285 -0.0066312334735633242 0.032042119574220228 0.00048456128871858495 0.045226607313746642 -0.025744829292682115 0.03411633058137846 -0.0077059835604861814 -0.030981669754218056 0.021004578838605965 -0.0098831472146439746 -0.027854438631473705 -0.0020168667772298044 -0.011298256743142854 0.051002546387951389 0.061101305309457482 -0.0055380395674284079 0.046278719347009244 0.023134021862265944 -0.0037255282641328693 0.025582672775881235 0.029931452880767456 0.0077168539512149819 -0.021151593359946555
leaf_weight=1234.2220948413014 12.142441580072047 1202.6756324842572 7.5285705588758018 41.896109269931912 2722.03542650491 123.79824332147837 139.9791888743639 45.142931751906872 22.226269841194153 123.41517178528011 4.5934483110904685 47.335019631311297 16.505108693614602 108.03395567648113 20.210471590980887 20.638240456581116 508.04127521812916 40.987191962078214 723.77540251798928 42.469368988648057 12.491431459784506 6.0821088328957549 58.269124815240502 19.929431095719337 15.605793599039314 84.239561131224036 33.204278789460659 17.784528307616711 24.085906364023685 31.254856660962105
leaf_count=8031 291 6336 157 990 14971 603 851 333 159 825 119 346 122 738 136 155 7460 866 8207 474 192 163 978 144 406 1233 195 382 119 152
internal_value=0.000216531 -0.000910564 -0.00409507 -0.0227555 0.000354228 -0.000939234 0.00384974 0.00302015 -0.00287448 0.00548621 0.00567803 -0.00771056 0.0046486 -0.0115975 -0.00695776 -0.00297451 -0.00338434 -0.000906495 0.000434099 -0.00657501 0.0151229 0.0105184 0.00691495 0.0201843 0.00508217 0.00288539 0.00765736 0.00237504 0.00326023 -0.0110578
internal_weight=7510.6 5732.89 1629.04 58.632 4103.85 2845.83 1777.71 1637.73 403.507 145.641 16.7359 257.866 61.648 196.218 148.883 128.672 1570.41 884.669 843.682 685.739 119.906 107.415 101.333 43.0638 23.1344 177.698 135.228 102.024 1258.02 55.3408
internal_count=56134 44438 22257 1400 22181 15574 11696 10845 2814 984 410 1830 455 1375 1029 893 20857 11113 10247 9744 2040 1848 1685 707 563 2284 1810 1615 6607 271
cat_boundaries=0 1 2 3 4 5
cat_threshold=12 13 793 69 330
is_linear=0
shrinkage=0.05


Tree=80
num_leaves=31
num_cat=8
split_feature=19 4 4 12 17 16 17 20 15 15 18 16 15 20 18 4 20 20 4 12 17 17 15 4 9 17 20 4 1 12
split_gain=8.65191 9.65036 7.84211 9.69587 6.98673 7.34366 6.93161 6.83185 7.66005 7.76823 6.97558 6.8182 6.56097 6.51352 6.27419 5.85107 5.84771 5.62967 5.60409 5.54146 6.52457 5.48122 9.40047 5.47464 5.45521 5.41802 5.15907 6.76643 5.96763 5.17024
threshold=0 31.855000000000004 10.945000000000002 38.500000000000007 6.3074789403319214 0.2650576951783849 7.4835902498616589 1 51.500000000000007 16.500000000000004 2 0.12829714387992538 6.5000000000000009 3 4 24.385000000000002 5 6 43.335000000000008 44.500000000000007 6.7251116701729474 7.8032471891188875 23.500000000000004 16.135000000000002 3.5000000000000004 7.1120584597495649 7 12.955000000000002 2.5000000000000004 24.500000000000004
decision_type=1 2 2 2 2 2 2 1 2 2 1 2 2 1 1 2 1 1 2 2 2 2 2 2 2 2 1 2 2 2
left_child=2 11 21 6 12 7 26 8 9 10 -6 15 -5 -7 -8 17 -3 24 -14 20 -13 -1 -23 -11 -2 -10 -4 -28 -29 -30
right_child=1 16 3 4 5 13 14 -9 25 23 -12 19 18 -15 -16 -17 -18 -19 -20 -21 -22 22 -24 -25 -26 -27 27 28 29 -31
leaf_value=0.0052581163016085022 -0.0060368386621763893 -0.0041229930611162468 0.00061621856745170366 0.0061089101899444928 0.017527826644728257 0.0046344566864714139 -0.015884546850577819 0.0075155794967777774 0.023401454162495491 -0.046908560042649532 -0.010234607165902276 -0.0020041118147778769 -0.011846293723256076 -0.023590827394596062 0.011346038080048262 -0.026407115199029021 0.0081084878094362864 -0.0018559089197178345 -0.04659160085196979 -0.0034069926620429111 0.0029996923443030721 0.005827880949058447 0.04434282376554597 -0.013770188124552574 -0.033030200367665151 -0.0084258752892582278 -0.0074291615141611582 0.030233081927618418 0.025279754874843293 0.0070183307694477578
leaf_weight=812.44770010747015 38.977774742990732 122.73474437557161 210.79395450651646 49.798868279904127 23.254150286316872 32.988500699400902 57.48742313683033 260.8407804146409 32.653058297932148 18.480551660060883 55.856147140264511 1429.5899441502988 193.95046668685973 44.728049337863922 23.195387504994869 38.89834601432085 412.11808930337429 244.05321560241282 11.522901574149726 1672.7208094727248 1195.1990421414375 43.792677477002144 24.152502618730068 38.354102291166782 36.015235422179103 21.502721324563026 42.474836895242333 45.711834752932191 47.583623103797436 199.22833249904215
leaf_count=6229 454 785 1630 599 124 142 261 1393 179 104 286 12589 2437 198 109 473 2823 2988 122 12895 5814 208 115 218 474 103 283 268 287 1369
internal_value=0.000150818 -0.000979108 0.0027027 0.000402077 -0.00330218 -1.77572e-05 0.00503522 0.00243705 -0.00468242 -0.0112422 -0.00104663 -0.00171205 -0.0100775 -0.0141115 -0.00856863 -0.00833253 0.0053736 -0.00605324 -0.014011 -0.00115882 0.000274648 0.00641437 0.0199634 -0.0251703 -0.0170242 0.0108407 0.00705823 0.0107593 0.0137832 0.0106268
internal_weight=7481.11 5190.31 2290.8 1410.41 783.93 528.658 626.475 450.942 190.101 135.945 79.1103 4655.45 255.272 77.7166 80.6828 357.945 534.853 319.046 205.473 4297.51 2624.79 880.393 67.9452 56.8347 74.993 54.1558 545.793 334.999 292.524 246.812
internal_count=55959 39295 16664 10112 5905 2747 4207 2407 1014 732 410 35687 3158 340 370 4389 3608 3916 2559 31298 18403 6552 323 322 928 282 3837 2207 1924 1656
cat_boundaries=0 1 2 3 4 5 6 7 8
cat_threshold=12 676 9 800 10 133 656 674
is_linear=0
shrinkage=0.05


Tree=81
num_leaves=31
num_cat=3
split_feature=17 12 15 11 8 15 12 15 15 1 20 19 11 1 10 11 15 4 16 20 12 4 16 17 10 1 9 12 16 16
split_gain=8.3306 6.12997 9.36383 6.04913 8.73398 8.73327 7.96726 7.22096 6.87116 9.9268 6.29436 9.0642 6.41539 6.34381 7.93935 6.70363 7.62015 6.27092 5.91166 5.76262 7.77893 5.95885 7.30158 7.97623 5.58184 6.57565 5.57338 5.30174 6.00382 5.22017
threshold=6.1744629567632634 18.000000000000004 6.5000000000000009 0.16782731831275524 1.0000000180025095e-35 14.500000000000002 43.500000000000007 284.50000000000006 59.500000000000007 7.5000000000000009 0 1 0.083414239482200656 9.5000000000000018 205.50000000000003 0.14587986568834724 57.500000000000007 29.335000000000004 0.19157369242779082 2 49.500000000000007 25.435000000000006 0.13962480304621852 7.5257720395222378 3.5000000000000004 21.500000000000004 13.500000000000002 29.500000000000004 0.14495911728226643 0.24574029304029307
decision_type=2 2 2 2 2 2 2 2 2 2 1 1 2 2 2 2 2 2 2 1 2 2 2 2 2 2 2 2 2 2
left_child=3 2 -2 4 6 -5 10 8 9 17 11 13 -12 14 15 16 -1 26 -10 20 -3 -21 -23 -24 -11 -26 -7 -13 -29 -22
right_child=1 19 -4 5 -6 7 -8 -9 18 24 12 27 -14 -15 -16 -17 -18 -19 -20 21 29 22 23 -25 25 -27 -28 28 -30 -31
leaf_value=0.0096396902518558134 0.034164366450045218 -0.00071675264497154316 0.0037370363944795558 -0.0085126147267660154 -0.00019631122385645731 0.018239706013562035 -0.013052247628712583 0.039452508684364021 0.01612407648011378 -0.0051884680777519315 -0.014305278698431699 -0.029983242704781816 0.0077260736022145759 -0.00099425919874571297 0.049125672680610445 -0.025658517074504301 0.062039932347130004 0.043912257672286154 -0.015069469115185722 0.00036024791369907951 -0.0062978933756613915 -0.0092608207465536621 0.0047956208970045345 0.020216023335340273 0.0047533310034675877 0.045465403178085839 -0.0069547947889408131 0.032046392131313321 -0.014474389422339829 -0.02320391203318891
leaf_weight=58.790545428171754 31.775364518165588 1360.1349398419261 112.01048348844051 182.5719994828105 580.46029286272824 94.684360863640904 422.34213508479297 13.18781406059861 18.119627129286528 162.76441231183708 172.77613827586174 30.745267758145928 40.123102091252804 104.79516659490764 14.965485397726296 10.345699995756148 6.9671256635338059 17.598201490938663 74.812362745404243 2904.7593253105879 209.18889574706554 73.099945321679115 502.17074660211802 99.95908460021019 61.902683585882187 10.883475836366413 27.897682696580887 8.7583116162568349 22.980803554877639 57.90686970949173
leaf_count=821 135 7193 500 1832 6617 865 7246 144 263 1853 2836 471 589 1707 199 150 97 146 631 15393 1250 455 2430 445 597 105 245 169 346 275
internal_value=-0.000551576 0.000502696 0.0106507 -0.00318864 -0.00497303 0.000771638 -0.00807222 0.00429976 0.0032287 0.00623937 -0.00359082 0.00175401 -0.0096838 0.00705128 0.0169856 0.0101102 0.0160377 0.0167231 -0.00888053 0.00022049 -0.00223791 0.00134074 0.00557175 0.00738482 -4.39742e-05 0.0113745 0.012496 -0.0134207 -0.00105039 -0.010036
internal_weight=7489.48 5351.01 143.786 2138.47 1474.05 664.423 893.59 481.851 468.663 375.731 471.248 258.348 212.899 195.864 91.0689 76.1034 65.7577 140.18 92.932 5207.22 1627.23 3579.99 675.23 602.13 235.551 72.7862 122.582 62.4844 31.7391 267.096
internal_count=56005 28076 635 27929 21248 6681 14631 4849 4705 3811 7385 3960 3425 2974 1267 1068 918 1256 894 27441 8718 18723 3330 2875 2555 702 1110 986 515 1525
cat_boundaries=0 1 2 3
cat_threshold=929 22 71
is_linear=0
shrinkage=0.05


Tree=82
num_leaves=31
num_cat=4
split_feature=18 2 1 16 4 4 9 1 4 1 20 16 19 16 4 12 15 2 8 1 19 1 12 11 12 15 1 16 4 15
split_gain=7.44522 8.26553 6.56775 6.7884 6.00245 5.71521 9.88129 5.59105 6.45454 6.41328 5.50907 10.3602 7.91371 7.25261 6.33079 5.68727 8.10689 5.50206 8.12423 8.33347 7.86367 6.61822 6.68636 5.31127 5.48728 7.06952 5.85624 5.21926 5.15008 7.57915
threshold=0 7.9184230258600969 5.5000000000000009 0.18543988053625529 3.7150000000000003 2.8450000000000002 1.5000000000000002 16.500000000000004 1.5350000000000004 12.500000000000002 1 0.17032875356350968 2 0.17533943953700887 24.185000000000006 23.500000000000004 7.5000000000000009 6.9859331719499389 1.0000000180025095e-35 6.5000000000000009 3 19.500000000000004 42.500000000000007 0.60303030303030314 47.500000000000007 7.5000000000000009 3.5000000000000004 0.12774963438558948 7.8550000000000013 29.500000000000004
decision_type=1 2 2 2 2 2 2 2 2 2 1 2 1 2 2 2 2 2 2 2 1 2 2 2 2 2 2 2 2 2
left_child=2 10 3 -1 5 7 -7 9 -9 -4 12 -12 14 -13 23 16 -14 -6 19 -19 -20 22 -22 24 26 -26 -2 -3 -27 -30
right_child=1 27 4 -5 17 6 -8 8 -10 -11 11 13 15 -15 -16 -17 -18 18 20 -21 21 -23 -24 -25 25 28 -28 -29 29 -31
leaf_value=0.00085267403080472009 0.00023520975575551883 0.022554458719023746 0.00099504979550598662 0.0087216618554991267 -0.00033272126407697769 0.0032313300815128934 -0.032052280845627723 -0.012004721110335029 0.024314307633004763 -0.026780562478484923 -0.010954354143644571 0.025239132551114138 0.034412579497343575 -0.00234056731650745 0.0057643487947151434 -3.1808778569612607e-05 0.0040656097609746127 0.024929560914976071 0.017761125496659761 9.1649728650764189e-06 0.023304664604726039 -0.027347291042943301 -0.014064209468172243 0.014497530343635021 -0.033390018920568539 -0.018650476961000521 -0.026534703792643902 0.0032543247080371431 0.04697912030203287 -0.007241097653484737
leaf_weight=511.83528342097998 25.508301444351673 37.270103011280298 59.110237669199705 589.60553506016731 1836.9571774136275 33.016952203586698 48.101473672315478 18.086723057553172 33.867584001272917 30.994166370481253 448.69491882249713 23.566127639263868 27.775971852242947 805.86309922672808 55.397188406437635 1389.1908792834729 95.027908941730857 34.6721864733845 164.474992999807 563.16484609618783 26.121867477893829 19.044086042791605 20.535178892314434 14.94464787840843 11.476465016603468 9.9966600053012353 101.26354961283505 421.64544954709709 13.118479160591962 11.429202904924749
leaf_count=3801 192 380 431 3172 13586 221 388 136 245 225 4824 214 173 5759 427 11188 611 257 999 4180 144 110 132 95 94 98 931 2744 126 118
internal_value=0.000308398 -0.00137562 0.00178141 0.00506906 0.00053246 -0.00732569 -0.0178266 -0.00124675 0.0116827 -0.0087483 -0.00232598 -0.00480528 -0.000488645 -0.00152751 -0.0086547 0.000877513 0.0111521 0.00119304 0.00457428 0.00149367 0.0125345 -0.00285473 0.00690749 -0.013376 -0.0158563 -0.00102954 -0.0211885 0.00486739 0.0103583 0.0224393
internal_weight=7481.76 3492.17 3989.59 1101.44 2888.15 223.177 81.1184 142.059 51.9543 90.1044 3033.25 1278.12 1755.13 829.429 243.134 1511.99 122.804 2664.97 828.013 597.837 230.176 65.7011 46.657 187.737 172.793 46.0208 126.772 458.916 34.5443 24.5477
internal_count=56001 27974 28027 6973 21054 1646 609 1037 381 656 24850 10797 14053 5973 2081 11972 784 19408 5822 4437 1385 386 276 1654 1559 436 1123 3124 342 244
cat_boundaries=0 1 2 3 4
cat_threshold=12 809 1 7
is_linear=0
shrinkage=0.05


Tree=83
num_leaves=31
num_cat=7
split_feature=18 17 20 0 10 11 15 16 20 2 2 15 16 16 17 16 12 20 19 16 1 16 19 12 9 20 15 2 9 2
split_gain=8.28664 7.69981 6.80104 6.05011 10.2213 9.57446 10.2363 9.17721 8.07001 9.19145 7.71619 7.19772 7.15845 6.80073 7.44692 6.79736 8.67309 6.54128 6.30144 5.66182 8.67814 5.61109 5.84309 5.86233 8.47076 8.07274 6.68496 6.26149 5.75449 5.56705
threshold=0 8.4721340752570651 1 2.5000000000000004 2.5000000000000004 0.67543859649122817 22.500000000000004 0.26705351545006722 2 6.5801674586981802 6.3119979323865367 54.500000000000007 0.20447742733457022 0.14355076613164383 7.1804429923428383 0.15117119860112158 43.500000000000007 3 4 0.20447742733457022 2.5000000000000004 0.3972613199665832 5 29.500000000000004 5.5000000000000009 6 47.500000000000007 6.5476745418058346 416.50000000000006 6.4523249415547825
decision_type=1 2 1 2 2 2 2 2 1 2 2 2 2 2 2 2 2 1 1 2 2 2 1 2 2 1 2 2 2 2
left_child=21 3 -3 4 7 6 15 -2 11 10 -10 12 -6 14 -11 16 -5 -7 -15 20 -17 22 23 24 25 -1 -25 -27 29 -28
right_child=1 2 -4 5 8 17 -8 -9 9 13 -12 -13 -14 18 -16 19 -18 -19 -20 -21 -22 -23 -24 26 -26 27 28 -29 -30 -31
leaf_value=-0.0055530071177331934 -0.0049108928935923521 0.022782499209916918 -0.0012109020620178997 0.039335675735929145 0.023718331379568844 -0.0020115711050634898 -0.0063556884823327874 -0.023657506487113428 0.0038715461371987164 0.057881589710772841 -0.019821102959602904 -0.042557359197801944 -0.020257773228473129 0.020216863343209015 0.00061214809561805901 0.017042844826673797 -0.0045955940319747117 0.021425314347341781 0.001811042415865985 0.0055083236065543465 -0.0068082485815915 0.026331676425151058 0.0023293130376901938 -0.0096367081142206979 -0.01432261913541355 0.0023447875976660426 -0.0085948283737441959 0.03488864426290212 -0.012046700010004985 0.027588861215891144
leaf_weight=42.664650805294514 1479.2720211930573 48.847049385309219 64.365087859332561 26.422790916636586 13.953525317832826 50.448990564793348 505.25981875509024 67.398365627974272 106.62101600877941 14.538278507068755 49.538709819316864 16.542509734630585 23.323765985667706 66.64776961132884 8.9775865301489812 43.452397905290127 18.709496254101396 74.913608681410551 137.7104140818119 405.02038215100765 268.4839370585978 22.010691344738007 3418.6387469153851 318.05252521857619 40.058400128036737 22.011097971349955 14.631817448884247 44.956518599763513 25.462761962786317 34.386775601655245
leaf_count=270 14317 219 300 178 131 270 3327 487 1114 212 462 165 142 554 55 239 147 403 1174 2365 1734 105 23753 2434 293 166 121 305 239 262
internal_value=0.000149963 -0.00162605 0.011139 -0.00206194 -0.0038341 0.000464212 -0.000843726 -0.00574256 0.00290506 0.0054667 -0.00372279 -0.0136476 -0.00360717 0.0119918 0.0369348 0.00281421 0.0214192 0.0135888 0.00895565 0.00161482 -0.00344197 0.00170621 0.00156706 -0.00321791 0.00511812 0.0122868 -0.0064835 0.0212565 0.00693071 0.0168323
internal_weight=7473.32 3490.45 113.212 3377.24 1984.52 1392.71 1267.35 1546.67 437.854 384.034 156.16 53.8198 37.2773 227.874 23.5159 762.089 45.1323 125.363 204.358 716.957 311.936 3982.87 3960.86 542.225 149.691 109.632 392.534 66.9676 74.4814 49.0186
internal_count=55943 27995 519 27476 18813 8663 7990 14804 4009 3571 1576 438 273 1995 267 4663 325 673 1728 4338 1973 27948 27843 4090 1034 741 3056 471 622 383
cat_boundaries=0 1 2 3 4 5 6 7
cat_threshold=12 464 388 400 24 1 836
is_linear=0
shrinkage=0.05


Tree=84
num_leaves=31
num_cat=3
split_feature=19 1 12 20 1 3 0 4 15 15 12 9 15 3 11 9 12 20 4 1 2 1 3 12 0 2 3 1 15 4
split_gain=10.4193 7.08998 5.9548 6.85745 7.16618 5.95309 6.195 5.71053 5.55674 5.39442 5.51421 6.34226 11.1117 9.73553 7.50908 6.76657 4.65951 4.93941 5.85048 6.70979 6.27217 5.88858 5.15118 4.47915 5.09991 4.47316 6.79294 5.05117 5.03665 4.9214
threshold=0 5.5000000000000009 23.500000000000004 1 1.5000000000000002 2.5000000000000004 2.5000000000000004 46.025000000000013 12.500000000000002 1.5000000000000002 51.500000000000007 22.500000000000004 25.500000000000004 1.5000000000000002 0.14405922579323058 123.50000000000001 29.500000000000004 2 20.945000000000004 16.500000000000004 6.7309703663611167 6.5000000000000009 1.5000000000000002 44.500000000000007 1.5000000000000002 6.8865112132604729 1.5000000000000002 1.5000000000000002 49.500000000000007 19.415000000000003
decision_type=1 2 2 1 2 2 2 2 2 2 2 2 2 2 2 2 2 1 2 2 2 2 2 2 2 2 2 2 2 2
left_child=7 2 -2 25 9 6 -6 16 -8 -5 11 12 13 -11 -13 -16 17 18 19 20 21 -1 -22 24 -15 26 27 -4 -27 -29
right_child=1 -3 3 4 5 -7 8 -9 -10 10 -12 14 -14 23 15 -17 -18 -19 -20 -21 22 -23 -24 -25 -26 28 -28 29 -30 -31
leaf_value=0.01070830432004454 0.013443301662924418 -0.00029560820959324157 0.015797524612919247 0.021560084143149322 0.0067400080260003395 0.0007364552702194189 0.0069396572495594409 -0.028042877909598869 0.025505221483973536 -0.014052817953105584 0.018441547625287946 0.034448130638057732 -0.024830417805850841 -0.0024876118844514585 0.020325490893277964 -0.014645943415444306 -0.0062281888379489211 -0.0055929377106903252 -0.0085525364329605644 -0.0063757408916256105 0.027365470731419584 0.052792252943984187 -0.0061407682182984431 -0.0039084121798392208 0.028049295798527375 0.00028395252737749147 -0.012349232066561409 0.0034806368398461172 0.02196229258282064 -0.022303790448008811
leaf_weight=14.317051159217952 135.42791003361344 4675.9874524306506 45.953157005831599 24.285180069506168 350.00154359266162 217.40863241069019 66.750037148594856 24.599740214645863 104.6269852258265 82.497228367254138 28.326145144179463 19.365007797256112 69.656864371150732 20.555461788550019 21.720124714076519 34.362198274582624 723.30008410662413 129.66051070764661 39.851088950410485 30.110749522224069 19.173597799614072 21.094384087249637 25.922359371557832 39.628552179783583 38.946860570460558 204.67031781561673 177.92741865105927 58.337193401530385 29.834177514538169 25.960912887006998
leaf_count=116 768 35894 280 142 2716 1479 344 176 557 533 199 168 478 176 118 251 6080 936 290 230 134 181 183 272 218 1256 1184 388 181 167
internal_value=-1.59155e-05 0.000729089 0.00339933 0.00257271 0.00478461 0.00769249 0.0105861 -0.0046642 0.0183563 -0.000758137 -0.00234092 -0.00419343 -0.00800581 -0.00145271 0.00844269 -0.000983055 -0.00411014 0.00136139 0.00724245 0.0136072 0.0210676 0.0365388 0.0083898 0.0090688 0.0176334 -0.00203561 -0.00602458 0.00264336 0.00312346 -0.00462847
internal_weight=7500.26 6472.23 1796.24 1660.81 1118.13 738.787 521.379 1028.03 171.377 379.344 355.058 326.732 251.285 181.628 75.4473 56.0823 1003.43 280.13 150.469 110.618 80.5074 35.4114 45.096 99.1309 59.5023 542.683 308.179 130.251 234.504 84.2981
internal_count=56095 47769 11875 11107 7651 5096 3617 8326 901 2555 2413 2214 1677 1199 537 369 8150 2070 1134 844 614 297 317 666 394 3456 2019 835 1437 555
cat_boundaries=0 1 2 3
cat_threshold=1 197 410
is_linear=0
shrinkage=0.05


Tree=85
num_leaves=31
num_cat=5
split_feature=0 16 9 4 16 16 12 2 4 12 1 12 4 10 15 20 4 15 15 20 4 20 15 9 20 17 17 15 20 12
split_gain=10.9334 12.2133 9.49044 12.0759 8.691 9.68651 6.7822 7.3661 6.72657 9.342 6.20392 7.23913 7.23891 6.09709 5.94433 5.36603 5.31449 6.43252 7.14092 5.31351 5.17733 10.8381 11.9937 9.81095 8.94949 5.35434 4.96417 6.48908 4.52572 8.14206
threshold=2.5000000000000004 0.3291427925016161 27.500000000000004 25.915000000000003 0.15612345374931585 0.29615011934386271 45.500000000000007 7.656029645122616 14.095000000000001 50.500000000000007 5.5000000000000009 45.500000000000007 7.6750000000000007 97.500000000000014 12.500000000000002 0 34.935000000000009 25.500000000000004 6.5000000000000009 1 34.935000000000009 2 36.500000000000007 2.5000000000000004 3 5.9171854063689784 6.9459081144183328 15.500000000000002 4 51.500000000000007
decision_type=2 2 2 2 2 2 2 2 2 2 2 2 2 2 2 1 2 2 2 1 2 1 2 2 1 2 2 2 1 2
left_child=1 20 3 28 14 6 7 16 10 -10 11 12 -4 -12 -5 -8 17 18 -6 -20 -1 25 23 24 -23 -22 27 -18 -2 -30
right_child=2 -3 8 4 5 -7 15 -9 9 -11 13 -13 -14 -15 -16 -17 26 -19 19 -21 21 22 -24 -25 -26 -27 -28 -29 29 -31
leaf_value=-0.0028988631886998706 0.0033159762036739423 0.017524383796271813 -0.022330651525389159 0.053053970239508419 0.024801830737258567 0.025866115747135068 0.0073969482837305898 0.035655593419297742 -0.0069070543155436148 -0.036065214333205593 -0.0080864097439763295 0.03495552235965417 0.020062539828187332 0.021904936918691123 0.013690393291817336 -0.012117328283976513 0.0034786351938508177 0.037179230729938249 0.014474588596233627 -0.011187561312189797 0.007750424896200904 -0.014399714495817555 0.03777327761905188 -0.012000342948712899 0.01895639470243296 -0.014074857489641957 0.015517613167371583 -0.027911472532944973 -0.0026222257171353465 0.015091497541852891
leaf_weight=3992.6419906876981 1255.3524409178644 77.334215711802244 17.709736555814743 17.839387882500887 38.548650529235601 64.231257203966379 51.919400945305824 23.820622906088829 173.61628997698426 31.819460585713387 135.28255814872682 24.258393393829465 20.806719176471233 18.380195051431656 21.493844974786043 74.054586447775364 39.477962963283062 22.502533201128244 21.341640863567591 43.389111004769802 38.908651385456324 18.62678537145257 33.952329896390438 53.452803613618016 94.799828266724944 95.424126468598843 27.100927859544754 27.009226694703102 858.64327870495617 69.172802602872252
leaf_count=35235 7278 445 98 102 202 316 285 119 1086 213 912 136 120 128 147 421 211 119 115 231 586 126 267 409 696 482 117 148 4920 409
internal_value=-0.000446691 -0.00204404 0.00183948 0.00294628 0.0101829 0.00809509 0.00494157 0.00980553 -0.00511884 -0.0115761 0.00103525 0.0141532 0.000498465 -0.00438059 0.0324163 -0.00445148 0.0068495 0.0135219 0.00806036 -0.00213522 -0.00239768 0.00356353 0.0106017 0.00551297 0.0137989 -0.00720998 -0.00216635 -0.00949766 0.00137536 -0.00127306
internal_weight=7482.91 4405.14 3077.77 2655.9 472.729 433.396 369.165 243.191 421.873 205.436 216.438 62.7748 38.5165 153.663 39.3332 125.974 219.37 125.782 103.279 64.7308 4327.81 335.165 200.832 166.879 113.427 134.333 93.5881 66.4872 2183.17 927.816
internal_count=56079 38246 17833 15140 2533 2284 1968 1262 2693 1299 1394 354 218 1040 249 706 1143 667 548 346 37801 2566 1498 1231 822 1068 476 359 12607 5329
cat_boundaries=0 1 2 3 4 5
cat_threshold=240 708 165 16 901
is_linear=0
shrinkage=0.05


Tree=86
num_leaves=31
num_cat=4
split_feature=12 15 17 17 12 20 12 11 12 4 3 15 15 20 18 2 19 10 2 10 12 2 3 2 15 2 1 15 15 1
split_gain=7.229 10.8539 9.65169 8.45844 7.68556 13.2345 15.7096 11.566 9.1515 8.58107 5.5703 5.41945 6.60829 5.3427 7.60788 11.4606 5.60564 9.62494 8.64224 8.5022 7.08342 6.19655 11.1071 7.0619 5.97105 5.35578 5.18892 7.21967 7.02239 5.45606
threshold=33.500000000000007 3677.5000000000005 6.6919844816894161 6.646942310611319 50.500000000000007 0 51.500000000000007 0.12191743801094522 52.500000000000007 7.9350000000000014 3.5000000000000004 98.500000000000014 74.500000000000014 1 2 7.3776932808351701 3 6.5000000000000009 6.7373286956335496 315.50000000000006 47.500000000000007 7.0394456028696082 1.5000000000000002 7.5846663645498458 29.500000000000004 7.1279946170765385 13.500000000000002 3.5000000000000004 6.5000000000000009 1.5000000000000002
decision_type=2 2 2 2 2 1 2 2 2 2 2 2 2 1 1 2 1 2 2 2 2 2 2 2 2 2 2 2 2 2
left_child=1 11 3 -2 13 6 10 8 -8 -9 -6 12 -1 14 -4 -16 18 24 -15 25 21 -20 23 -23 26 -19 29 -28 -29 -18
right_child=2 -3 4 -5 5 -7 7 9 -10 -11 -12 -13 -14 16 15 -17 17 19 20 -21 -22 22 -24 -25 -26 -27 27 28 -30 -31
leaf_value=0.0017362000156819211 -0.0029895105604341664 0.038704300781050111 0.01387212958081888 -0.017653427136717869 -0.015613467534706585 -0.014996194326773533 0.050242108785403541 0.02264095006072828 0.014149817680414381 -0.014063468225037214 0.013311706180117107 -0.005838871049295073 0.017684132948371255 0.03606984827250774 -0.017602881922662343 0.026135964329474001 -0.01168278279275463 0.0049470511259417302 -0.010716282130964039 -0.010748753708589725 0.015016383489275587 0.0328096361882802 -0.0055343961928730617 0.0015863051252422101 -0.012484566479870673 0.026195506053682007 0.011030615832503775 -0.032182287009290475 -0.0066549378268853064 0.0053345982860428381
leaf_weight=2984.8107259888202 2076.7757683247328 18.749225612729788 201.65750241279602 102.2951488494873 101.77728924155235 172.41014415025711 25.178751476109028 22.836203277111053 57.255301393568516 46.994191706180573 19.064466275274754 231.31747191958129 65.418495701625943 22.146621011197567 52.34356801211834 19.851656451821327 54.674751438200474 54.182969227433205 87.914359040558338 35.868736006319523 111.77113129198551 43.218519270420074 97.690233588218689 30.849683932960033 140.09620282799006 66.055324412882328 45.208279117941856 31.600731037557125 160.51697324216366 305.95859427005053
leaf_count=20603 21901 167 1020 584 545 933 144 112 333 233 106 1801 430 125 279 97 264 283 471 182 568 217 483 151 820 325 233 169 903 1604
internal_value=-2.85379e-06 0.00174672 -0.00138226 -0.00368568 0.00111908 -0.00466676 0.00234655 0.0130773 0.0256439 -0.00191006 -0.0109783 0.00152383 0.00208392 0.00277168 0.00897302 -0.00473612 0.00136673 -0.00083472 0.00625473 0.0103958 0.00455292 8.80275e-06 0.00552868 0.0199994 -0.00323224 0.0167401 -0.00104728 -0.00677369 -0.0109987 0.00272946
internal_weight=7486.49 3300.3 4186.19 2179.07 2007.12 445.516 273.106 152.264 82.4341 69.8304 120.842 3281.55 3050.23 1561.61 273.853 72.1952 1287.75 894.163 393.591 156.107 371.444 259.673 171.758 74.0682 738.056 120.238 597.959 237.326 192.118 360.633
internal_count=56086 23001 33085 22485 10600 2406 1473 822 477 345 651 22834 21033 8194 1396 376 6798 4783 2015 790 1890 1322 851 368 3993 608 3173 1305 1072 1868
cat_boundaries=0 1 2 3 4
cat_threshold=248 576 22 12
is_linear=0
shrinkage=0.05


Tree=87
num_leaves=31
num_cat=8
split_feature=0 15 11 18 16 6 16 17 18 11 15 10 9 15 20 2 17 17 20 16 12 12 10 16 10 10 18 20 20 20
split_gain=7.90321 16.7306 10.9373 11.0701 10.7276 9.10013 8.66068 6.65573 7.61353 6.26229 6.36085 5.89458 8.4153 10.1371 8.83558 10.5694 13.4868 7.0937 9.63962 8.4016 6.79849 12.7937 6.66182 6.30831 6.21801 8.5335 5.6938 8.86739 5.68196 5.58546
threshold=2.5000000000000004 23.500000000000004 0.17936242002521835 0 0.32272792207792211 1.0000000180025095e-35 0.13061117602121067 6.4208414751300564 1 0.16782731831275524 25.500000000000004 2.5000000000000004 3.5000000000000004 22.500000000000004 2 6.860611259118377 7.3545446553220595 6.5506588163949457 3 0.29947254043126686 29.500000000000004 44.500000000000007 1.5000000000000002 0.1650404104528094 12.500000000000002 41.500000000000007 4 5 6 7
decision_type=2 2 2 1 2 2 2 2 1 2 2 2 2 2 1 2 2 2 1 2 2 2 2 2 2 2 1 1 1 1
left_child=4 6 7 -4 11 -5 -2 -3 -9 10 -10 12 -1 14 15 -14 20 19 23 26 -17 -22 -15 -19 -20 -26 27 -13 -28 -8
right_child=1 2 3 5 -6 -7 29 8 9 -11 -12 17 13 22 -16 16 -18 18 24 -21 21 -23 -24 -25 25 -27 28 -29 -30 -31
leaf_value=-0.00086836686204152093 0.035859129282285032 -0.015194355619796075 0.012101460559640734 -0.0064076357927565514 0.015788870236655584 0.011029973133640791 0.0081240680644163715 -0.023460115774232588 -0.020953786030102287 -0.019964635160350856 0.0036574713554239193 0.0053298676173888478 -0.0033735382016970303 -0.016105747950297348 -0.0081940287526635295 0.0097817491857150295 -0.0042319149238844661 0.035681653932053713 -0.0078669840363846406 0.03811378985609469 0.082881856992013059 0.018864357358621995 -0.0018704052910246097 0.011636952980840821 0.03391342463037493 0.0029494593371506709 0.010302440623035862 -0.011345315870811529 -0.018582742581228395 0.00253348793932972
leaf_weight=2608.5739220101386 21.915909120813012 181.41247521527112 185.9830052703619 317.72080257162452 93.242261193692684 96.801054492592812 781.81296237185597 31.676787666976452 27.951094597578049 37.684470489621162 281.11828111857176 236.01659370400012 102.05547180213034 297.01059777662158 184.19663507305086 15.77051663212478 32.025530628859997 37.056562520563602 112.94612620025873 11.585242997854946 14.878684597089888 16.869894675910473 113.87812405265868 102.81446682661772 24.20697583258152 192.05548114329576 16.735514804720879 106.71946816518903 82.489716956391931 1100.9370846804231
leaf_count=21988 165 1729 924 1770 529 470 4370 212 146 197 1552 2854 967 3473 1795 150 179 234 564 68 161 202 970 466 119 971 229 1137 1192 6210
internal_value=0.000458098 0.00240704 -0.00232461 0.00236121 -0.000899413 -0.00226429 0.00528933 -0.00734601 -0.00355353 -0.000970267 0.00137132 -0.0012642 -0.00222968 -0.0067948 -0.000735191 0.00690436 0.0208263 0.00227687 0.00658156 -0.00217993 0.0374534 0.0504803 -0.0121745 0.0170079 0.00155155 0.0065555 -0.00331982 -5.3709e-05 -0.013169 0.00491464
internal_weight=7466.14 3065.01 1160.35 600.505 4401.13 414.522 1904.67 559.843 378.431 346.754 309.069 4307.89 3385.26 776.685 365.797 181.6 79.5446 922.626 469.08 453.547 47.5191 31.7486 410.889 139.871 329.209 216.262 441.961 342.736 99.2252 1882.75
internal_count=55993 17745 7000 3164 38248 2240 10745 3836 2107 1895 1698 37719 29885 7897 3454 1659 692 7834 2354 5480 513 363 4443 700 1654 1090 5412 3991 1421 10580
cat_boundaries=0 1 2 3 4 5 6 7 8
cat_threshold=10 1 241 91 7 616 148 657
is_linear=0
shrinkage=0.05


Tree=88
num_leaves=31
num_cat=6
split_feature=11 2 2 1 16 2 20 12 8 15 12 20 20 0 11 15 1 12 19 12 20 17 17 2 16 12 19 16 1 16
split_gain=6.39735 6.85429 12.2256 6.74502 5.69076 5.9511 5.75674 13.5478 7.04137 7.16005 6.41327 5.68235 5.65218 6.40321 8.70745 8.53992 7.18711 5.47971 5.44287 5.52576 5.48968 5.18517 10.7052 9.26771 5.38175 5.10211 10.2952 8.41724 8.02975 5.50595
threshold=0.55051020408163276 6.8139060314359963 6.8472406510597139 4.5000000000000009 0.088778941401121872 7.0542596573177931 0 49.500000000000007 1.0000000180025095e-35 40.500000000000007 21.500000000000004 1 2 2.5000000000000004 0.75735294117647067 11.500000000000002 14.500000000000002 52.500000000000007 3 40.500000000000007 4 6.9865572165361911 7.032531582329848 6.9583723443719903 0.21533579638752057 38.500000000000007 5 0.16064078827407255 6.5000000000000009 0.25600579491055686
decision_type=2 2 2 2 2 2 1 2 2 2 2 1 1 2 2 2 2 2 1 2 1 2 2 2 2 2 1 2 2 2
left_child=1 -1 18 -4 -5 11 25 8 9 -8 -10 -6 17 -14 -15 16 -16 -2 19 -3 -20 23 -23 24 -13 29 27 28 -27 -7
right_child=12 2 3 4 5 6 7 -9 10 -11 -12 21 13 14 15 -17 -18 -19 20 -21 -22 22 -24 -25 -26 26 -28 -29 -30 -31
leaf_value=-0.0016230032481817762 0.010858419814383175 0.010719927724848715 0.0050922165306189881 -0.022558828019197511 -0.0090932387486680789 0.0020173677148941638 -0.0067597180379905661 -0.018759487214303695 0.03299171491095023 0.010695920277047759 0.0049937204980255419 0.0087358656253465165 -0.0093530640570521212 -0.010856617247719268 0.012307480374331327 0.02412207578070218 -0.024352379962868768 -0.016627537231220322 0.016193253196122477 0.035720435439723239 -0.013462779089741972 0.024326394020224996 -0.014256231477121115 -0.020353555290621675 -0.010214119721328997 0.037211397259439193 -0.0025123835424055185 0.016552682448422583 -0.0028701000090651414 -0.013435875700097799
leaf_weight=3556.3374350573868 339.57338390499353 41.858315700665116 736.83837559260428 27.582900915294886 299.95325355790555 367.08044104464352 299.65926739946008 103.65020747482777 22.034167036414146 72.070078385993838 188.35511894337833 115.349460426718 115.43436595052481 54.625581748783588 33.127330664545298 71.446924075484276 20.988864973187447 18.283504512161016 16.22204820252955 48.85583882778883 25.702403608709574 52.812153071165085 26.197461813688278 57.960556937381625 54.304382000118494 12.914985794574021 205.92183768562973 268.14548052474856 121.58126736059785 67.344781279563904
leaf_count=28739 1906 294 4725 383 2191 2718 2256 786 115 506 1174 1011 764 261 173 369 111 104 126 398 203 287 141 621 338 125 1662 1798 1155 357
internal_value=0.00034657 -0.000108552 0.00155766 0.000918976 -0.000383986 -0.000112533 0.00138277 -0.00216497 0.000779778 -0.00335584 0.00806816 -0.00436945 0.00506759 -0.000198332 0.00567477 0.0128956 -0.00209484 0.00915654 0.0163651 0.0220256 -0.00100715 0.000544018 0.0115151 -0.0032742 0.00264587 0.00370056 0.00668686 0.0111716 0.00122495 -0.000403556
internal_weight=7442.21 6788.73 3232.39 3099.76 2362.92 2335.33 1728.76 685.769 582.119 371.729 210.389 606.577 653.48 295.623 180.189 125.563 54.1162 357.857 132.639 90.7142 41.9245 306.624 79.0096 227.614 169.654 1042.99 608.564 402.642 134.496 434.425
internal_count=55797 52109 23370 22349 17624 17241 12652 4837 4051 2762 1289 4589 3688 1678 914 653 284 2010 1021 692 329 2398 428 1970 1349 7815 4740 3078 1280 3075
cat_boundaries=0 1 2 3 4 5 6
cat_threshold=248 113 818 14 560 14
is_linear=0
shrinkage=0.05


Tree=89
num_leaves=31
num_cat=3
split_feature=12 17 4 20 9 16 17 0 17 17 12 1 9 4 20 16 1 1 17 12 11 3 15 16 16 20 4 4 1 10
split_gain=7.85876 7.37379 6.53384 9.95145 6.99639 6.38629 6.41397 7.01205 5.91069 5.43679 5.26239 5.52175 6.57798 5.18887 5.12614 6.56525 5.57451 5.88996 9.02309 7.09982 5.96777 5.66719 5.19365 5.35511 5.94646 5.05273 5.00587 7.15115 9.80056 7.34963
threshold=38.500000000000007 6.2513256811715161 23.555000000000003 0 9.5000000000000018 0.13061117602121067 6.8341195029606192 2.5000000000000004 6.0690503906046986 5.3543667921710467 25.500000000000004 14.500000000000002 57.500000000000007 32.985000000000007 1 0.14819100671715227 16.500000000000004 6.5000000000000009 7.6688437746066827 27.500000000000004 0.28220211161387637 1.5000000000000002 25.500000000000004 0.18670184433761158 0.17533943953700887 2 7.1350000000000007 6.5150000000000006 2.5000000000000004 2.5000000000000004
decision_type=2 2 2 1 2 2 2 2 2 2 2 2 2 2 1 2 2 2 2 2 2 2 2 2 2 1 2 2 2 2
left_child=2 25 4 8 14 -6 -7 10 9 13 -8 12 -12 -4 15 -1 17 18 22 20 21 -19 23 24 -17 26 27 28 -2 -29
right_child=1 -3 3 -5 5 6 7 -9 -10 -11 11 -13 -14 -15 -16 16 -18 19 -20 -21 -22 -23 -24 -25 -26 -27 -28 29 -30 -31
leaf_value=0.017259122347596655 0.031958238934858094 -7.3180576854995168e-05 0.034903333103894089 0.0023967796214332485 -0.019635149009336231 -0.0070956096767634856 0.02924343585539645 -0.0058240300440761256 0.021933866752707067 -0.01593768807563228 0.013014494073279896 0.023205626920084838 -0.022672183683718053 -0.0090128841969183675 -3.3692380055681596e-06 0.0065666795927542335 0.010931264611439191 -0.034571782392412403 0.039951767952452776 0.0032761729967368796 0.0033314014710277375 -0.0083898575060773212 -0.013133229844558066 0.014242288372156639 -0.027673593488947767 -0.0080463453959830882 -0.0039528770665967243 0.0083543169199075829 -0.003691265148650355 0.072811112070611889
leaf_weight=98.28647224791348 22.10311627946794 2891.1375917717814 15.17301604524255 565.90251519158483 59.885982226580381 300.27600657753646 33.058764196932316 90.863325037062168 133.82770495861769 22.692194707691669 25.617634683847427 27.254270829260349 24.135704472661018 10.937641432508824 1254.5082029402256 36.838631989434361 178.86416325345635 38.172312632203102 17.683721229434013 138.25142356939614 37.297588966786861 45.586716648191214 36.805135384202003 101.95279267430305 18.118777483701706 577.234190069139 546.83048283308744 11.14080683514476 115.61259279213846 6.6796007417142382
leaf_count=934 248 15779 245 3767 738 2529 150 418 624 120 126 138 116 154 8849 262 1177 262 75 955 203 300 222 567 121 7261 7722 170 1714 94
internal_value=-2.84359e-05 -0.00147224 0.00178962 0.00589607 0.000588704 -0.00434105 -0.0024782 0.00442318 0.0156824 0.00159229 0.0128589 0.00554038 -0.00440299 0.0168531 0.00197157 0.00521052 0.00344381 0.000581505 0.00675905 -0.00446132 -0.0132523 -0.0205891 0.00353937 0.00750852 -0.00501473 -0.00463077 -0.001678 0.00618691 0.00221955 0.0350996
internal_weight=7482.73 4170.74 3311.99 748.533 2563.46 561.092 501.206 200.93 182.631 48.8029 110.066 77.0076 49.7533 26.1107 2002.37 747.858 649.571 470.707 211.399 259.308 121.057 83.759 193.715 156.91 54.9574 1279.6 702.367 155.536 137.716 17.8204
internal_count=56040 32988 23052 4910 18142 4215 3477 948 1143 519 530 380 242 399 13927 5078 4144 2967 1247 1720 765 562 1172 950 383 17209 9948 2226 1962 264
cat_boundaries=0 1 2 3
cat_threshold=264 549 566
is_linear=0
shrinkage=0.05


Tree=90
num_leaves=31
num_cat=3
split_feature=19 12 16 12 2 18 9 15 12 4 17 4 15 11 19 4 16 2 9 2 15 3 11 11 4 11 11 16 2 11
split_gain=9.98265 8.73623 6.71608 10.1346 5.71194 5.60938 5.5061 9.2599 5.46397 5.42784 4.7268 6.03391 5.23416 5.87614 4.62524 7.72562 7.18298 5.06574 14.6786 12.6654 4.96866 4.68777 5.03479 9.04406 7.99856 4.84555 7.64449 4.74815 4.58961 4.42816
threshold=0 21.500000000000004 0.34650159489633175 46.500000000000007 8.9415198586045168 1 5.5000000000000009 57.500000000000007 38.500000000000007 49.885000000000012 7.3658824109867433 35.445000000000007 2599.5000000000005 0.14492955979424421 2 20.785000000000004 0.19370285714285718 7.5354541909458073 11.500000000000002 7.8052484351647839 38.500000000000007 3.5000000000000004 0.37557339449541288 0.58898944193061853 10.855000000000002 0.11432760787599498 0.13796362688221112 0.23208940719144802 7.4022289342864838 0.071714285714285717
decision_type=1 2 2 2 2 1 2 2 2 2 2 2 2 2 1 2 2 2 2 2 2 2 2 2 2 2 2 2 2 2
left_child=6 -2 4 8 5 9 7 -1 -4 -3 11 12 14 -14 15 17 28 21 19 -19 -17 22 25 24 -24 27 -27 -7 -16 -8
right_child=1 2 3 -5 -6 10 29 -9 -10 -11 -12 -13 13 -15 16 20 -18 18 -20 -21 -22 -23 23 -25 -26 26 -28 -29 -30 -31
leaf_value=-0.0031961916895268229 0.0068117134482721222 0.0014309531736814757 0.0088162709532748629 -0.0098103663423888127 0.021265773577156765 -0.00096627175559358671 -0.02779922795036199 0.035625881270370661 0.031960592049611526 0.02236496266458754 0.0017428936421710656 0.0056820101688208544 0.023823078695951648 -0.0057639822658461497 -0.0074372106360316853 -0.01321754507746644 -0.0015160914388149753 0.092594719395555872 -0.038940092486997951 0.0097173179967609633 0.0063515752016249597 -0.0091086805385930322 -0.003704580802082318 0.0081804920999947444 -0.046181565571963172 0.047244620207087196 0.0086032950385913146 0.015560031097504094 -0.024044887701446218 -0.0082665543977543769
leaf_weight=688.60285721346736 527.88102917186916 2126.4667146671563 60.068189635872841 42.55077076330781 29.923293886706233 285.29846890084445 31.978599347174168 14.713606107980011 44.77135868743062 30.428755367174745 856.16779213398695 206.58679354377091 36.339844822883606 29.898028269410133 811.37775939516723 158.99770533293486 717.44834858551621 7.2628643531352344 6.1133776772767296 11.033872196450828 40.036672027781606 95.809261994436383 23.561002619564533 42.18978239223361 20.250773586332798 13.358454726636408 126.47579266130924 50.253341596573591 43.123104808852077 261.91577994078398
leaf_count=5456 3184 15227 293 223 178 2675 448 114 233 199 4205 1534 377 325 7896 1296 5148 153 131 241 366 782 143 255 122 113 998 339 1063 2164
internal_value=-6.90899e-05 0.000653839 0.000104403 0.0106073 -0.000165752 -0.000281193 -0.00469592 -0.00233459 0.0189086 0.0017285 -0.00149227 -0.00251431 -0.00318854 0.0105812 -0.00356458 -0.00062136 -0.00517515 0.00190461 0.023811 0.045709 -0.00926905 0.00105601 0.00280387 -0.00826501 -0.0239308 0.00481948 0.012604 0.00154764 -0.00830246 -0.010479
internal_weight=7440.88 6443.67 5915.79 147.39 5768.4 5738.48 997.211 703.316 104.84 2156.9 3581.58 2725.42 2518.83 66.2379 2452.59 880.641 1571.95 681.607 24.4101 18.2967 199.034 657.197 561.388 86.0016 43.8118 475.386 139.834 335.552 854.501 293.894
internal_count=55881 47699 44515 749 43766 43588 8182 5570 526 15426 28162 23957 22423 702 21721 7614 14107 5952 525 394 1662 5427 4645 520 265 4125 1111 3014 8959 2612
cat_boundaries=0 1 2 3
cat_threshold=1 4 12
is_linear=0
shrinkage=0.05


Tree=91
num_leaves=31
num_cat=6
split_feature=0 10 10 17 17 11 1 18 19 20 12 8 20 12 2 1 11 17 8 20 11 11 11 8 10 1 1 17 20 2
split_gain=6.87777 15.9546 5.58822 9.26602 6.06602 5.40479 5.19646 5.04386 7.16731 9.43826 7.943 6.44573 7.3904 5.79052 6.22936 8.08411 5.53286 6.40742 5.08376 4.78917 4.74925 4.79262 4.70944 6.03756 5.72734 5.37328 10.3439 7.95382 6.08959 5.52385
threshold=1.5000000000000002 1.5000000000000002 70.500000000000014 6.129017529728654 7.320073517319126 0.087002677005446324 22.500000000000004 0 1 2 40.500000000000007 1.0000000180025095e-35 3 43.500000000000007 7.0316043233489474 6.5000000000000009 0.37557339449541288 6.5699371370119932 1.0000000180025095e-35 4 0.25904139433551204 0.41692229038854811 0.53923076923076929 1.0000000180025095e-35 3.5000000000000004 15.500000000000002 18.500000000000004 7.4697111830534704 5 7.9184230258600969
decision_type=2 2 2 2 2 2 2 1 1 1 2 2 1 2 2 2 2 2 2 1 2 2 2 2 2 2 2 2 1 2
left_child=1 -1 7 -4 -5 -3 -7 8 9 -2 20 19 -13 14 18 -16 17 -15 -11 -12 -10 -22 23 -9 -24 29 27 -27 -28 -25
right_child=2 5 3 4 -6 6 -8 22 10 13 11 12 -14 16 15 -17 -18 -19 -20 -21 21 -23 24 25 -26 26 28 -29 -30 -31
leaf_value=-0.0053959092385007885 -0.0074069076329545541 0.021634509880394753 0.019511756829565328 -0.029029343289686944 0.0044772174836496788 0.0017917127089808749 0.024613071761928153 -0.0013505913959660368 0.01317095711483484 0.022613797571116409 0.0056818382522300613 0.024383610858345974 -0.006888891507656392 0.044524098070082251 0.019800214399475151 -0.011237951323160595 0.00048549551361083118 0.017966860677538075 -0.001031187224828822 -0.01555865592694371 -0.022934123909363044 0.0069752093001690541 0.0027698213628032835 -0.00058945128839544333 0.017142477201376804 0.022423647288916691 -0.010393640645791576 -0.0090958028094865351 0.0059495610216053199 0.014360369575561104
leaf_weight=1414.8881524931639 66.076255558058619 38.545538850128651 18.038257196545601 49.096539281308651 18.162457019090652 680.9911533780396 24.905176462605596 2634.4642552826554 123.04172918386757 75.640927534550428 31.521172281354666 21.513421252369881 39.198756393045187 30.663641327992082 29.178614096716046 67.853171771392226 28.523559454828501 91.47121450304985 32.198376961052418 123.67358378134668 20.569830987602472 34.483328949660063 418.43783205002546 787.47876254096627 82.220255728811026 131.64882881194353 69.03961724601686 23.007961139082909 188.65577442385256 66.044434018433094
leaf_count=15201 376 503 208 290 91 6147 247 18400 754 442 207 123 228 302 150 376 142 454 169 818 104 176 2264 4603 403 808 417 101 1122 348
internal_value=9.83918e-05 -0.00227971 0.00106718 -0.0115532 -0.0200483 0.00364225 0.00263057 0.00127571 0.00485979 0.00933259 -4.98614e-05 -0.00648555 0.00724299 0.0125726 0.00739629 -0.00179764 0.0203454 0.0249419 0.0156093 -0.0118681 0.00774208 -0.00440977 0.000598143 1.29796e-05 0.00515963 0.00284959 0.00752883 0.0177063 0.00137599 0.000582796
internal_weight=7461.23 2159.33 5301.9 85.2973 67.259 744.442 705.896 5216.61 815.608 421.606 394.002 215.907 60.7122 355.53 204.871 97.0318 150.658 122.135 107.839 155.195 178.095 55.0532 4401 3900.34 500.658 1265.88 412.352 154.657 257.695 853.523
internal_count=55974 22098 33876 589 381 6897 6394 33287 4821 2411 2410 1376 351 2035 1137 526 898 756 611 1025 1034 280 28466 25799 2667 7399 2448 909 1539 4951
cat_boundaries=0 1 2 3 4 5 6
cat_threshold=8 28 516 525 544 672
is_linear=0
shrinkage=0.05


Tree=92
num_leaves=31
num_cat=3
split_feature=18 17 4 17 4 19 4 4 4 4 10 16 2 2 2 11 15 10 0 15 14 2 17 1 19 4 16 16 17 1
split_gain=6.34086 7.0439 8.585 6.60233 7.16191 5.87986 6.43786 7.15687 5.22676 5.58019 6.78968 4.89613 4.82899 4.79782 5.27974 5.71421 4.66952 5.773 8.92033 5.72796 6.33859 6.07315 8.21001 5.10814 4.95319 11.5907 6.17561 6.47202 6.26503 6.26378
threshold=0 7.2787324551078454 10.945000000000002 1.0000000180025095e-35 28.385000000000002 1 49.885000000000012 44.595000000000006 20.785000000000004 18.205000000000002 3.5000000000000004 0.36884455782312936 6.663936970095321 7.4408540051066021 7.5846663645498458 0.17565209441891608 6.5000000000000009 4.5000000000000009 2.5000000000000004 28.500000000000004 1.0000000180025095e-35 7.0466907928514368 6.9865572165361911 18.500000000000004 2 4.0750000000000011 0.126784265010352 0.1596340327295577 5.992326673418833 20.500000000000004
decision_type=1 2 2 2 2 1 2 2 2 2 2 2 2 2 2 2 2 2 2 2 2 2 2 2 1 2 2 2 2 2
left_child=1 5 -3 4 8 -1 7 11 9 -2 -11 16 -8 -4 -15 -16 23 19 -19 20 -18 22 24 -7 25 -22 -27 28 -28 -29
right_child=3 2 13 -5 -6 6 12 -9 -10 10 -12 -13 -14 14 15 -17 17 18 -20 -21 21 -23 -24 -25 -26 26 27 29 -30 -31
leaf_value=-0.0042101837726235148 -0.0088746428715986529 0.015158688120755659 0.0096283529566581535 -0.00038885986996254159 0.0078904780111676686 0.0075283522287286951 0.0042123939706730932 -0.020691194030236486 -0.022420750119749911 0.00028197371078697055 0.055051816012669896 0.019287572357145122 0.037837185492452102 -0.013567707129628098 0.010735802620130096 -0.013546080556406426 0.011872566208460254 0.010468477912562094 -0.003359878982055824 -0.0057475438426604596 -0.025159193685955591 -0.008539216080755958 0.023079957748676036 -0.0037192510659547458 -0.0023504894080994005 -0.015455345007145889 -0.002175159478811427 0.0093399999917774829 0.037208678516410042 -0.016700778875405681
leaf_weight=479.84013803303242 302.84121280908585 201.52015689015388 120.596136495471 3010.675816398114 69.950486987829208 500.97318191081285 21.995900670066476 35.158094052225351 63.556696152314544 23.648030415177349 6.44277156330645 38.014465592801571 20.283610615879297 72.622836358845234 80.898201450705528 33.451451078057289 115.58855253458023 303.81324449367821 188.25984792225063 457.3939116243273 27.890264887362719 189.06637221388519 40.137385278940201 125.69727804884315 629.59622514434159 25.021314090117812 13.814714608713983 214.13080159574747 35.488528817892075 24.94861987605691
leaf_count=3819 7130 972 575 17278 1348 3312 142 246 1501 569 143 191 135 353 392 144 710 2514 1096 3704 212 1614 204 876 4642 274 234 1362 216 178
internal_value=0.000315938 0.00167197 0.0071642 -0.00124379 -0.00677601 0.000873117 0.0016937 0.00141938 -0.00937688 -0.00682712 0.0134023 0.00169168 0.0208454 0.00189403 -0.00311925 0.00357661 0.00145378 0.000396145 0.00518187 -0.000934185 0.000742261 -0.00033876 0.00120168 0.00526998 0.0002744 0.00503102 0.00794919 0.0100263 0.0263495 0.00656433
internal_weight=7473.32 3996.2 509.089 3477.12 466.439 3487.11 3007.27 2964.99 396.489 332.932 30.0908 2929.83 42.2795 307.569 186.972 114.35 2891.82 2265.15 492.073 1773.08 1315.68 1200.09 1011.03 626.67 970.89 341.294 313.404 288.383 49.3032 239.079
internal_count=56086 28117 2436 27969 10691 25681 21862 21585 9343 7842 712 21339 277 1464 889 536 21148 16960 3610 13350 9646 8936 7322 4188 7118 2476 2264 1990 450 1540
cat_boundaries=0 1 2 3
cat_threshold=12 1 24
is_linear=0
shrinkage=0.05


Tree=93
num_leaves=31
num_cat=6
split_feature=18 0 11 2 20 17 2 16 16 4 2 20 16 12 17 16 4 17 17 17 16 19 4 20 16 18 4 16 15 2
split_gain=7.04752 9.59084 8.94284 6.78886 6.44312 8.33807 7.1733 6.23703 5.96189 5.78516 6.10205 5.6595 6.59795 5.51133 5.44909 5.68251 5.43044 5.37676 5.86504 5.73745 5.54744 5.00161 5.36144 5.26617 4.83327 5.2069 4.78381 4.59024 5.88286 4.57372
threshold=0 1.5000000000000002 0.052982456140350888 6.8194649025882876 1 8.2193260531337362 8.2329465426725736 0.31975053742427212 0.15312728087804547 46.025000000000013 5.9171180846167273 2 0.12493673798021626 29.500000000000004 7.1275572533131113 0.169546037019459 12.475000000000003 6.9239730568113549 6.5948442834612004 6.2836956317032788 0.11686612569291392 3 9.6550000000000029 4 0.12073906159574586 5 37.855000000000011 0.25325037125037125 6.5000000000000009 6.9008817099882735
decision_type=1 2 2 2 1 2 2 2 2 2 2 1 2 2 2 2 2 2 2 2 2 1 2 1 2 1 2 2 2 2
left_child=3 2 17 -1 6 -6 7 9 -7 10 16 12 -5 14 15 -14 -3 18 19 -2 -21 23 -23 -19 -24 -26 -12 28 -10 -15
right_child=1 4 -4 11 5 8 -8 -9 27 -11 26 -13 13 29 -16 -17 -18 21 -20 20 -22 22 24 -25 25 -27 -28 -29 -30 -31
leaf_value=0.00048131258891356051 -0.012185253834415603 0.0075375561476305883 -7.8889255494566675e-05 -0.017679202456210973 -0.0012354474502437431 0.034438575210935088 -0.015933271341370733 -0.018681617118284595 0.019238790809373869 -0.022246193523788434 0.0055697493417015409 0.0027719704433839688 -0.0065779893991579665 0.024874885969798359 0.04195602446051596 0.027076127325119232 0.039334691232228429 -0.0075214230789008409 -0.023208054985927738 0.030946159954591709 -0.0031370115112113028 0.0042469496658760339 -0.041953423933251882 0.0096885623136059931 0.0055126996909293687 -0.020788158818929366 0.031965006711478436 0.022251677954196674 -0.0087968963950532525 0.0056938966897049255
leaf_weight=1839.5697706341743 272.22322036139667 26.639162627980113 619.69504643417895 17.581640111282468 2517.1148272119462 22.322177976369858 37.413603994995356 22.959957834333181 26.742685317993164 15.096706613898276 496.32590039633214 630.57860947959125 19.75916675105691 36.706426255404949 27.756775215268135 31.849780444055796 27.329500978812575 64.906552389264107 88.27190900593996 13.66640419512987 63.444767639040947 39.357770957052708 16.020811304450035 99.684589259326458 28.93949481844902 38.145120702683926 16.844253372400999 32.521785333752632 56.479621455073357 183.15088699199259
leaf_count=13285 5369 213 5954 211 16950 111 211 120 114 86 3297 4207 173 268 123 199 229 392 613 123 451 256 128 594 155 221 101 136 254 1302
internal_value=0.000262729 -0.000930468 -0.00449032 0.00224511 0.000518819 -0.000575282 0.00496517 0.00636319 0.0113413 0.00738114 0.00820756 0.00568949 0.0110352 0.0131432 0.0243812 0.0143111 0.0240621 -0.00825746 -0.0117404 -0.00878472 0.00322239 -0.00292548 -0.0100713 0.00285578 -0.0180196 -0.0117716 0.00649663 0.00662997 0.000333563 0.0089944
internal_weight=7429.1 4642.15 1344.36 2786.95 3297.79 2655.18 642.609 605.195 138.066 582.236 567.139 947.383 316.805 299.223 79.3657 51.6089 53.9687 724.661 437.606 349.334 77.1112 287.054 122.463 164.591 83.1054 67.0846 513.17 115.744 83.2223 219.857
internal_count=55846 36078 14256 19768 21822 17565 4257 4046 615 3926 3840 6483 2276 2065 495 372 442 8302 6556 5943 574 1746 760 986 504 376 3398 504 368 1570
cat_boundaries=0 1 2 3 4 5 6
cat_threshold=4 14 672 6 519 2
is_linear=0
shrinkage=0.05


Tree=94
num_leaves=31
num_cat=7
split_feature=11 9 0 16 18 3 1 1 20 4 4 1 16 20 2 20 18 14 19 16 16 2 5 9 1 1 19 1 0 4
split_gain=6.27238 15.6011 9.74929 7.0959 6.53161 6.71978 6.51818 6.40927 6.35722 8.96912 6.50568 6.45745 5.64368 6.77606 5.55672 5.43959 5.42177 7.97275 5.70676 7.37971 5.31408 5.76054 6.40777 5.83873 6.97767 5.3376 5.02019 6.22536 5.01672 4.87848
threshold=0.12344124140933546 4.5000000000000009 2.5000000000000004 0.12920692034934914 0 1.5000000000000002 22.500000000000004 1.5000000000000002 1 33.985000000000007 36.505000000000003 22.500000000000004 0.27562475759534588 2 8.1400545600687746 3 4 1.0000000180025095e-35 5 0.15611560997087318 0.11069454921208992 8.0964063016344205 1.0000000180025095e-35 9.5000000000000018 16.500000000000004 10.500000000000002 6 4.5000000000000009 1.5000000000000002 15.895000000000001
decision_type=2 2 2 2 1 2 2 2 1 2 2 2 2 1 2 1 1 2 1 2 2 2 2 2 2 2 1 2 2 2
left_child=1 2 8 -4 6 7 20 -6 9 11 -11 16 -5 -14 -2 -16 -1 -18 19 -19 26 22 -22 24 25 -24 -3 -28 -21 -7
right_child=14 4 3 12 5 29 -8 -9 -10 10 -12 -13 13 -15 15 -17 17 18 -20 28 21 -23 23 -25 -26 -27 27 -29 -30 -31
leaf_value=0.0044312634590310193 0.001475549936503155 0.017225872719190932 0.028859610450490937 0.0017071299002646588 0.027191616221908056 -0.013433199069502591 0.0348945775223043 -0.009519730255869014 -0.0040305017661289837 0.043565573702611771 0.0094344103602899895 -0.022173924889119026 0.021832008253255354 0.0017255602597003078 0.0006014576297141155 0.020962800537404742 0.020392406745931249 0.027198538937841445 -0.010346677873000427 -0.022082473001368123 -0.026775297176131637 -0.034334643979686372 0.0092881626983321863 -0.010206596405246189 0.034500489369122547 -0.023010436997437829 0.023154281422137754 -0.020733013644011155 0.0048241492938004135 -0.031387943120325661
leaf_weight=431.54506024159491 3009.9133315142244 36.750634549185634 25.795956898480654 1257.4684102106839 12.468563083559273 90.481768658384681 9.7898587547242624 101.91248219646513 1354.2100808937103 17.301746916025877 62.644954282790422 31.062412848696113 70.706293050199747 104.181246381253 71.215791391208768 62.999131839722395 29.971163414418697 24.749814802780747 224.82607210427523 24.176823105663061 30.453181263059378 18.71551720239222 41.537806242704391 99.486342675983906 17.874406650662422 17.292274206876755 10.491928489878772 26.592196961864829 54.720959879457951 67.672730386257172
leaf_count=3397 20279 491 170 7302 103 1113 121 1234 12313 124 448 304 363 575 468 354 219 264 2134 243 787 155 255 674 125 119 102 353 434 785
internal_value=0.000224957 -0.00101719 0.000176179 0.00336103 -0.00862484 -0.0141 -0.0032073 -0.00531688 -0.00188363 0.00137349 0.0172679 -0.000176581 0.002882 0.0112718 0.00192152 0.011838 0.000715295 -0.00377659 -0.00615169 0.00360406 -0.00467295 -0.00847924 -0.00598347 -0.00225893 0.00804794 -0.000431475 0.00690273 -0.00636347 -0.0035941 -0.0212648
internal_weight=7439.01 4294.88 3713.36 1458.15 581.52 272.536 308.984 114.381 2255.21 900.999 79.9467 821.052 1432.36 174.888 3144.13 134.215 789.99 358.445 328.474 103.648 299.194 225.36 206.644 176.191 76.7045 58.8301 73.8348 37.0841 78.8978 158.154
internal_count=55808 34707 28290 8410 6417 3235 3182 1337 19880 7567 572 6995 8240 938 21101 822 6691 3294 3075 941 3061 2115 1960 1173 499 374 946 455 677 1898
cat_boundaries=0 1 2 3 4 5 6 7
cat_threshold=6 840 564 682 6 12 18
is_linear=0
shrinkage=0.05


Tree=95
num_leaves=31
num_cat=4
split_feature=18 0 15 16 4 4 20 15 10 10 17 16 16 20 4 10 4 12 16 17 4 4 15 8 4 3 4 20 12 16
split_gain=6.32671 5.88063 7.43436 7.77081 8.82996 6.6326 5.99212 6.70423 5.82479 5.37302 5.26253 8.19689 5.17795 7.28093 6.81075 7.26238 5.2184 5.19024 8.56583 5.36232 5.21445 5.17327 5.4707 8.07818 12.6594 5.75846 5.48002 5.07077 7.13048 6.68776
threshold=0 2.5000000000000004 28.500000000000004 0.17151600703372835 2.4050000000000007 30.015000000000004 1 30.500000000000004 4.5000000000000009 2.5000000000000004 7.4164356032332881 0.17300291496725859 0.1461673334915318 2 31.855000000000004 541.50000000000011 47.685000000000009 42.500000000000007 0.16457955047357317 6.7119289417385266 11.325000000000001 27.115000000000006 35.500000000000007 1.0000000180025095e-35 15.345000000000001 1.5000000000000002 11.405000000000003 3 46.500000000000007 0.19779223602484478
decision_type=1 2 2 2 2 2 1 2 2 2 2 2 2 1 2 2 2 2 2 2 2 2 2 2 2 2 2 1 2 2
left_child=12 9 3 5 -5 -3 -4 -8 27 -2 -9 -12 14 16 15 -1 17 -14 -19 20 -20 22 23 24 25 -21 -25 28 29 -6
right_child=1 2 6 4 8 -7 7 10 -10 -11 11 -13 13 -15 -16 -17 -18 18 19 21 -22 -23 -24 26 -26 -27 -28 -29 -30 -31
leaf_value=0.0028279683105764761 -0.0041782182382189984 0.0077596325981524926 0.0007773954452206717 -0.021881760825644966 -0.0031190343990439113 0.033269172444666144 -0.037800639247825417 -0.011641909114665637 0.022653417167344453 0.0011452080047415784 0.030311173797307189 -0.0071770348548368286 -0.00043061027945723188 -0.0021534859929477385 0.023109875494520669 0.036240947395227423 0.028930542690702988 -0.0099508381972370271 0.012730204544313804 0.018362520814902278 -0.00086339785948387872 0.034930996994763527 -0.0086363808849309245 -0.017503826783843733 -0.0044292864969177337 0.052142965384135265 0.015673623640665657 -0.0025849438539802057 -0.0046548678737800197 0.011458227251950445
leaf_weight=420.68042653053999 2112.6833541411906 195.08392259851098 310.9905532989651 39.773662645369768 104.59873966500163 28.538435287773609 18.67392960563302 189.2537635397166 31.545624323189259 610.54179306142032 20.328941337764263 45.248627945780754 547.4607054553926 1202.8520544469357 52.105230741202831 15.931353382766245 18.778920885175467 68.527749553322792 117.37329729646444 22.821003243327141 174.32015065848827 28.307271122932434 26.432979941368103 22.802260130643845 24.014958471059799 32.430850476026535 25.087242186069489 482.51293279603124 157.7491694483906 312.10678585991263
leaf_count=4237 19419 1339 1922 229 594 170 119 1327 161 5244 115 199 3309 8000 438 151 111 579 875 111 1273 126 124 103 118 160 114 2747 917 1710
internal_value=-0.000357066 -0.00148414 0.000618992 0.00265572 0.000964054 0.0111487 -0.00408835 -0.00929342 0.00181814 -0.00298473 -0.0074281 0.00472497 0.00151834 0.000533937 0.00619411 0.00412719 0.00343821 0.00300425 0.00646738 0.00885903 0.00463128 0.0155763 0.0118063 0.0160901 0.0257865 0.0387649 -0.000158501 0.00117548 0.0043032 0.00780043
internal_weight=7459.56 4659.63 1936.41 1351.91 1128.29 223.622 584.496 273.505 1088.51 2723.23 254.831 65.5776 2799.93 2311.21 488.717 436.612 1108.36 1089.58 542.118 473.59 291.693 181.897 153.589 127.156 79.2668 55.2519 47.8895 1056.97 574.455 416.706
internal_count=56041 36212 11549 7867 6358 1509 3682 1760 6129 24663 1641 314 19829 15003 4826 4388 7003 6892 3583 3004 2148 856 730 606 389 271 217 5968 3221 2304
cat_boundaries=0 1 2 3 4
cat_threshold=4 932 850 601
is_linear=0
shrinkage=0.05


Tree=96
num_leaves=31
num_cat=8
split_feature=18 19 20 17 20 10 11 10 2 17 9 17 12 19 20 11 0 1 9 12 12 17 1 3 20 12 10 20 12 11
split_gain=6.37092 5.90021 8.58432 6.36766 5.47511 4.03374 8.64028 4.67211 5.86839 4.64853 3.75611 7.92428 3.7008 3.69708 12.5615 6.74466 6.69189 6.2917 6.76195 6.06298 8.15282 10.1561 6.27277 7.04473 5.66455 6.0503 5.55348 5.40973 5.15183 5.27364
threshold=0 1 2 7.8882594728376789 3 365.50000000000006 0.14587986568834724 509.50000000000006 6.6256509550632652 6.9743947166044844 1.5000000000000002 7.1713111407895473 29.500000000000004 4 5 0.14804272286790338 1.5000000000000002 15.500000000000002 1.5000000000000002 51.500000000000007 43.500000000000007 7.2388272394731485 9.5000000000000018 2.5000000000000004 6 43.500000000000007 1.5000000000000002 7 26.500000000000004 0.14477091086040303
decision_type=1 1 1 2 1 2 2 2 2 2 2 2 2 1 1 2 2 2 2 2 2 2 2 2 1 2 2 1 2 2
left_child=13 2 10 5 12 -3 7 -7 -9 -10 -2 -12 -5 14 16 17 -1 28 27 20 21 22 23 -17 25 -20 -22 -19 -15 -30
right_child=1 3 -4 4 -6 6 -8 8 9 -11 11 -13 -14 15 -16 19 -18 18 24 -21 26 -23 -24 -25 -26 -27 -28 -29 29 -31
leaf_value=0.0091219663693287729 0.0014818910577270713 -0.0026365488578531681 0.0080959820043286987 -0.00058818407978557469 0.00017860462510135248 0.025444790898627275 -0.032162589221925823 0.027303669424111394 -0.034914852200613786 0.0085559826080871103 -0.026879237620850573 0.0092501877091417332 0.018542470238122132 -0.016984810779738593 0.0066195394094910242 0.014171582197998585 -0.0070632189145419418 -0.005849968411738302 0.029850773296131991 -0.014805578156238817 0.0033032974006133166 0.028787751192283984 -0.0091794582483935138 -0.013399408096133564 -0.013990995443659233 -0.011356762227563473 0.0211030644065201 0.013902475234345152 -0.0026615875874376423 -0.031174486021827222
leaf_weight=78.766774861142039 67.787076024338603 3628.6827670671046 353.40466293692589 34.788549408316612 302.51266099512577 40.95971504971385 10.613378886133431 12.351401835680006 11.679701253771784 11.32550512254238 45.280783196911216 21.965970955789089 90.908249273896217 82.499984595924616 1024.2696755509824 81.732507660984993 320.75741808116436 42.610346166417003 18.757242884486914 36.199877928942442 71.44194726832211 28.24314059317112 144.3788223490119 31.286509409546852 65.972954660654068 15.470849122852085 114.12051042541862 132.86667942442 502.29952707886696 15.773692172020672
leaf_count=739 431 29527 2751 158 1439 379 104 134 164 58 364 106 430 553 7241 464 1872 329 176 239 450 123 899 178 667 159 725 922 3948 133
internal_value=4.24675e-05 -0.00109592 0.00404574 -0.00171109 0.00405199 -0.00238077 0.00820461 0.0141619 0.000750597 -0.0140492 -0.00636577 -0.015115 0.0123131 0.0019176 0.00369948 6.93031e-05 -0.00376351 -0.00258586 0.00365865 0.00465202 0.00617503 0.000862319 -0.00230137 0.00648866 -0.00666213 0.00890406 0.0143046 0.00955639 -0.00545356 -0.0035881
internal_weight=7439.71 4632.26 488.438 4143.82 428.209 3715.61 86.9297 76.3163 35.3566 23.0052 135.034 67.2468 125.697 2807.45 1423.79 1383.65 399.524 876.251 275.678 507.403 471.203 285.641 257.398 113.019 100.201 34.2281 185.562 175.477 600.573 518.073
internal_count=55862 36045 3652 32393 2027 30366 839 735 356 222 901 470 588 19817 9852 9965 2611 6887 2253 3078 2839 1664 1541 642 1002 335 1175 1251 4634 4081
cat_boundaries=0 1 2 3 4 5 6 7 8
cat_threshold=4 8 772 208 28 73 545 530
is_linear=0
shrinkage=0.05


Tree=97
num_leaves=31
num_cat=5
split_feature=14 1 17 20 20 15 15 16 16 9 1 10 15 2 1 9 15 20 19 2 16 15 15 13 16 2 2 10 11 19
split_gain=4.62138 7.16349 4.38438 8.14548 4.02826 3.95042 12.7311 5.90599 4.40333 3.62984 3.61238 6.56718 5.71388 9.78356 4.86429 7.98184 6.46765 6.05448 5.82994 6.9293 6.95777 6.44391 5.18142 6.06924 4.61455 4.0951 5.2202 7.19358 8.32283 4.07053
threshold=1.0000000180025095e-35 1.0000000180025095e-35 8.4721340752570651 0 1 41.500000000000007 32.500000000000007 0.3357318877551021 0.28222858731924366 33.500000000000007 4.5000000000000009 538.50000000000011 6.5000000000000009 8.1833903816411233 2.5000000000000004 5.5000000000000009 49.500000000000007 2 3 6.5151422277991964 0.16690895386926499 14.500000000000002 11.500000000000002 1.0000000180025095e-35 0.3047499018838305 6.0706453447156923 6.5610235935107104 8.5000000000000018 0.11432760787599498 4
decision_type=2 2 2 1 1 2 2 2 2 2 2 2 2 2 2 2 2 1 1 2 2 2 2 2 2 2 2 2 2 1
left_child=1 -1 10 -4 -3 6 8 9 -6 -7 11 12 -2 14 16 17 18 -16 -14 20 -20 -22 23 -19 -17 -18 -27 28 -28 -12
right_child=2 4 3 -5 5 7 -8 -9 -10 -11 29 -13 13 -15 15 24 25 22 19 -21 21 -23 -24 -25 -26 26 27 -29 -30 -31
leaf_value=0.029874595143005056 0.0070546650780640881 0.0072478967739685526 0.022510930364177752 -0.0031397240734462751 -0.0023910319538153354 0.0083836147657536785 -0.041912976587882005 -0.012166022267982031 0.023344048292113076 0.038867417474328224 0.00034022544269710119 0.033800410220604302 -0.0021455298061124114 0.028438795458104373 -0.0014853416734750199 -0.0074360587327687595 -0.01285724403352401 0.022651700820710875 -0.023428350174446805 -0.020713567300117895 -0.0143306579083473 0.023816981840711453 0.019268677624409491 -0.013378420843128272 0.018434167759229979 0.02293196090678799 -0.0029923459512159641 -0.0070612925842606124 0.04598614034105411 -0.0024779069634821359
leaf_weight=25.20202324539423 344.06776462681592 288.05427245609462 47.988780111074448 65.821580074727535 211.14379903487861 24.543144138529897 19.072129730135202 18.868949204683304 17.034734547138214 16.072013858705759 2622.7122443635017 14.75779492035508 379.59856626391411 28.097858881577849 109.17672089673579 173.10055855102837 26.007137805223465 17.668678244575858 21.839133609086275 120.95409714430571 16.481256935745478 29.710506118834019 132.21131588704884 30.258173504844308 18.175347693264484 42.261059902608395 17.636697961017489 68.823639655485749 15.852149702608584 2495.2079162746668
leaf_count=142 2212 1741 215 311 1345 157 130 89 82 99 20444 121 2491 209 718 1247 192 116 220 822 98 188 884 206 92 302 142 452 92 20533
internal_value=0.000151528 0.00428143 -0.000223472 0.00946512 0.00314869 -0.000917617 -0.00373623 0.0105145 -0.000376296 0.0210906 -0.00038883 0.00167881 0.00135999 -0.000214578 -0.000897383 0.00301471 -0.00344159 0.00824276 -0.00600143 -0.0129023 -0.000784715 0.0101906 0.0134536 9.59047e-05 -0.00489474 0.00507619 0.00836837 0.00218902 0.0208531 -0.00103813
internal_weight=7458.4 619.991 6838.41 113.81 594.789 306.735 247.251 59.4841 228.179 40.6152 6724.6 1606.68 1591.92 1247.85 1219.76 480.591 739.164 289.315 568.584 188.985 68.0309 46.1918 180.138 47.9269 191.276 170.581 144.574 102.312 33.4888 5117.92
internal_count=56092 3785 52307 526 3643 1902 1557 345 1427 256 51781 10804 10683 8471 8262 3263 4999 1924 3819 1328 506 286 1206 322 1339 1180 988 686 234 40977
cat_boundaries=0 1 2 3 4 5
cat_threshold=464 908 652 14 28
is_linear=0
shrinkage=0.05


Tree=98
num_leaves=31
num_cat=5
split_feature=12 20 2 4 4 2 18 12 4 15 15 2 20 20 20 11 11 2 1 4 16 4 15 4 2 2 4 16 4 16
split_gain=4.94963 7.11944 5.17904 5.14629 6.72475 5.69951 5.05318 8.7384 8.05213 7.10629 7.39348 11.4238 6.83864 6.15314 6.06738 5.36634 4.9837 4.89127 7.74723 6.25926 5.10781 4.84123 6.13998 6.9155 5.50471 4.63678 4.47357 8.91772 9.73419 7.21075
threshold=38.500000000000007 0 6.6836425076371482 26.885000000000002 20.785000000000004 6.1850144953629203 1 21.500000000000004 4.285000000000001 1.0000000180025095e-35 42.500000000000007 7.1197205835015067 2 3 4 0.228416149068323 0.42716889962661991 7.070826056039615 16.500000000000004 10.565000000000003 0.19821083743842369 19.865000000000006 28.500000000000004 20.295000000000005 6.5416070328349534 8.288675212392997 21.745000000000001 0.19157369242779082 20.145000000000003 0.34650159489633175
decision_type=2 1 2 2 2 2 1 2 2 2 2 2 1 1 1 2 2 2 2 2 2 2 2 2 2 2 2 2 2 2
left_child=2 26 -1 4 21 -6 7 8 -4 -9 13 14 -8 -11 -12 -15 -7 18 19 -10 -21 -3 24 -24 -23 -5 27 -2 29 -29
right_child=1 3 6 25 5 16 12 9 17 10 11 -13 -14 15 -16 -17 -18 -19 -20 20 -22 22 23 -25 -26 -27 -28 28 -30 -31
leaf_value=0.0038188539039332534 -0.0072649130896801977 0.00021025141628662892 -0.016868361637830474 0.0044911217304654336 -0.022392958624340251 -0.0070635656299645484 -0.012148759844618728 0.02481836470509189 0.021814995966103253 -0.0092891812178151345 0.018228613946591313 0.024846700163518722 -0.00076795410626795966 -0.002977357210237661 -0.0088544641861514391 0.01060976414667043 0.012839341649468686 0.026158121928986668 0.031219214618208414 -0.028499420938489659 0.0061385288884827924 0.052657198857418513 0.023163911241985351 -0.029189336248323702 0.012245134621705903 0.033171403327691057 -0.0086923708497743165 -0.00060445960477273179 0.029809723200690787 0.031310407256444676
leaf_weight=1500.3271678574383 478.18963448144495 1905.2958035208285 19.794405527412891 437.66466919891536 51.097166599705815 216.78133746236563 151.24054911732674 27.083044089376926 18.453822571784258 240.2236815970391 16.717310408130288 64.201262529939413 736.17180632054806 246.59819960780442 72.998089304193854 101.87290431186557 35.822701290249825 69.351860595867038 24.500188291072845 21.855509258806705 19.366581752896309 12.477644324302672 10.63074925914407 12.833131888881324 24.815830443054438 13.598446052521465 353.93200045824051 539.49262333475053 28.723131727427244 17.297782234847546
leaf_count=10995 4226 15945 111 3303 505 1841 1061 152 106 1541 103 455 5165 1740 500 544 215 393 141 126 103 114 103 119 191 89 2543 3461 180 90
internal_value=0.000207687 -0.000946885 0.00164216 0.000554335 -0.000413913 -0.00732568 -0.000143095 0.00239277 0.0125264 0.000128596 -0.000804005 0.00891787 -0.00283257 -0.00335664 -0.00262921 0.000985528 -0.00420156 0.016401 0.00814939 -0.00168045 -0.0124662 0.000656946 0.0144347 -0.00549244 0.0267882 0.00542681 -0.00380379 -0.00220627 0.00193046 0.000441393
internal_weight=7469.41 4138.65 3330.76 2721.02 2269.75 303.701 1830.43 943.017 173.322 769.694 742.611 153.917 887.412 588.695 89.7154 348.471 252.604 153.528 84.1761 59.6759 41.2221 1966.05 60.7574 23.4639 37.2935 451.263 1417.64 1063.7 585.514 556.79
internal_count=56161 32925 23236 22425 19033 2561 12241 6015 980 5035 4883 1058 6226 3825 603 2284 2056 869 476 335 229 16472 527 222 305 3392 10500 7957 3731 3551
cat_boundaries=0 1 2 3 4 5
cat_threshold=389 12 192 92 644
is_linear=0
shrinkage=0.05


Tree=99
num_leaves=31
num_cat=2
split_feature=9 17 18 1 12 16 16 4 4 9 4 4 16 1 4 9 15 9 15 1 2 4 11 15 2 17 1 17 18 4
split_gain=5.53944 5.2196 5.73183 7.6959 5.89424 5.20201 7.3062 6.6989 8.48872 5.20451 5.03374 5.45771 4.81546 10.2519 4.87532 4.65506 7.95765 7.38132 5.31996 4.67585 7.70381 4.63331 5.5375 4.99019 4.41064 5.77275 6.00591 6.10522 5.2951 4.90791
threshold=1.0000000180025095e-35 5.808352676296737 0 7.5000000000000009 47.500000000000007 0.1447318167141993 0.15117119860112158 20.145000000000003 15.345000000000001 1764.5000000000002 29.335000000000004 24.585000000000004 0.20643975155279506 6.5000000000000009 30.715000000000003 3244.5000000000005 66.500000000000014 22.500000000000004 25.500000000000004 15.500000000000002 5.6921821160212849 4.7250000000000005 0.21886405109489054 6.5000000000000009 5.9171180846167273 6.027470963512914 21.500000000000004 6.2582804266951069 1 23.955000000000002
decision_type=2 2 1 2 2 2 2 2 2 2 2 2 2 2 2 2 2 2 2 2 2 2 2 2 2 2 2 2 1 2
left_child=-1 2 3 5 10 7 9 8 -2 -7 11 15 14 -14 21 16 17 18 19 -4 -21 -8 23 -23 29 -26 -27 -28 -29 -3
right_child=1 24 4 -5 -6 6 12 -9 -10 -11 -12 -13 13 -15 -16 -17 -18 -19 -20 20 -22 22 -24 -25 25 26 27 28 -30 -31
leaf_value=0.0024925507550390882 -0.0082722492007171623 0.015462890489644882 -0.0060465072233201432 -0.0051193696512391697 -0.019507180280895837 0.059711093122150838 0.022927894927830289 -0.034973085396377314 0.050561368598063275 0.0096006977903254631 0.010856998386462226 -0.032518407913762239 0.0080364192266641748 0.059639210322513014 0.027832606776286784 0.035329843671443567 -0.026298020054494844 0.032565484079825291 -0.019037918559453738 0.045966667492816186 -0.00075752959475918489 0.016251716340565395 0.011447232817769732 -0.028000477235827406 -0.0097308316141042489 -0.00026765777864708873 0.027461971314592576 -0.009743557504344089 0.0074447206630443427 -0.009413352088311398
leaf_weight=2044.4696513507515 28.649585546925664 87.427145212888718 89.971481874585152 386.84575041942298 93.731520444154739 10.848801378160717 10.224155604839323 14.893407605588434 6.7364509310573331 10.015486989170311 41.311803247779608 19.547468105331063 77.993131324648857 10.062230776995419 10.740464139729736 5.7746687009930602 41.648824706673622 13.017243549227713 48.59977432526648 12.068923309445379 27.049422655254602 6.9131816066801539 17.516033120453358 38.496361093595624 148.22639605402946 3812.398388184607 31.494829766452312 45.809458270668983 235.56146387010813 24.821156397461891
leaf_count=13559 621 566 1490 7476 1787 188 144 309 150 163 602 357 788 127 140 117 740 227 917 141 593 130 235 660 938 20903 206 287 1305 147
internal_value=0.000276116 -0.000562042 -0.00377688 -0.000731568 -0.00841507 0.00621346 0.00994058 -0.00799433 0.00400969 0.0371959 -0.00516483 -0.00776554 0.00643741 0.0145366 -0.00213503 -0.00560616 -0.00677057 -0.002391 -0.00511977 0.000226204 0.0144444 -0.00685115 -0.0119726 -0.0210585 0.000188277 -6.97991e-05 0.000279609 0.00692789 0.00454032 0.00992753
internal_weight=7452.86 5408.4 1022.66 629.935 392.721 243.089 192.81 50.2794 35.386 20.8643 298.99 257.678 171.946 88.0554 83.8902 238.13 232.356 190.707 177.69 129.09 39.1183 73.1497 62.9256 45.4095 4385.74 4273.49 4125.26 312.866 281.371 112.248
internal_count=56013 42454 18102 11131 6971 3655 2575 1080 771 351 5184 4582 2224 915 1309 4225 4108 3368 3141 2224 734 1169 1025 790 24352 23639 22701 1798 1592 713
cat_boundaries=0 1 2
cat_threshold=14 16
is_linear=0
shrinkage=0.05


Tree=100
num_leaves=31
num_cat=6
split_feature=8 11 17 2 0 20 17 15 20 16 19 16 20 20 16 15 1 15 2 17 3 17 16 11 16 1 2 11 20 11
split_gain=5.24301 9.46309 11.9945 8.19781 5.9235 7.02235 6.47392 6.57772 9.12013 6.46341 5.57994 5.40457 10.5453 6.96552 5.22113 5.1853 5.10092 6.27276 5.44696 5.03727 12.2634 6.41135 6.0394 5.02761 5.00685 4.99404 4.96433 4.89726 9.66786 6.44908
threshold=1.0000000180025095e-35 0.12005586592178773 5.5019722061349379 5.3530895979138053 1.5000000000000002 0 5.6139307012688153 23.500000000000004 1 0.14735919754004864 2 0.29384047957732168 3 4 0.27562475759534588 13.500000000000002 7.5000000000000009 69.500000000000014 5.6689667119647309 5.9306258395239668 1.5000000000000002 5.7347480527381469 0.17032875356350968 0.091047250621718714 0.18670184433761158 3.5000000000000004 6.3273026541001816 0.14369552114830406 5 0.12516318537859009
decision_type=2 2 2 2 2 1 2 2 1 2 1 2 1 1 2 2 2 2 2 2 2 2 2 2 2 2 2 2 1 2
left_child=1 2 14 -2 5 9 -7 8 25 -5 -10 13 -13 -6 16 -14 17 18 -1 20 21 -15 26 -4 -12 -8 -22 28 29 -3
right_child=3 27 23 4 11 6 7 -9 10 -11 24 12 15 19 -16 -17 -18 -19 -20 -21 22 -23 -24 -25 -26 -27 -28 -29 -30 -31
leaf_value=-0.036066293258387783 0.034179005597622152 0.046690723737345619 -0.0007481878986084294 0.0066653683977703623 8.1807123294936257e-05 -0.0099462207543357852 0.036059052068198698 0.028968842031207372 0.010448112005532152 -0.016809758010726272 -0.022455339439227145 0.016125568021121375 -0.044140710370064895 -0.009747581099312435 0.017324579639987427 -0.010718929542450489 -0.017321859207630085 0.03734843952355317 -0.0034196086435616512 0.0054952953367762101 0.024177136584609085 0.026981880419654478 0.020170759351161555 -0.011652093320645381 0.00088810879155931514 0.0087137573595872011 0.077933840696131115 0.00069980859653643571 -0.0016628564469880623 0.01402191416393826
leaf_weight=13.625092620030044 19.201799793168902 17.339762508869171 1796.8075641021132 37.650910852476954 579.49972294084728 88.021067881956697 20.164898350834846 26.178771771490574 29.86403401941061 124.56865620799363 56.64345359057188 21.368159409612417 19.065263889729977 49.558860834687948 14.315297968685625 29.663237199187279 214.69122342392802 7.3626663573086253 103.45287795551121 712.44304917752743 9.9381485469639319 14.532519310712813 68.960260350257158 111.33810936659575 38.066368952393532 84.528862744569778 8.8849796056747419 2913.6226848680526 133.40591164492071 97.20641721226275
leaf_count=200 168 153 11751 373 3394 1757 94 148 171 1144 319 105 98 664 218 160 5854 183 2381 3249 91 75 725 781 198 472 153 19211 1077 835
internal_value=0.000321495 -0.0004912 -0.00295999 0.00248243 0.0021643 -0.0025174 0.00162955 0.00570507 0.00293445 -0.0106983 -0.00614245 0.00372874 -0.00973909 0.00438888 -0.011407 -0.0203315 -0.0126672 -0.00456254 -0.00749218 0.00718919 0.0155176 -0.00113272 0.02755 -0.00139019 -0.0119167 0.0130384 0.052203 0.00127519 0.00800641 0.017789
internal_weight=7461.97 5423.17 2261.59 2038.8 2019.6 505.687 343.467 255.446 229.268 162.22 124.574 1513.91 70.0967 1443.82 353.447 48.7285 339.132 124.441 117.078 864.318 151.875 64.0914 87.7834 1908.15 94.7098 104.694 18.8231 3161.57 247.952 114.546
internal_count=56202 42644 21368 13558 13390 4676 3159 1402 1254 1517 688 8714 363 8351 8836 258 8618 2764 2581 4957 1708 739 969 12532 517 566 244 21276 2065 988
cat_boundaries=0 1 2 3 4 5 6
cat_threshold=561 76 9 48 228 556
is_linear=0
shrinkage=0.05


Tree=101
num_leaves=31
num_cat=2
split_feature=17 19 4 4 12 4 16 12 12 17 4 3 2 1 11 4 17 10 9 16 12 18 16 16 4 4 12 4 16 2
split_gain=4.79038 5.15103 7.08179 11.168 12.3395 8.33837 18.761 8.9799 7.54791 6.19613 5.50315 7.14382 8.98053 5.42476 5.27094 5.22566 4.89235 5.61911 5.06071 6.28581 4.80695 5.73845 4.72328 4.7189 6.50006 5.145 5.49215 4.58199 4.45543 4.39968
threshold=6.1091475727630327 0 9.4550000000000018 6.5150000000000006 24.500000000000004 13.455000000000002 0.25325037125037125 50.500000000000007 29.500000000000004 5.6905958763462836 29.335000000000004 3.5000000000000004 6.0382407798453048 21.500000000000004 0.42716889962661991 20.785000000000004 6.0159864107368284 5.5000000000000009 4.5000000000000009 0.22478945578231299 19.500000000000004 1 0.22987846938775514 0.1682140092611791 23.755000000000006 25.435000000000006 40.500000000000007 5.2150000000000007 0.13061117602121067 6.860611259118377
decision_type=2 1 2 2 2 2 2 2 2 2 2 2 2 2 2 2 2 2 2 2 2 1 2 2 2 2 2 2 2 2
left_child=1 2 3 8 -5 6 7 -4 27 14 15 13 -13 -12 -6 22 17 18 19 -10 21 -2 28 -17 -25 26 -26 -1 -3 -30
right_child=20 10 5 4 9 -7 -8 -9 16 -11 11 12 -14 -15 -16 23 -18 -19 -20 -21 -22 -23 -24 24 25 -27 -28 -29 29 -31
leaf_value=0.024845033106281625 -0.0088626426829263531 -0.014435044002037201 -0.025439866917586419 0.062467737441378748 -0.0018588814573645242 0.00080444299781741154 0.024153841269628606 0.015549200213506212 -0.01927681489003075 0.02993921248957216 0.0026291457741957208 -0.004380754697200632 0.055960027620186752 -0.034840634959496054 0.034336083067294597 -0.026594560745372933 0.019350019031691701 0.012517103598619668 -0.037573402641953385 0.014066145237025474 0.00028015559838076663 0.010867711309537545 -0.011164393761248023 -0.021912429385654381 0.046351945958505725 -0.0081389712770298401 -0.0042460929598771213 -0.0068218808838814305 0.002143756518292711 -0.0089364502980290115
leaf_weight=34.571889743208885 38.410338431596756 63.577652502804995 112.47141768597066 13.229735115543006 60.448775170370936 466.95632586069405 27.651751976460218 14.471024136990307 48.565027069300413 33.750746004283428 108.76358126662672 10.983886288478972 12.674487909302114 9.592067947611211 11.045530959963797 52.363567823544145 13.574338249862192 19.132166422903538 21.308697180822492 18.942879484966397 5264.8685198277235 192.07113123685122 191.79341818578541 45.165595563128591 10.491478165611626 34.948110420256853 9.7673135139048082 16.293437959626317 378.87785951420665 116.24485779181123
leaf_count=411 168 1571 1699 128 1164 6165 233 250 825 207 1315 78 187 127 143 1002 84 302 358 217 28004 861 1835 539 111 419 122 195 4825 2502
internal_value=-0.000166375 -0.00228954 0.000474012 0.00690512 0.018654 -0.00253416 -0.0125589 -0.0206822 -0.00123035 0.0126103 -0.00466004 0.00442108 0.028904 -0.000674035 0.00412957 -0.00614271 -0.00799147 -0.0115757 -0.0168471 -0.00985195 0.00059026 0.00764213 -0.00441519 -0.0145472 -0.00806183 0.00345781 0.022905 0.0147654 -0.00208249 -0.000470422
internal_weight=7453.01 1957.66 912.414 290.863 118.475 621.551 154.594 126.942 172.388 105.245 1045.24 142.014 23.6584 118.356 71.4943 903.23 121.523 107.949 88.8166 67.5079 5495.35 230.481 750.494 152.736 100.372 55.2069 20.2588 50.8653 558.7 495.123
internal_count=56047 27014 12381 4034 1642 8347 2182 1949 2392 1514 14633 1707 265 1442 1307 12926 1786 1702 1400 1042 29033 1029 10733 2193 1191 652 233 606 8898 7327
cat_boundaries=0 1 2
cat_threshold=10 2
is_linear=0
shrinkage=0.05


Tree=102
num_leaves=31
num_cat=5
split_feature=19 20 17 12 2 18 16 4 16 4 12 12 2 20 17 18 11 0 17 16 4 4 16 16 2 10 16 15 16 16
split_gain=7.58459 4.64391 6.28534 7.63428 6.32415 8.37531 7.66745 6.06008 6.2462 5.29111 4.66235 4.64306 6.15968 4.35324 7.68736 6.52981 7.39148 6.7464 10.9979 7.5947 6.40722 5.51335 9.40647 6.28415 5.20218 10.8009 5.55467 4.81897 4.69902 6.17659
threshold=0 1 6.8196614948686687 52.500000000000007 6.6387641048882191 2 0.23479134199134202 30.715000000000003 0.24992316210920865 56.245000000000012 29.500000000000004 27.500000000000004 6.0164619912069517 3 7.3658824109867433 4 0.30798149219201859 1.5000000000000002 6.2096056067488989 0.14410974064020857 30.365000000000006 10.665000000000001 0.20447742733457022 0.1682140092611791 6.0823330588518045 5.5000000000000009 0.15963655969634236 21.500000000000004 0.17842638072178027 0.14208570851877989
decision_type=1 1 2 2 2 1 2 2 2 2 2 2 2 1 2 1 2 2 2 2 2 2 2 2 2 2 2 2 2 2
left_child=13 2 3 4 5 -2 -6 8 10 -3 11 12 -7 15 24 17 28 19 27 -1 21 22 23 -16 25 -15 -27 -19 29 -17
right_child=1 9 -4 -5 6 7 -8 -9 -10 -11 -12 -13 -14 14 20 16 -18 18 -20 -21 -22 -23 -24 -25 -26 26 -28 -29 -30 -31
leaf_value=0.025848560036983388 0.00022985042339574883 -0.00073691978417979613 -2.9850291967028842e-05 0.013042268097758138 -0.020391374662246192 0.019510028538647053 0.00084754277339861702 0.0093819775847401674 -0.034056839997843057 0.01966368919708935 -0.01716997660114691 0.027282530884532748 -0.021658187851851519 -0.01642062663159918 0.018550342960625146 0.0089467552481761244 -0.0057465064994628792 0.066967067061300664 0.012173880976500366 -0.018502305197416 0.032159601905968387 -0.0026734649246186203 0.036777564987592944 -0.016475849378282368 -0.00029673079447585813 -0.0030294612807246664 0.037425153941288279 0.018218407372997771 0.0087454498620374004 -0.0051116021759195695
leaf_weight=13.420626718550919 326.04161614365876 3734.7267387639731 592.47806745767593 44.931838052347302 167.1797188129276 13.068745400756596 56.756943384185433 26.410318253561854 37.242376996204257 31.056946432217956 107.74298597499728 11.87467818520963 24.903961852192879 131.0781288985163 25.261318527162075 129.4207743499428 209.03974144533277 14.227842058986427 111.05623725056648 28.265262207016349 24.707612678408623 96.093031778931618 29.738844066858292 23.999442711472511 846.04542094655335 18.554687583819032 14.42544826492667 9.0677823256701213 375.66524570807815 193.87817898020148
leaf_count=146 2436 28774 3018 425 2237 118 444 189 237 214 1073 109 194 1090 139 1310 1232 160 524 243 111 455 129 113 6536 195 97 108 2514 1626
internal_value=-0.000423678 -0.00148337 -0.00392307 -0.00679383 -0.00796489 -0.00505247 -0.0150285 -0.0122616 -0.0158545 -0.000562005 -0.0113652 0.00127249 -0.00735261 0.00196416 -0.000105782 0.00425229 0.00245681 0.0128243 0.0189679 -0.00395265 0.00882938 0.00537328 0.0150722 0.00149758 -0.0018812 -0.010001 0.015246 0.0495226 0.00494998 0.000526375
internal_weight=7468.36 5174.41 1408.63 816.153 771.221 547.285 223.937 221.243 194.833 3765.78 157.59 49.8474 37.9727 2293.95 1209.9 1084.04 908.004 176.038 134.352 41.6859 199.8 175.093 78.9996 49.2608 1010.1 164.058 32.9801 23.2956 698.964 323.299
internal_count=56196 39468 10480 7462 7037 4356 2681 1920 1731 28988 1494 421 312 16728 8865 7863 6682 1181 792 389 947 836 381 252 7918 1382 292 268 5450 2936
cat_boundaries=0 1 2 3 4 5
cat_threshold=12 148 22 220 8
is_linear=0
shrinkage=0.05


Tree=103
num_leaves=31
num_cat=2
split_feature=1 17 20 15 4 2 1 15 12 12 15 20 4 15 15 15 1 2 12 2 2 9 1 2 4 1 2 1 2 1
split_gain=4.99311 4.16184 7.99157 5.07235 5.61646 4.90271 8.8669 9.59046 9.12313 4.90422 4.74691 5.32396 11.9381 6.16342 5.93598 6.48138 7.77475 5.13872 4.82153 5.90319 9.25696 5.83996 5.74025 9.82655 6.60633 5.46074 6.09455 5.44539 5.2537 4.59032
threshold=4.5000000000000009 5.7738680802913134 0 52.500000000000007 3.7150000000000003 7.1549004725067222 8.5000000000000018 22.500000000000004 46.500000000000007 52.500000000000007 57.500000000000007 1 24.185000000000006 142.50000000000003 354.50000000000006 90.500000000000014 13.500000000000002 5.585167838918113 47.500000000000007 7.2681149260506119 6.7110649845175621 3.5000000000000004 18.500000000000004 7.0863574273355532 6.705000000000001 18.500000000000004 7.2887364182552004 14.500000000000002 7.0164930851283742 18.500000000000004
decision_type=2 2 1 2 2 2 2 2 2 2 2 1 2 2 2 2 2 2 2 2 2 2 2 2 2 2 2 2 2 2
left_child=-1 2 3 4 -2 9 -7 8 -8 -6 18 12 13 -12 15 16 -13 -16 19 20 29 25 24 -24 -22 26 27 -20 -26 -4
right_child=1 -3 10 -5 5 6 7 -9 -10 -11 11 14 -14 -15 17 -17 -18 -19 21 -21 22 -23 23 -25 28 -27 -28 -29 -30 -31
leaf_value=0.0023736072716632069 -0.019512533044323783 -4.0337882305158638e-05 -0.012195221066679286 -0.017481565013780061 0.0058551503310784094 -0.016461092535494905 0.026682829187801405 -0.0080688499669151065 0.089488041991041725 -0.027272398864671511 0.018691238682556652 -0.031886932175676223 0.0719124043930469 -0.034344238437144362 0.037423519221349219 -0.035408564016690243 0.042060528270954273 -0.0012475305650532238 -0.018717905651876785 -0.019088440965900573 -0.014135504505176522 -0.033426493997919152 -0.030863371666620249 0.036487671031828199 0.035581935565583249 -0.030762789301268426 0.032135335919283935 0.014754245160871156 0.0043602531445374503 0.0030028569629078168
leaf_weight=1768.4095114115626 19.97618174366653 4687.2990464195609 192.9974346999079 25.614015650004148 192.0501085948199 11.252183644101022 19.594832997769121 10.223574992269276 8.1546183452010137 10.874252015724776 17.802109694108371 5.6627730354666692 7.6172198448330155 6.7380381394177666 8.6234111338853818 24.149901563301682 6.6729798316955566 79.533862637355924 40.501019002869725 71.673752218484879 13.217739362269638 37.882709028199315 17.078254476189617 6.7844422552734605 36.158773578703403 22.43355693295598 9.6624128371477109 16.323834978044033 21.626323688775301 66.326375339180231
leaf_count=11631 380 25862 3054 489 3108 231 390 243 177 184 325 107 135 165 104 451 114 1655 772 1642 289 823 365 136 745 454 232 316 455 1063
internal_value=5.35765e-05 -0.000667191 -0.00358148 0.00326636 0.00539572 0.00743833 0.0214337 0.0327969 0.0476099 0.00395489 -0.00641158 0.00117103 0.016344 0.00335463 -0.00383783 -0.0208146 0.00826906 0.00291253 -0.00867692 -0.00610256 -0.00342839 -0.0172074 0.00986739 -0.0110173 0.0169419 -0.0100027 -0.00264601 -0.00901363 0.02417 -0.00831146
internal_weight=7462.92 5694.51 1007.21 297.74 272.126 252.15 49.2252 37.973 27.7495 202.924 709.467 156.8 32.1574 24.5401 124.643 36.4857 12.3358 88.1573 552.667 425.863 354.189 126.804 94.8655 23.8627 71.0028 88.9208 66.4873 56.8249 57.7851 259.324
internal_count=56097 44466 18604 5202 4713 4333 1041 810 567 3292 13402 3056 625 490 2431 672 221 1759 10346 7749 6107 2597 1990 501 1489 1774 1320 1088 1200 4117
cat_boundaries=0 1 2
cat_threshold=400 526
is_linear=0
shrinkage=0.05


Tree=104
num_leaves=31
num_cat=3
split_feature=8 11 14 2 20 17 2 11 20 16 16 4 16 16 16 9 16 20 2 15 1 4 17 2 15 17 15 4 2 15
split_gain=6.81078 8.00048 6.29703 6.6348 6.3113 6.05834 5.59646 5.09822 15.1803 5.54998 10.2002 10.0482 8.36462 5.42186 10.6199 6.01229 7.40014 5.21782 7.50489 5.49239 8.64032 6.47368 5.39408 5.28656 5.14522 7.94049 5.29652 5.11907 7.35207 5.88792
threshold=1.0000000180025095e-35 0.10773836941501615 1.0000000180025095e-35 6.4592704505920695 0 5.5019722061349379 6.9008817099882735 0.14399296865643588 1 0.14292248495196705 0.16369577604587901 8.6450000000000014 0.18737777777777781 0.1447318167141993 0.17414280770887627 20.500000000000004 0.14411072457557836 2 6.4592704505920695 11.500000000000002 9.5000000000000018 17.135000000000002 6.345381942463594 7.0082429415110594 102.50000000000001 6.8799112056992771 73.500000000000014 6.705000000000001 6.3273026541001816 17.500000000000004
decision_type=2 2 2 2 1 2 2 2 1 2 2 2 2 2 2 2 2 1 2 2 2 2 2 2 2 2 2 2 2 2
left_child=1 5 3 -2 -5 -1 -6 8 13 11 -11 -10 -12 15 -15 -3 -17 18 22 20 -20 -22 -9 27 26 -26 -21 28 29 -19
right_child=2 7 -4 4 6 -7 -8 17 9 10 12 -13 -14 14 -16 16 -18 23 19 24 21 -23 -24 -25 25 -27 -28 -29 -30 -31
leaf_value=-0.0095068262996094322 0.024236623165251495 -0.020603088700236704 0.001525953282035551 -0.0089082716490959998 -0.002779933559328986 -0.0022139746856515087 0.026492709143845411 -0.00054662815228444738 0.039269083811258196 -0.030165756160790189 0.028302127477044511 -0.0056726499479475773 -0.01199861699093481 0.047813258126021163 0.0072276976817825661 0.024248235138283347 -0.0064413208232621463 -0.013799832298424658 -0.020276370085231157 0.0088942606927695563 0.023369126360935639 -0.011274502011610276 -0.020295466975489951 -0.0047317847886452396 -0.031586549960119462 0.013938385719236208 0.030687047355944748 0.0020033538204032582 -0.012484835986732994 0.012111528871074452
leaf_weight=335.86748899519444 63.144479017704725 13.007945816963909 1843.5087448786944 48.32910331338644 26.862250261008739 1849.2667151018977 39.955918151885271 199.10381095483899 16.202740434557199 43.28824895247817 18.760056214407086 44.195934485644102 35.975701581686735 33.412682870402932 31.104275155812502 61.844902144744992 28.056483957916498 30.061465283855796 44.113443952053785 387.16369137912989 31.902969863265753 22.051534526050091 40.857371166348457 758.35867281444371 18.104795683175325 18.359177589416504 29.307225048542023 1084.2856757771224 159.12434764951468 73.883573051542044
leaf_count=8568 345 142 12446 256 151 12127 225 1357 139 368 149 382 264 300 240 566 250 199 241 2219 196 129 198 4869 135 83 159 7510 1118 579
internal_value=-7.83054e-05 -0.00100398 0.00239684 0.011343 0.00412458 -0.00333876 0.0129479 0.000579738 0.00649931 -0.00472923 -0.0123242 0.00682678 0.00207397 0.0163963 0.0286555 0.0100868 0.0147051 -8.81709e-05 0.00334708 0.00659984 -0.00409535 0.00926255 -0.00397947 -0.00138882 0.00891945 -0.00890506 0.0104977 0.000484588 -0.00575915 0.00455773
internal_weight=7429.46 5407.66 2021.8 178.292 115.147 2185.13 66.8182 3222.53 325.849 158.423 98.024 60.3987 54.7358 167.426 64.517 102.909 89.9014 2896.68 790.964 551.003 98.0679 53.9545 239.961 2105.71 452.935 36.464 416.471 1347.36 263.069 103.945
internal_count=55910 42487 13423 977 632 20695 376 21792 2800 1302 781 521 413 1498 540 958 816 18992 4717 3162 566 325 1555 14275 2596 218 2378 9406 1896 778
cat_boundaries=0 1 2 3
cat_threshold=113 558 592
is_linear=0
shrinkage=0.05


Tree=105
num_leaves=31
num_cat=7
split_feature=16 19 4 4 16 20 4 8 16 15 20 19 12 2 4 20 12 19 0 16 2 1 16 4 15 16 15 19 15 0
split_gain=4.18151 4.68782 4.93346 19.6678 5.43568 7.97333 5.35884 4.56631 4.93397 5.80016 4.76919 4.54247 4.60338 4.48551 4.44202 7.10506 7.89272 5.33883 5.87357 5.44919 5.42645 8.22618 5.24593 5.11255 5.03822 4.57577 4.45641 4.17487 5.14517 5.09496
threshold=0.23956988795518211 0 10.125000000000002 10.385000000000003 0.24994061624649863 1 28.685000000000006 1.0000000180025095e-35 0.28222858731924366 10.500000000000002 2 3 43.500000000000007 6.7943233883339653 31.855000000000004 4 52.500000000000007 5 1.5000000000000002 0.12774963438558948 7.1120380792870881 7.5000000000000009 0.19153976499690789 47.685000000000009 25.500000000000004 0.18742322970224082 11.500000000000002 6 12.500000000000002 2.5000000000000004
decision_type=2 1 2 2 2 1 2 2 2 2 1 1 2 2 2 1 2 1 2 2 2 2 2 2 2 2 2 1 2 2
left_child=14 -2 7 -4 5 6 -5 -3 9 10 -9 13 -13 -7 -1 16 17 19 -19 -16 22 -22 23 -21 25 -20 -24 28 -6 -30
right_child=1 2 3 4 27 11 -8 8 -10 -11 -12 12 -14 -15 15 -17 -18 18 24 20 21 -23 26 -25 -26 -27 -28 -29 29 -31
leaf_value=-0.001196224380231791 0.00950996954290401 -0.0046915257269629033 0.051104153987745121 -0.011020588843235646 -0.028525206587207277 0.015876095770835385 0.018527042573584826 0.01424250469888404 -0.0090545750757302732 0.027716035209826573 -0.014584587360895863 0.017257622169979059 -0.01202560701101648 0.041663778680995717 0.04233899622263089 -0.0022286090415412382 -0.023589647953259012 -0.017880651792055283 0.013782067095743047 0.0086174327892262047 0.053507042380165439 0.010575078737300077 0.0099190132518437567 0.038938343984388446 0.029175164433852426 -0.018274674701976187 -0.021940644448240253 0.0019091543888734505 -0.022349362082457372 0.0038740304161031178
leaf_weight=5082.799050077796 178.4301957115531 463.76479956880212 20.030974090099335 60.373716667294502 24.408800106495619 36.81509842351079 19.487710643559694 17.475974667817354 32.878411911427975 36.711795229464769 17.931554671376944 27.721954703330994 24.24545182287693 33.627178328111768 16.912518078461289 293.8190321456641 16.776246452704072 29.80295280367136 23.20980616286397 71.97029161080718 17.726823482662439 29.216872107237577 20.409704636782408 16.528498400002718 19.429182827472687 19.610146053135395 21.701133519411087 676.88898163102567 24.210885044187307 69.016704015433788
leaf_count=41916 964 2661 113 364 137 238 103 104 172 199 101 161 156 197 159 2161 125 260 135 541 103 201 121 116 112 106 134 3644 167 374
internal_value=-5.63685e-05 0.00206938 0.00115936 0.00325144 0.00223957 0.00953573 -0.00326649 -0.00255962 0.00681223 0.0140706 -0.00045006 0.0167539 0.00305048 0.0250859 -0.000716815 0.00335923 0.00855416 0.0108093 2.19826e-05 0.0151149 0.0131456 0.0275649 0.00779299 0.0146521 0.00874387 -0.00098089 -0.00662744 0.000372452 -0.00790594 -0.00310101
internal_weight=7443.93 1764.02 1585.59 1016.83 996.796 202.271 79.8614 568.763 104.998 72.1193 35.4075 122.41 51.9674 70.4423 5679.91 597.113 303.294 286.518 92.0521 194.466 177.553 46.9437 130.61 88.4988 62.2491 42.82 42.1108 794.525 117.636 93.2276
internal_count=56045 9855 8891 5654 5541 1219 467 3237 576 404 205 752 317 435 46190 4274 2113 1988 613 1375 1216 304 912 657 353 241 255 4322 678 541
cat_boundaries=0 1 2 3 4 5 6 7
cat_threshold=8 593 920 3 816 19 1
is_linear=0
shrinkage=0.05


Tree=106
num_leaves=31
num_cat=7
split_feature=10 9 9 9 20 15 11 9 9 20 19 9 1 0 10 20 15 15 2 2 2 4 20 19 15 12 11 20 1 4
split_gain=5.07268 10.7486 7.23314 13.897 8.02538 7.13363 8.6869 7.09282 7.00122 6.95127 7.02277 6.59285 6.22724 6.67532 6.63182 7.02679 6.09005 5.96158 5.81919 6.72087 8.6844 5.71966 5.57308 5.76024 5.73292 9.50024 4.95485 4.88383 6.33941 9.19967
threshold=2.5000000000000004 1.5000000000000002 38.500000000000007 35.500000000000007 0 16.500000000000004 0.045804195804195813 42.500000000000007 2.5000000000000004 1 2 23.500000000000004 15.500000000000002 1.5000000000000002 1.0000000180025095e-35 3 20.500000000000004 23.500000000000004 6.2706670184370177 7.2280727263131066 6.8472406510597139 3.4650000000000003 4 5 13.500000000000002 29.500000000000004 0.47896783315659247 6 16.500000000000004 31.465000000000003
decision_type=2 2 2 2 1 2 2 2 2 1 1 2 2 2 2 1 2 2 2 2 2 2 1 1 2 2 2 1 2 2
left_child=1 12 3 21 -4 22 8 -6 9 -7 18 -8 -1 -14 17 -16 -10 -15 -11 20 -20 -2 23 24 -3 -26 -9 -23 -29 -30
right_child=2 5 4 -5 7 6 11 26 16 10 -12 -13 13 14 15 -17 -18 -19 19 -21 -22 27 -24 -25 25 -27 -28 28 29 -31
leaf_value=-0.00053451695847276748 -0.011462259931390523 0.0037418123292176104 -0.019385262690318237 0.037816621749745517 -0.023538514161483393 -0.014619077532469269 -0.0029190201505879913 0.0007452208630333967 -0.0015345058886784479 0.039361813870155492 -0.01048448253823326 0.028968757836152239 -0.0029611747879985423 0.0062453615932790401 0.014978834270603345 -0.012671376758299619 -0.016635183657487677 0.019742186399190165 0.012158239103312549 0.027355864288557935 -0.030241108031563071 -0.00031762278766293752 -0.0037428174807285879 -0.0041736395078481939 -0.0090766416154549941 0.029224547232728351 0.031463927171237402 0.012538877106110822 -0.0063144372146273636 0.032619789113060814
leaf_weight=2209.2239303607494 51.975177740678191 250.90119636617601 43.300390508025885 31.483476512134075 28.934097535908222 63.317246440798044 812.16386668756604 875.43751868419349 83.100159516558051 16.179229810833931 44.916289977729321 15.544351942837237 249.79725507646799 601.27898257039487 22.125832092016935 73.132855553179979 343.27761232666671 94.159078162163496 31.197015807032585 25.359877398237586 18.346885923296213 238.75095170922577 517.75226909853518 154.76536129415035 21.598920809105039 59.233892887830734 12.328178163617848 317.60960246436298 106.34703255072236 16.670203059911728
leaf_count=15362 322 1898 402 215 196 631 5911 7225 831 164 409 182 2673 3759 131 413 3870 621 268 194 155 1510 4130 1271 156 453 67 1847 657 96
internal_value=-0.000201289 -0.000919093 0.00217579 0.0058068 -0.000712523 -0.00341352 -0.0056515 0.000396564 -0.0100929 -0.00234136 0.00420027 -0.00228593 0.000967832 0.00415514 0.00640423 -0.00592043 -0.0137026 0.00809849 0.0117913 0.00694939 -0.00383058 0.00437907 -0.000172211 0.00362997 0.00728773 0.0190044 0.00120673 0.00560607 0.00862121 -0.000817933
internal_weight=7430.21 5707.37 1722.84 762.836 960 2457.65 1453.4 916.7 625.694 199.317 135.999 827.708 3249.72 1040.49 790.697 95.2587 426.378 695.438 91.083 74.9038 49.5439 731.353 1004.25 486.499 331.734 80.8328 887.766 679.378 440.627 123.017
internal_count=56019 43482 12537 4647 7890 20523 12615 7488 6522 1821 1190 6093 22959 7597 4924 544 4701 4380 781 617 423 4432 7908 3778 2507 609 7292 4110 2600 753
cat_boundaries=0 1 2 3 4 5 6 7
cat_threshold=384 646 14 644 728 14 43
is_linear=0
shrinkage=0.05


Tree=107
num_leaves=31
num_cat=2
split_feature=2 18 16 16 2 17 4 15 2 10 0 4 15 16 4 4 10 17 16 4 16 18 1 17 4 4 15 15 4 2
split_gain=5.58638 3.59738 7.73253 5.27066 3.78329 3.52675 7.85944 3.88474 4.31588 3.58992 4.47592 8.04539 5.08866 6.56023 6.30289 6.12926 5.93739 5.47135 4.77678 10.6801 6.94704 5.94871 5.52826 10.6329 7.83618 4.63935 8.84902 7.18434 12.7073 9.87933
threshold=8.9415198586045168 0 0.37496650469711701 0.35410430839002277 6.7309703663611167 5.4621354193492992 29.335000000000004 88.500000000000014 6.0823330588518045 17.500000000000004 2.5000000000000004 2.2550000000000003 29.500000000000004 0.14594817093956772 22.085000000000004 14.715000000000002 3.5000000000000004 8.4721340752570651 0.2013927929316279 31.855000000000004 0.18737777777777781 1 7.5000000000000009 6.5630089058090446 8.5550000000000015 25.915000000000003 1.5000000000000002 16.500000000000004 15.025 8.0556877455350069
decision_type=2 1 2 2 2 2 2 2 2 2 2 2 2 2 2 2 2 2 2 2 2 1 2 2 2 2 2 2 2 2
left_child=1 2 3 -1 -5 6 -3 8 -8 10 11 -7 17 -14 15 -15 -16 18 19 20 21 22 -12 24 -24 27 -27 28 29 -13
right_child=-2 5 -4 4 -6 9 7 -9 -10 -11 12 25 13 14 16 -17 -18 -19 -20 -21 -22 -23 23 -25 -26 26 -28 -29 -30 -31
leaf_value=0.0012142999006600199 0.019958093378853986 -0.0073355614669117011 0.022336861174810322 -0.0011283707627282814 -0.030858871223828174 0.017659398371132475 -0.015299218367307896 0.035186560893871607 0.013288216813628304 0.0050865248366795393 -0.008191193582344351 -0.013994864418949517 0.019395494847155376 -0.0061995523524222837 0.020281217810806867 -0.026900674869230312 -0.011289124055336141 0.026205211798546093 0.0053875974955773023 0.022697111343821779 -0.019326340735236747 -0.010880168975614585 0.022772716028020654 0.027180298931592097 -0.016528415885928596 0.020312667364913495 -0.012122049656293257 0.002212374121896378 0.0041460924801590936 0.01240167925645933
leaf_weight=3888.5728663131595 35.057256715372205 437.18378567323089 42.019205294549465 20.959806017577648 21.030515745282173 45.694601338356733 17.77805407345295 11.930425863713024 43.798857120797038 279.65101569518447 54.343729317188263 339.64150584489107 24.502335868775845 130.42426932603121 33.696107432246208 48.749163322150707 25.233176238834858 23.994849592447281 553.08855733275414 37.931335851550102 66.217811219394207 88.669016510248184 17.732770450413227 52.43110716342926 38.369706317782402 22.10146103054285 244.13268408179283 526.39035510271788 205.986851811409 38.789781659841537
leaf_count=27581 215 9842 207 101 102 297 245 210 816 1615 318 2076 193 694 169 259 125 105 2681 187 355 433 119 310 252 105 1408 3479 1225 185
internal_value=0.000325335 0.000229395 0.00124998 0.00102211 -0.0163901 -0.000960969 -0.00479066 0.0102404 0.00492206 -0.000287935 -0.000863724 -0.00275785 0.00139108 -0.00474535 -0.00730033 -0.0119499 0.00680018 0.0031219 0.00248429 -0.00203266 -0.00504659 -0.0012259 0.00445613 0.0112125 -0.00392492 -0.00344769 -0.00936354 -0.00202265 -0.00583444 -0.0112636
internal_weight=7416.1 7381.05 3972.58 3930.56 41.9903 3408.46 510.691 73.5073 61.5769 2897.77 2618.12 1422.74 1195.38 262.605 238.103 179.173 58.9293 932.779 908.784 355.695 317.764 251.546 162.877 108.534 56.1025 1377.04 266.234 1110.81 584.418 378.431
internal_count=55909 55694 27991 27784 203 27703 11113 1271 1061 16590 14975 8775 6200 1440 1247 953 294 4760 4655 1974 1787 1432 999 681 371 8478 1513 6965 3486 2261
cat_boundaries=0 1 2
cat_threshold=12 17
is_linear=0
shrinkage=0.05


Tree=108
num_leaves=31
num_cat=3
split_feature=19 20 3 17 12 16 16 11 9 11 9 12 2 2 16 20 17 1 12 2 17 2 17 1 11 2 17 16 2 2
split_gain=3.95027 5.13886 5.30988 6.27584 6.5583 5.27339 5.23583 4.99404 4.93841 8.38645 5.70184 4.77905 8.64908 8.59844 4.76226 8.47085 7.77805 8.65962 6.85238 7.01825 13.4141 6.11079 6.90163 5.17059 5.50557 4.83461 5.68961 4.64379 4.60327 4.45144
threshold=0 1 1.5000000000000002 6.2174141553163649 40.500000000000007 0.169546037019459 0.29384047957732168 0.29442724458204339 9.5000000000000018 0.28642149929278643 3.5000000000000004 45.500000000000007 6.4385193548475064 6.9008817099882735 0.14411072457557836 2 6.1202754404459254 6.5000000000000009 50.500000000000007 6.6057037924715747 6.330513817426727 6.9150932892019048 6.5883485938525075 16.500000000000004 0.15353513902048554 6.7755430159072292 7.1626571529564869 0.17151600703372835 6.4662846832177889 6.2790934931046314
decision_type=1 1 2 2 2 2 2 2 2 2 2 2 2 2 2 1 2 2 2 2 2 2 2 2 2 2 2 2 2 2
left_child=1 2 3 -1 5 -5 8 14 10 29 11 13 -13 -4 15 16 17 -3 23 20 -20 22 -18 24 -16 -17 -27 -26 -12 -10
right_child=-2 7 6 4 -6 -7 -8 -9 9 -11 28 12 -14 -15 18 25 21 -19 19 -21 -22 -23 -24 -25 27 26 -28 -29 -30 -31
leaf_value=0.021714025240789511 -0.00082887503346934076 0.062155887560535583 0.007692150493297867 -0.022546372516838036 0.013507818856912364 0.0034849128575097674 -0.01738284984734766 0.0051962610214946027 -0.026161453935729901 -0.042365432533661838 -0.0036193550764279884 -0.012000008924691533 0.023608434926351021 -0.016731235604140453 -0.0016735896841374887 -0.020586339930661876 0.0096378016470770479 0.014313152722367235 -0.015264436274821666 -0.022720619351874895 0.042245459561079182 0.017753345749461264 -0.024750422058786404 0.0045987706212313644 -0.030905916453794754 0.023340045818440829 -0.01459558306541129 -0.0074637606752179734 0.028238144499077352 0.006148032153778296
leaf_weight=85.838724726811051 5149.7595389913768 13.283281095325945 84.341969050467014 26.8786381483078 115.20783593505621 63.70223680138588 32.503927029669285 371.30705393478274 12.240028684958814 13.319182273000477 14.945523735135792 24.001840364187956 53.885845255106688 61.411120090633631 532.27864643186331 40.482038142159581 31.071078687906265 30.620674712583423 33.67915621958673 79.106767892837524 13.330544404685496 48.831145070493221 25.874821595847607 261.14906481094658 28.89872970059514 18.384541820734739 19.213411092758179 75.399113580584526 43.410626014694571 53.720081370323896
leaf_count=973 39352 226 613 147 595 292 167 2129 119 74 125 197 378 398 3815 488 215 614 327 576 76 298 170 1950 236 269 121 478 291 400
internal_value=-5.87478e-05 0.00165541 0.00525212 0.0104305 0.00564167 -0.00440136 0.00153343 0.000111268 0.0032786 -0.00768063 0.00637589 0.00270652 0.0126223 -0.00264221 -0.00139933 0.00512513 0.0116316 0.02985 -0.00285432 -0.01372 0.0015839 0.00495051 -0.00614484 -0.0013143 -0.00374349 -0.00781942 0.00407818 -0.0141909 0.0201556 -0.000148709
internal_weight=7458.08 2308.32 685.408 291.627 205.789 90.5809 393.78 1622.91 361.276 79.2793 281.997 223.641 77.8877 145.753 1251.6 227.761 149.681 43.904 1023.84 126.116 47.0097 105.777 56.9459 897.726 636.576 78.08 37.598 104.298 58.3561 65.9601
internal_count=56109 16757 4769 2007 1034 439 2762 11988 2595 593 2002 1586 575 1011 9859 2401 1523 840 7458 979 403 683 385 6479 4529 878 390 714 416 519
cat_boundaries=0 1 2 3
cat_threshold=12 208 808
is_linear=0
shrinkage=0.05


Tree=109
num_leaves=31
num_cat=3
split_feature=18 16 4 12 1 1 16 4 12 16 20 19 4 4 15 2 4 1 2 2 2 16 12 2 2 15 4 16 4 3
split_gain=6.93775 7.40385 4.89858 4.50283 7.12934 15.3551 9.21881 6.99992 7.44077 5.22022 4.93744 9.35988 7.05553 9.53508 6.74468 8.96942 7.59403 6.36729 6.22262 6.91502 5.96246 5.0352 5.015 4.98318 6.05937 4.73454 4.68645 7.69643 4.63677 7.53064
threshold=0 0.10276332533013206 4.0750000000000011 41.500000000000007 4.5000000000000009 8.5000000000000018 0.31975053742427212 1.925 29.500000000000004 0.29384047957732168 1 2 6.245000000000001 7.495000000000001 8.5000000000000018 7.4149613600590216 18.055000000000003 9.5000000000000018 6.9859331719499389 7.2994121546752604 6.3992519562746635 0.20315058967512242 50.500000000000007 6.6387641048882191 6.4385193548475064 51.500000000000007 20.945000000000004 0.18670184433761158 13.455000000000002 3.5000000000000004
decision_type=1 2 2 2 2 2 2 2 2 2 1 1 2 2 2 2 2 2 2 2 2 2 2 2 2 2 2 2 2 2
left_child=-1 2 -2 4 9 6 28 8 -7 -3 11 12 21 -14 20 25 17 -17 23 -20 -13 -5 -21 24 26 -16 27 -15 29 -6
right_child=1 3 -4 10 5 7 -8 -9 -10 -11 -12 14 13 18 15 16 -18 -19 19 22 -22 -23 -24 -25 -26 -27 -28 -29 -30 -31
leaf_value=0.002232721405545572 0.017684660388462153 0.0075155144071436877 -0.016292278038163618 0.012361411557718714 -0.022064935547788187 0.04465482390997555 0.022473228493663188 0.0013071583576635907 -0.0022330832940871278 -0.010676417838596963 -0.0034125040227634845 0.0071694340378829144 -0.034642026787094889 0.037435094624874939 -0.0010653392375313843 0.055931190705301739 -0.0085749659098624999 0.012062435436414422 0.038704916321189164 -2.0712644982512228e-05 -0.023623405473173306 0.047380474372048537 0.033161544540383656 -0.016373034828900172 0.03137929662045516 -0.024117792184216391 -0.022209306600281347 -0.01356959099768896 -0.0059213659737148948 0.0066733722744662886
leaf_weight=2789.8521860949695 10.913883820176123 488.00348283536732 109.62447537854314 24.663829516619444 141.14099772833288 18.34867917560041 20.249840725213289 1334.4587570615113 14.87513120472431 42.023898005485535 1757.5793854873627 20.381725220009685 12.777996258810161 12.789404764771463 118.42156994715333 14.667826443910597 16.479519663378596 19.051800601184368 26.930954923853278 45.196482289582491 62.392621481791139 17.894148433580995 14.221083667129276 31.320160426199436 18.015456864610314 26.462613984942436 17.030039159581065 15.136442586779593 181.44629350677133 26.673158314079046
leaf_count=19748 143 3165 1500 240 1110 124 105 10046 120 210 13953 199 111 178 1059 100 115 159 217 336 490 128 114 260 161 258 170 120 1343 201
internal_value=0.000265904 -0.000914856 -0.0130957 -0.000590555 0.000985597 -0.000563931 -0.00959336 0.0018808 0.0242101 0.00605575 -0.00216354 0.00213178 0.00924924 0.00551331 -0.00403489 0.000911579 0.0189126 0.0322064 0.00852887 0.0181441 -0.0160461 0.0278354 0.0083386 -0.000374423 0.00771439 -0.00541225 -0.00224546 0.010276 -0.0115114 -0.0174847
internal_weight=7449.02 4659.17 120.538 4538.63 2267.22 1737.19 369.51 1367.68 33.2238 530.027 2271.41 513.834 235.976 193.418 277.858 195.083 50.1991 33.7196 180.64 86.3485 82.7743 42.558 59.4176 94.2915 62.9713 144.884 44.9559 27.9258 349.26 167.814
internal_count=56183 36435 1643 34792 16424 13049 2759 10290 244 3375 18368 4415 2035 1667 2380 1691 374 259 1556 667 689 368 450 889 629 1317 468 298 2654 1311
cat_boundaries=0 1 2 3
cat_threshold=4 194 13
is_linear=0
shrinkage=0.05


Tree=110
num_leaves=31
num_cat=2
split_feature=11 10 18 9 15 4 17 1 17 16 2 8 17 11 15 12 16 19 4 4 12 4 2 12 0 12 17 9 9 4
split_gain=5.15986 8.33111 5.27886 5.19127 5.44449 8.71258 14.6314 5.92367 5.53992 5.92586 9.23684 10.2191 6.2709 5.26355 8.99265 7.86276 8.09069 7.66172 9.41876 9.3536 6.49467 6.19471 6.75154 5.41683 7.81127 6.1281 5.45082 11.6274 5.35553 5.77588
threshold=0.55684754521963831 4.5000000000000009 0 1.5000000000000002 20.500000000000004 11.405000000000003 6.3376837699663477 22.500000000000004 6.5759192783660501 0.22982025974025977 5.8264277435661169 1.0000000180025095e-35 6.0036648153098273 0.11143790849673203 20.500000000000004 27.500000000000004 0.27326100498338873 1 6.1650000000000009 17.265000000000004 47.500000000000007 11.795000000000002 6.5543606630636022 39.500000000000007 1.5000000000000002 29.500000000000004 6.7251116701729474 5.5000000000000009 2.5000000000000004 16.015000000000004
decision_type=2 2 1 2 2 2 2 2 2 2 2 2 2 2 2 2 2 1 2 2 2 2 2 2 2 2 2 2 2 2
left_child=3 2 -2 4 8 6 -6 -7 9 -1 -11 12 -12 14 15 21 23 18 -16 -20 -21 -5 -23 24 -17 -26 -25 -28 -27 -30
right_child=1 -3 -4 13 5 7 -8 -9 -10 10 11 -13 -14 -15 17 16 -18 -19 19 20 -22 22 -24 26 25 28 27 -29 29 -31
leaf_value=0.0015861154583106465 -0.0076421171723923074 0.023137450486348007 0.0049405677707260662 -0.023528323858561694 -0.0045303539615467328 0.002461828134230298 0.023445779455518626 -0.030430753568009717 -0.0015524618233846519 0.037004619364012108 9.77062220884824e-05 -0.0015336299147148513 0.037804069704964249 0.00022622680370627449 -0.021110085820548973 -0.005088815199725167 0.034447641712277981 -0.011002081471355632 0.015469880950925328 -0.015374873536417031 0.015430426382244143 0.019440653220985652 -0.012306233431410234 -0.0073226084859149172 -0.0029341489378346378 0.011205894389152812 -0.00054524640946100025 0.036628254034843669 0.056092843874951774 0.01607261370232093
leaf_weight=919.70935475826263 89.861706150695682 55.237536057829857 510.29548805579543 52.18548871204257 69.515624092891812 285.07405506260693 139.86299388855696 13.376490663737057 1279.6367833614349 28.453660517930984 16.404704224318266 116.84134044498205 32.666434682905674 2557.3636617902666 40.847231550142169 56.129482965916395 19.159653916954994 477.2451876103878 99.567374583333731 61.828951764851809 22.610694348812103 25.112521698698401 45.700880523771048 181.28530296683311 25.59784616343677 36.694437706843019 131.4032389447093 24.038591742515564 20.126736393198371 17.65815170109272
leaf_count=9327 550 273 2860 459 867 2151 739 96 6285 199 236 851 182 17897 421 646 121 5308 1035 574 225 231 357 2394 208 281 817 170 169 131
internal_value=0.00049838 0.00473174 0.00300204 8.94911e-05 0.00169017 0.00638713 0.0141801 0.000890891 0.000691455 0.00326792 0.0111771 0.00655256 0.0254524 -0.00110318 -0.00364394 0.000667708 0.00339735 -0.00753949 0.000299772 0.00515711 -0.00704198 -0.0106326 -0.000933913 0.00212317 0.00978699 0.0180981 -0.00145051 0.00540091 0.0252698 0.0382867
internal_weight=7451.49 655.395 600.157 6796.1 2901.54 507.829 209.379 298.451 2393.71 1114.08 194.366 165.912 49.0711 3894.56 1337.19 635.092 512.093 702.099 224.854 184.007 84.4396 122.999 70.8134 492.934 156.207 100.077 336.727 155.442 74.4793 37.7849
internal_count=56060 3683 3410 52377 20933 3853 1606 2247 17080 10795 1468 1269 418 31444 13547 5984 4937 7563 2255 1834 799 1047 588 4816 1435 789 3381 987 581 300
cat_boundaries=0 1 2
cat_threshold=16 12
is_linear=0
shrinkage=0.05


Tree=111
num_leaves=31
num_cat=3
split_feature=1 1 20 15 15 0 12 15 17 11 17 20 4 15 4 11 11 4 4 11 0 4 11 9 20 17 12 17 1 4
split_gain=4.3571 4.23457 8.77908 5.87543 8.4202 5.59615 5.05705 4.58364 8.72507 6.20081 4.61983 7.42236 4.1277 3.61912 5.97078 4.88405 4.56046 6.90299 4.33136 4.20107 5.44041 3.51873 3.49719 6.43792 4.29025 5.75204 8.27192 7.85332 7.00125 8.56957
threshold=4.5000000000000009 6.5000000000000009 0 52.500000000000007 35.500000000000007 2.5000000000000004 23.500000000000004 3236.5000000000005 7.2388272394731485 0.14472406236187166 8.4721340752570651 1 52.585000000000008 7.5000000000000009 7.9350000000000014 0.1461176131577781 0.40072992700729931 22.085000000000004 14.205000000000002 0.10355340622371742 2.5000000000000004 4.0750000000000011 0.50252525252525271 14.500000000000002 2 7.1364752529825397 45.500000000000007 6.646942310611319 15.500000000000002 12.095000000000001
decision_type=2 2 1 2 2 2 2 2 2 2 2 1 2 2 2 2 2 2 2 2 2 2 2 2 1 2 2 2 2 2
left_child=12 2 13 4 6 -5 -4 10 9 -9 22 -12 -1 14 -2 19 17 18 -17 20 -15 -8 -3 24 25 26 28 -28 29 -24
right_child=1 7 3 5 -6 -7 21 8 -10 -11 11 -13 -14 15 -16 16 -18 -19 -20 -21 -22 -23 23 -25 -26 -27 27 -29 -30 -31
leaf_value=0.0018649351789123967 0.019121035746203888 -0.00067317351719186702 0.010452206022162583 0.032051014701095663 -0.035722629904077562 -0.0070324123994989635 -0.028451689117739994 0.0054930848107859849 0.023539491410849957 -0.029692003383236566 0.029362825023553293 -0.0011620878381175916 0.023864724075061492 -0.0026714125846646372 -0.020616933478999587 -0.0091534309035011079 0.012773570956300443 0.018618630314503434 -0.042974116281632106 0.032234844224627725 0.026075154274362956 -0.0090934264027171877 0.027710510726873423 0.032043753655546722 0.006576500965861664 -0.019186807958695831 0.001971511804658438 0.042609709654875552 -0.022358396277463343 -0.013176293245207063
leaf_weight=1739.1291568949819 12.333722136914728 4458.458316013217 29.925273437052965 14.939627027139066 31.309381756931543 20.864687696099281 25.17904956266284 16.794299591332674 13.019057795405386 45.210334930568933 23.496157750487328 53.5371910110116 20.595311101526022 44.247957084327936 32.134931931272149 31.163861609995365 33.203462857753038 14.783271146938203 13.105272345244883 23.459911925718188 25.054999524727464 259.70407764427364 22.235241588205099 18.451476223766804 263.48875049874187 42.824744895100594 30.513923481106758 18.585148021578789 41.17781675979495 27.657142642885447
leaf_count=11501 90 36076 173 154 255 142 205 170 65 487 106 256 115 461 235 246 184 103 107 224 143 1967 135 100 1516 182 231 82 255 169
internal_value=-3.76885e-05 -0.00071051 -0.00463803 -0.00913502 -0.0113693 0.0097032 -0.00884174 -0.000236565 -0.0124215 -0.020226 -5.13015e-05 0.0120193 0.00213582 0.00311442 -0.00941717 0.00632821 -0.00182088 -0.010103 -0.0198937 0.0143657 0.00794436 -0.0108979 -0.000242565 0.00387931 0.00264637 -0.00320099 0.0015576 0.0178975 -0.00735051 0.00523193
internal_weight=7446.58 5686.86 611.409 381.922 346.118 35.8043 314.808 5075.45 75.0237 62.0046 5000.43 77.0333 1759.72 229.487 44.4687 185.019 92.2559 59.0524 44.2691 92.7629 69.303 284.883 4923.39 464.934 446.483 182.994 140.169 49.0991 91.0702 49.8924
internal_count=56135 44519 4689 2896 2600 296 2345 39830 722 657 39108 362 11616 1793 325 1468 640 456 353 828 604 2172 38746 2670 2570 1054 872 313 559 304
cat_boundaries=0 1 2 3
cat_threshold=560 84 216
is_linear=0
shrinkage=0.05


Tree=112
num_leaves=31
num_cat=6
split_feature=4 3 16 17 18 16 4 9 12 20 17 4 4 10 20 4 12 20 17 16 11 4 12 20 15 17 19 15 9 0
split_gain=3.83681 5.20636 5.66758 5.59068 5.78283 6.99531 5.51893 7.2905 5.31997 5.5156 6.26089 6.70569 5.86091 5.14067 6.38794 9.0929 4.96909 5.67552 4.83159 6.70677 9.41162 5.69509 5.85002 5.00314 5.38229 4.80055 4.31151 6.4065 4.91615 4.21303
threshold=26.625000000000004 2.5000000000000004 0.33953123667377405 1.0000000180025095e-35 0 0.23956988795518211 11.795000000000002 5.5000000000000009 51.500000000000007 1 6.5883485938525075 15.245000000000003 7.9350000000000014 1.5000000000000002 2 30.715000000000003 46.500000000000007 3 7.5257720395222378 0.15117119860112158 0.39932432432432435 17.925000000000004 28.500000000000004 4 11.500000000000002 6.3942260030832641 5 28.500000000000004 86.500000000000014 1.5000000000000002
decision_type=2 2 2 2 1 2 2 2 2 1 2 2 2 2 1 2 2 1 2 2 2 2 2 1 2 2 1 2 2 2
left_child=1 3 18 4 -1 -6 7 -7 -5 26 11 -11 -12 -2 15 -15 29 -18 -3 -20 21 22 -21 -24 -25 -4 -10 -28 -29 -16
right_child=13 2 25 8 5 6 -8 -9 9 10 12 -13 -14 14 16 -17 17 -19 19 20 -22 -23 23 24 -26 -27 27 28 -30 -31
leaf_value=0.00068939425340085409 0.0007765904651883984 -0.0029675969406771927 -0.034347148209540344 0.00094613454363230644 -0.013119813165015757 -0.030377669187022383 0.025465639405092666 0.023119480020101866 -0.0026997098355771364 -0.0025966193894281404 0.010017596681020662 0.036818263162117497 -0.022463737485714577 0.021595016026373089 0.024368031141311433 -0.015905464836324806 0.010835577565340752 -0.012380001520334945 0.020811922337026879 -0.022653244005958008 0.023088109478067532 -0.023793423575157957 0.020939961297892246 0.012424549262990435 -0.015519780271271775 -0.0050137460237052664 0.02611918528005577 -0.011216676725384907 0.02144069983132238 0.0097452333319855144
leaf_weight=346.00685476511717 887.60043870843947 1494.1901367139071 24.060400169342756 3503.3664704449475 218.52514468505979 14.286740241572263 22.359201088547707 9.9848242159932834 36.563133433461189 27.634430699050426 20.051737323403358 16.578885704278946 40.953204266726971 21.468927634879947 79.518334399908781 56.882752306759357 50.100628912448883 35.35705166682601 50.002978399395943 21.95045094192028 35.144779175519943 31.697396337985992 22.873011089861393 30.525594428181648 37.054996006190777 32.378754898905754 91.43194268271327 25.554803669452667 19.385646834969521 133.35923247970641
leaf_count=6415 6223 12218 158 19146 5746 265 383 148 202 179 112 110 234 141 681 366 376 241 294 99 147 148 108 145 182 137 523 162 113 705
internal_value=0.00034821 -0.000165918 -0.0024464 0.000758461 -0.00367478 -0.00903723 0.00807136 -0.00832604 0.00147574 0.00811882 -0.00136525 0.0126704 -0.0117981 0.00285646 0.00774229 -0.00487327 0.0108607 0.00101969 -0.00193027 0.00481428 0.000260838 -0.00542723 -8.39167e-05 0.00558082 -0.00253134 -0.017899 0.0131843 0.0173267 0.00303057 0.0152958
internal_weight=7436.85 6172.56 1779.88 4392.68 611.163 265.156 46.6308 24.2716 3781.52 278.154 105.218 44.2133 61.0049 1264.29 376.687 78.3517 298.335 85.4577 1723.44 229.249 179.246 144.101 112.404 90.4536 67.5806 56.4392 172.936 136.372 44.9405 212.878
internal_count=56107 47374 13636 33738 12957 6542 796 413 20781 1635 635 289 346 8733 2510 507 2003 617 13341 1123 829 682 534 435 327 295 1000 798 275 1386
cat_boundaries=0 1 2 3 4 5 6
cat_threshold=12 440 196 544 24 4
is_linear=0
shrinkage=0.05


end of trees

feature_importances:
pincode_hist_rto_rate=376
discount_pct=339
address_len=311
order_hour=272
log_order_value=272
state=248
cod_x_log_value=243
customer_prior_rto_rate=221
pincode_hist_orders=214
customer_prior_orders=155
category=149
city_tier=126
courier=126
customer_prior_rto=103
is_first_order=89
num_items=44
is_cod=42
is_night_order=17
address_has_landmark=15
is_high_discount=13
address_has_house_no=13
payment_mode=2

parameters:
[boosting: gbdt]
[objective: binary]
[metric: auc,binary_logloss]
[tree_learner: serial]
[device_type: cpu]
[data_sample_strategy: bagging]
[data: ]
[valid: ]
[num_iterations: 2000]
[learning_rate: 0.05]
[num_leaves: 31]
[num_threads: 0]
[seed: 42]
[deterministic: 0]
[force_col_wise: 0]
[force_row_wise: 0]
[histogram_pool_size: -1]
[max_depth: -1]
[min_data_in_leaf: 100]
[min_sum_hessian_in_leaf: 0.001]
[bagging_fraction: 0.8]
[pos_bagging_fraction: 1]
[neg_bagging_fraction: 1]
[bagging_freq: 1]
[bagging_seed: 400]
[bagging_by_query: 0]
[feature_fraction: 0.8]
[feature_fraction_bynode: 1]
[feature_fraction_seed: 30056]
[extra_trees: 0]
[extra_seed: 12879]
[early_stopping_round: 0]
[early_stopping_min_delta: 0]
[first_metric_only: 1]
[max_delta_step: 0]
[lambda_l1: 0]
[lambda_l2: 1]
[linear_lambda: 0]
[min_gain_to_split: 0]
[drop_rate: 0.1]
[max_drop: 50]
[skip_drop: 0.5]
[xgboost_dart_mode: 0]
[uniform_drop: 0]
[drop_seed: 17869]
[top_rate: 0.2]
[other_rate: 0.1]
[min_data_per_group: 100]
[max_cat_threshold: 32]
[cat_l2: 10]
[cat_smooth: 10]
[max_cat_to_onehot: 4]
[top_k: 20]
[monotone_constraints: ]
[monotone_constraints_method: basic]
[monotone_penalty: 0]
[feature_contri: ]
[forcedsplits_filename: ]
[refit_decay_rate: 0.9]
[cegb_tradeoff: 1]
[cegb_penalty_split: 0]
[cegb_penalty_feature_lazy: ]
[cegb_penalty_feature_coupled: ]
[path_smooth: 0]
[interaction_constraints: ]
[verbosity: -1]
[saved_feature_importance_type: 0]
[use_quantized_grad: 0]
[num_grad_quant_bins: 4]
[quant_train_renew_leaf: 0]
[stochastic_rounding: 1]
[linear_tree: 0]
[max_bin: 255]
[max_bin_by_feature: ]
[min_data_in_bin: 3]
[bin_construct_sample_cnt: 200000]
[data_random_seed: 175]
[is_enable_sparse: 1]
[enable_bundle: 1]
[use_missing: 1]
[zero_as_missing: 0]
[feature_pre_filter: 1]
[pre_partition: 0]
[two_round: 0]
[header: 0]
[label_column: ]
[weight_column: ]
[group_column: ]
[ignore_column: ]
[categorical_feature: 18,19,20,21]
[forcedbins_filename: ]
[precise_float_parser: 0]
[parser_config_file: ]
[objective_seed: 16083]
[num_class: 1]
[is_unbalance: 0]
[scale_pos_weight: 1]
[sigmoid: 1]
[boost_from_average: 1]
[reg_sqrt: 0]
[alpha: 0.9]
[fair_c: 1]
[poisson_max_delta_step: 0.7]
[tweedie_variance_power: 1.5]
[lambdarank_truncation_level: 30]
[lambdarank_norm: 1]
[label_gain: ]
[lambdarank_position_bias_regularization: 0]
[eval_at: ]
[multi_error_top_k: 1]
[auc_mu_weights: ]
[num_machines: 1]
[local_listen_port: 12400]
[time_out: 120]
[machine_list_filename: ]
[machines: ]
[gpu_platform_id: -1]
[gpu_device_id: -1]
[gpu_device_id_list: ]
[gpu_use_dp: 0]
[num_gpu: 1]

end of parameters

pandas_categorical:[["beauty", "electronics", "fashion", "footwear", "home"], ["Bluedart", "Delhivery", "Ecom Express", "Shadowfax", "Xpressbees"], ["Bihar", "Delhi", "Gujarat", "Karnataka", "Kerala", "Maharashtra", "Rajasthan", "Tamil Nadu", "Uttar Pradesh", "West Bengal"], ["COD", "PREPAID"]]
